DatGeracaoConjuntoDados,set_id,set_name,agent,cnpj,indicator,year,month,value
2026-10-05,13836,Hortolandia 1,CPFL-PAULISTA,33050196000188,FEC,2022,2,0.40000000
2026-10-05,13836,Hortolandia 1,CPFL-PAULISTA,33050196000188,NumCon,2022,9,56886.00000000
2026-10-05,13820,Cosmopolis 1,CPFL-PAULISTA,33050196000188,FEC,2022,9,0.08000000
2026-10-05,13843,Piracicaba 4-Unileste,CPFL-PAULISTA,33050196000188,DEC,2022,3,0.35000000
2026-10-05,13820,Cosmopolis 1,CPFL-PAULISTA,33050196000188,FEC,2022,7,0.12000000
2026-10-05,2922,JAGUARIUNA,CPFL JAGUARI,53859112000169,DEC,2022,11,0.71000000
2026-10-05,13817,Campinas 11-Barao Geraldo,CPFL-PAULISTA,33050196000188,FEC,2022,9,0.07000000
2026-10-05,16440,Campinas 5-Andorinha,CPFL-PAULISTA,33050196000188,FEC,2022,2,0.17000000
2026-10-05,13836,Hortolandia 1,CPFL-PAULISTA,33050196000188,FEC,2022,10,0.12000000
2026-10-05,13800,Campinas 9-Paineiras,CPFL-PAULISTA,33050196000188,DEC,2022,1,0.45000000
2026-10-05,13807,Campinas 6-Taquaral,CPFL-PAULISTA,33050196000188,DEC,2022,1,0.61000000
2026-10-05,13457,ARTUR NOGUEIRA,ELEKTRO,02328280000197,FEC,2022,1,0.52000000
2026-10-05,16440,Campinas 5-Andorinha,CPFL-PAULISTA,33050196000188,FEC,2022,7,0.08000000
2026-10-05,16461,Santa Barbara Doeste 1,CPFL-PAULISTA,33050196000188,DEC,2022,8,0.34000000
2026-10-05,13836,Hortolandia 1,CPFL-PAULISTA,33050196000188,FEC,2022,6,0.49000000
2026-10-05,13808,Campinas 1-Centro,CPFL-PAULISTA,33050196000188,DEC,2022,4,0.15000000
2026-10-05,13540,MOGI MIRIM UM,ELEKTRO,02328280000197,NumCon,2022,5,27318.00000000
2026-10-05,16464,Valinhos 2-Figueira,CPFL-PAULISTA,33050196000188,DEC,2022,11,0.61000000
2026-10-05,13817,Campinas 11-Barao Geraldo,CPFL-PAULISTA,33050196000188,DEC,2022,2,0.66000000
2026-10-05,13806,Campinas 8-Viracopos,CPFL-PAULISTA,33050196000188,FEC,2022,2,0.16000000
2026-10-05,13809,Campinas 10-Chapadão,CPFL-PAULISTA,33050196000188,DEC,2022,4,0.13000000
2026-10-05,13810,Campinas 12-Cidade Jardim,CPFL-PAULISTA,33050196000188,FEC,2022,10,0.05000000
2026-10-05,13800,Campinas 9-Paineiras,CPFL-PAULISTA,33050196000188,DEC,2022,9,0.36000000
2026-10-05,13822,Americana 2-Campo Verde,CPFL-PAULISTA,33050196000188,DEC,2022,5,0.42000000
2026-10-05,13820,Cosmopolis 1,CPFL-PAULISTA,33050196000188,NumCon,2022,4,24721.00000000
2026-10-05,16461,Santa Barbara Doeste 1,CPFL-PAULISTA,33050196000188,DEC,2022,3,0.25000000
2026-10-05,13841,Rio das Pedras 1,CPFL-PAULISTA,33050196000188,FEC,2022,4,0.07000000
2026-10-05,13800,Campinas 9-Paineiras,CPFL-PAULISTA,33050196000188,DEC,2022,10,0.53000000
2026-10-05,13818,Paulinia 2-Morumbi,CPFL-PAULISTA,33050196000188,FEC,2022,6,0.04000000
2026-10-05,13836,Hortolandia 1,CPFL-PAULISTA,33050196000188,NumCon,2022,12,57425.00000000
2026-10-05,13837,Hortolandia 2-Morro Azul,CPFL-PAULISTA,33050196000188,DEC,2022,3,0.45000000
2026-10-05,13841,Rio das Pedras 1,CPFL-PAULISTA,33050196000188,FEC,2022,12,0.52000000
2026-10-05,13797,Itatiba 3-Colonial,CPFL-PAULISTA,33050196000188,DEC,2022,9,0.40000000
2026-10-05,13821,Americana 5-Ipe,CPFL-PAULISTA,33050196000188,NumCon,2022,2,25042.00000000
2026-10-05,13457,ARTUR NOGUEIRA,ELEKTRO,02328280000197,FEC,2022,3,0.39000000
2026-10-05,13817,Campinas 11-Barao Geraldo,CPFL-PAULISTA,33050196000188,DEC,2022,6,0.33000000
2026-10-05,16464,Valinhos 2-Figueira,CPFL-PAULISTA,33050196000188,DEC,2022,12,0.57000000
2026-10-05,13540,MOGI MIRIM UM,ELEKTRO,02328280000197,NumCon,2022,12,27513.00000000
2026-10-05,13799,Campinas 2-Souzas,CPFL-PAULISTA,33050196000188,FEC,2022,11,0.47000000
2026-10-05,16464,Valinhos 2-Figueira,CPFL-PAULISTA,33050196000188,DEC,2022,4,0.19000000
2026-10-05,13843,Piracicaba 4-Unileste,CPFL-PAULISTA,33050196000188,DEC,2022,8,0.09000000
2026-10-05,13836,Hortolandia 1,CPFL-PAULISTA,33050196000188,NumCon,2022,5,56181.00000000
2026-10-05,13797,Itatiba 3-Colonial,CPFL-PAULISTA,33050196000188,DEC,2022,8,0.56000000
2026-10-05,13840,Capivari 1,CPFL-PAULISTA,33050196000188,FEC,2022,12,0.09000000
2026-10-05,964,PEDREIRA,CPFL JAGUARI,53859112000169,DEC,2022,9,0.26000000
2026-10-05,13821,Americana 5-Ipe,CPFL-PAULISTA,33050196000188,NumCon,2022,5,25107.00000000
2026-10-05,13809,Campinas 10-Chapadão,CPFL-PAULISTA,33050196000188,NumCon,2022,6,14360.00000000
2026-10-05,16461,Santa Barbara Doeste 1,CPFL-PAULISTA,33050196000188,DEC,2022,7,0.16000000
2026-10-05,2922,JAGUARIUNA,CPFL JAGUARI,53859112000169,FEC,2022,2,0.35000000
2026-10-05,13808,Campinas 1-Centro,CPFL-PAULISTA,33050196000188,DEC,2022,10,0.12000000
2026-10-05,16464,Valinhos 2-Figueira,CPFL-PAULISTA,33050196000188,DEC,2022,8,0.72000000
2026-10-05,13540,MOGI MIRIM UM,ELEKTRO,02328280000197,NumCon,2022,2,27223.00000000
2026-10-05,13806,Campinas 8-Viracopos,CPFL-PAULISTA,33050196000188,FEC,2022,5,0.32000000
2026-10-05,13820,Cosmopolis 1,CPFL-PAULISTA,33050196000188,NumCon,2022,7,24777.00000000
2026-10-05,13821,Americana 5-Ipe,CPFL-PAULISTA,33050196000188,DEC,2022,4,0.31000000
2026-10-05,16464,Valinhos 2-Figueira,CPFL-PAULISTA,33050196000188,DEC,2022,7,0.64000000
2026-10-05,13586,SANTO ANTONIO DA POSSE,ELEKTRO,02328280000197,FEC,2022,2,0.56000000
2026-10-05,16441,Campinas 7-Tanquinho,CPFL-PAULISTA,33050196000188,NumCon,2022,4,21085.00000000
2026-10-05,13840,Capivari 1,CPFL-PAULISTA,33050196000188,FEC,2022,10,0.23000000
2026-10-05,13799,Campinas 2-Souzas,CPFL-PAULISTA,33050196000188,FEC,2022,12,0.50000000
2026-10-05,13800,Campinas 9-Paineiras,CPFL-PAULISTA,33050196000188,DEC,2022,7,0.22000000
2026-10-05,13813,Campinas 16-Jardim Marajo,CPFL-PAULISTA,33050196000188,FEC,2022,10,0.27000000
2026-10-05,964,PEDREIRA,CPFL JAGUARI,53859112000169,DEC,2022,8,0.31000000
2026-10-05,13821,Americana 5-Ipe,CPFL-PAULISTA,33050196000188,NumCon,2022,4,25112.00000000
2026-10-05,16441,Campinas 7-Tanquinho,CPFL-PAULISTA,33050196000188,NumCon,2022,11,20886.00000000
2026-10-05,964,PEDREIRA,CPFL JAGUARI,53859112000169,DEC,2022,4,0.15000000
2026-10-05,13821,Americana 5-Ipe,CPFL-PAULISTA,33050196000188,DEC,2022,11,0.20000000
2026-10-05,13810,Campinas 12-Cidade Jardim,CPFL-PAULISTA,33050196000188,NumCon,2022,11,41456.00000000
2026-10-05,16440,Campinas 5-Andorinha,CPFL-PAULISTA,33050196000188,FEC,2022,8,0.16000000
2026-10-05,13817,Campinas 11-Barao Geraldo,CPFL-PAULISTA,33050196000188,FEC,2022,1,0.43000000
2026-10-05,16440,Campinas 5-Andorinha,CPFL-PAULISTA,33050196000188,FEC,2022,6,0.09000000
2026-10-05,13810,Campinas 12-Cidade Jardim,CPFL-PAULISTA,33050196000188,NumCon,2022,5,41271.00000000
2026-10-05,13813,Campinas 16-Jardim Marajo,CPFL-PAULISTA,33050196000188,FEC,2022,2,0.16000000
2026-10-05,13809,Campinas 10-Chapadão,CPFL-PAULISTA,33050196000188,NumCon,2022,7,14340.00000000
2026-10-05,13799,Campinas 2-Souzas,CPFL-PAULISTA,33050196000188,FEC,2022,1,0.66000000
2026-10-05,13820,Cosmopolis 1,CPFL-PAULISTA,33050196000188,NumCon,2022,3,24693.00000000
2026-10-05,13840,Capivari 1,CPFL-PAULISTA,33050196000188,FEC,2022,6,0.48000000
2026-10-05,13836,Hortolandia 1,CPFL-PAULISTA,33050196000188,NumCon,2022,1,55239.00000000
2026-10-05,13831,Sumare 5-Nova Veneza,CPFL-PAULISTA,33050196000188,DEC,2022,2,0.29000000
2026-10-05,13821,Americana 5-Ipe,CPFL-PAULISTA,33050196000188,DEC,2022,12,0.15000000
2026-10-05,13817,Campinas 11-Barao Geraldo,CPFL-PAULISTA,33050196000188,DEC,2022,10,0.30000000
2026-10-05,13836,Hortolandia 1,CPFL-PAULISTA,33050196000188,FEC,2022,11,0.54000000
2026-10-05,13820,Cosmopolis 1,CPFL-PAULISTA,33050196000188,FEC,2022,8,0.35000000
2026-10-05,13806,Campinas 8-Viracopos,CPFL-PAULISTA,33050196000188,NumCon,2022,6,20551.00000000
2026-10-05,16461,Santa Barbara Doeste 1,CPFL-PAULISTA,33050196000188,NumCon,2022,5,39523.00000000
2026-10-05,13840,Capivari 1,CPFL-PAULISTA,33050196000188,FEC,2022,4,0.20000000
2026-10-05,13813,Campinas 16-Jardim Marajo,CPFL-PAULISTA,33050196000188,FEC,2022,1,0.34000000
2026-10-05,13540,MOGI MIRIM UM,ELEKTRO,02328280000197,NumCon,2022,6,27350.00000000
2026-10-05,13840,Capivari 1,CPFL-PAULISTA,33050196000188,FEC,2022,5,0.24000000
2026-10-05,13813,Campinas 16-Jardim Marajo,CPFL-PAULISTA,33050196000188,FEC,2022,11,0.23000000
2026-10-05,13806,Campinas 8-Viracopos,CPFL-PAULISTA,33050196000188,NumCon,2022,5,20547.00000000
2026-10-05,13821,Americana 5-Ipe,CPFL-PAULISTA,33050196000188,NumCon,2022,8,25141.00000000
2026-10-05,13457,ARTUR NOGUEIRA,ELEKTRO,02328280000197,FEC,2022,5,0.19000000
2026-10-05,16464,Valinhos 2-Figueira,CPFL-PAULISTA,33050196000188,DEC,2022,3,0.73000000
2026-10-05,13826,Americana 4-Jardim,CPFL-PAULISTA,33050196000188,DEC,2022,2,0.25000000
2026-10-05,13811,Campinas 4-Boa Vista,CPFL-PAULISTA,33050196000188,NumCon,2022,6,18405.00000000
2026-10-05,13840,Capivari 1,CPFL-PAULISTA,33050196000188,FEC,2022,2,0.33000000
2026-10-05,13796,Itatiba 2-Cruzeiro,CPFL-PAULISTA,33050196000188,FEC,2022,7,0.19000000
2026-10-05,13586,SANTO ANTONIO DA POSSE,ELEKTRO,02328280000197,DEC,2022,10,0.70000000
2026-10-05,964,PEDREIRA,CPFL JAGUARI,53859112000169,DEC,2022,3,0.34000000
2026-10-05,13840,Capivari 1,CPFL-PAULISTA,33050196000188,DEC,2022,6,0.39000000
2026-10-05,13817,Campinas 11-Barao Geraldo,CPFL-PAULISTA,33050196000188,DEC,2022,4,0.53000000
2026-10-05,13813,Campinas 16-Jardim Marajo,CPFL-PAULISTA,33050196000188,FEC,2022,12,0.94000000
2026-10-05,16461,Santa Barbara Doeste 1,CPFL-PAULISTA,33050196000188,NumCon,2022,8,39592.00000000
2026-10-05,13810,Campinas 12-Cidade Jardim,CPFL-PAULISTA,33050196000188,FEC,2022,6,0.04000000
2026-10-05,13457,ARTUR NOGUEIRA,ELEKTRO,02328280000197,NumCon,2022,6,31624.00000000
2026-10-05,13796,Itatiba 2-Cruzeiro,CPFL-PAULISTA,33050196000188,FEC,2022,8,0.19000000
2026-10-05,16452,Monte Mor 1,CPFL-PAULISTA,33050196000188,DEC,2022,6,0.54000000
2026-10-05,13840,Capivari 1,CPFL-PAULISTA,33050196000188,FEC,2022,7,0.13000000
2026-10-05,13822,Americana 2-Campo Verde,CPFL-PAULISTA,33050196000188,DEC,2022,2,0.15000000
2026-10-05,13796,Itatiba 2-Cruzeiro,CPFL-PAULISTA,33050196000188,FEC,2022,1,0.44000000
2026-10-05,13457,ARTUR NOGUEIRA,ELEKTRO,02328280000197,FEC,2022,2,0.37000000
2026-10-05,13835,Sumare 3-Quilombo,CPFL-PAULISTA,33050196000188,NumCon,2022,10,30133.00000000
2026-10-05,13832,Sumare 6-Orquidea,CPFL-PAULISTA,33050196000188,FEC,2022,9,0.05000000
2026-10-05,13805,Campinas 3-Trevo,CPFL-PAULISTA,33050196000188,FEC,2022,7,0.28000000
2026-10-05,13813,Campinas 16-Jardim Marajo,CPFL-PAULISTA,33050196000188,FEC,2022,5,0.28000000
2026-10-05,13836,Hortolandia 1,CPFL-PAULISTA,33050196000188,NumCon,2022,7,56483.00000000
2026-10-05,16441,Campinas 7-Tanquinho,CPFL-PAULISTA,33050196000188,NumCon,2022,10,21185.00000000
2026-10-05,13817,Campinas 11-Barao Geraldo,CPFL-PAULISTA,33050196000188,NumCon,2022,1,10480.00000000
2026-10-05,13840,Capivari 1,CPFL-PAULISTA,33050196000188,FEC,2022,8,0.47000000
2026-10-05,964,PEDREIRA,CPFL JAGUARI,53859112000169,DEC,2022,7,0.17000000
2026-10-05,13800,Campinas 9-Paineiras,CPFL-PAULISTA,33050196000188,DEC,2022,4,0.49000000
2026-10-05,16440,Campinas 5-Andorinha,CPFL-PAULISTA,33050196000188,FEC,2022,10,0.55000000
2026-10-05,13796,Itatiba 2-Cruzeiro,CPFL-PAULISTA,33050196000188,FEC,2022,9,0.41000000
2026-10-05,964,PEDREIRA,CPFL JAGUARI,53859112000169,DEC,2022,10,0.34000000
2026-10-05,13810,Campinas 12-Cidade Jardim,CPFL-PAULISTA,33050196000188,NumCon,2022,10,41447.00000000
2026-10-05,2922,JAGUARIUNA,CPFL JAGUARI,53859112000169,DEC,2022,1,0.57000000
2026-10-05,13809,Campinas 10-Chapadão,CPFL-PAULISTA,33050196000188,DEC,2022,12,0.43000000
2026-10-05,13835,Sumare 3-Quilombo,CPFL-PAULISTA,33050196000188,NumCon,2022,11,30060.00000000
2026-10-05,13540,MOGI MIRIM UM,ELEKTRO,02328280000197,DEC,2022,12,0.30000000
2026-10-05,13813,Campinas 16-Jardim Marajo,CPFL-PAULISTA,33050196000188,FEC,2022,4,0.11000000
2026-10-05,13813,Campinas 16-Jardim Marajo,CPFL-PAULISTA,33050196000188,FEC,2022,3,0.61000000
2026-10-05,13586,SANTO ANTONIO DA POSSE,ELEKTRO,02328280000197,FEC,2022,5,0.05000000
2026-10-05,2922,JAGUARIUNA,CPFL JAGUARI,53859112000169,NumCon,2022,3,26293.00000000
2026-10-05,13840,Capivari 1,CPFL-PAULISTA,33050196000188,DEC,2022,4,0.29000000
2026-10-05,13540,MOGI MIRIM UM,ELEKTRO,02328280000197,DEC,2022,10,0.34000000
2026-10-05,13813,Campinas 16-Jardim Marajo,CPFL-PAULISTA,33050196000188,FEC,2022,9,0.10000000
2026-10-05,13793,Nova Odessa 1,CPFL-PAULISTA,33050196000188,FEC,2022,11,0.25000000
2026-10-05,13809,Campinas 10-Chapadão,CPFL-PAULISTA,33050196000188,DEC,2022,11,0.33000000
2026-10-05,13837,Hortolandia 2-Morro Azul,CPFL-PAULISTA,33050196000188,DEC,2022,9,0.68000000
2026-10-05,13834,Sumare 4-Nova Aparecida,CPFL-PAULISTA,33050196000188,NumCon,2022,7,32604.00000000
2026-10-05,13810,Campinas 12-Cidade Jardim,CPFL-PAULISTA,33050196000188,FEC,2022,1,0.09000000
2026-10-05,13813,Campinas 16-Jardim Marajo,CPFL-PAULISTA,33050196000188,FEC,2022,6,0.24000000
2026-10-05,16440,Campinas 5-Andorinha,CPFL-PAULISTA,33050196000188,FEC,2022,4,0.15000000
2026-10-05,13820,Cosmopolis 1,CPFL-PAULISTA,33050196000188,NumCon,2022,12,24898.00000000
2026-10-05,13586,SANTO ANTONIO DA POSSE,ELEKTRO,02328280000197,FEC,2022,6,0.03000000
2026-10-05,13586,SANTO ANTONIO DA POSSE,ELEKTRO,02328280000197,FEC,2022,9,0.94000000
2026-10-05,13819,Paulinia 1,CPFL-PAULISTA,33050196000188,DEC,2022,7,0.46000000
2026-10-05,13806,Campinas 8-Viracopos,CPFL-PAULISTA,33050196000188,FEC,2022,10,0.67000000
2026-10-05,13540,MOGI MIRIM UM,ELEKTRO,02328280000197,NumCon,2022,1,27153.00000000
2026-10-05,13586,SANTO ANTONIO DA POSSE,ELEKTRO,02328280000197,DEC,2022,12,0.43000000
2026-10-05,16452,Monte Mor 1,CPFL-PAULISTA,33050196000188,DEC,2022,5,0.47000000
2026-10-05,13805,Campinas 3-Trevo,CPFL-PAULISTA,33050196000188,FEC,2022,8,0.24000000
2026-10-05,2922,JAGUARIUNA,CPFL JAGUARI,53859112000169,FEC,2022,5,0.27000000
2026-10-05,16464,Valinhos 2-Figueira,CPFL-PAULISTA,33050196000188,DEC,2022,5,0.35000000
2026-10-05,13840,Capivari 1,CPFL-PAULISTA,33050196000188,FEC,2022,3,0.14000000
2026-10-05,13837,Hortolandia 2-Morro Azul,CPFL-PAULISTA,33050196000188,DEC,2022,1,0.48000000
2026-10-05,13805,Campinas 3-Trevo,CPFL-PAULISTA,33050196000188,DEC,2022,4,0.16000000
2026-10-05,2922,JAGUARIUNA,CPFL JAGUARI,53859112000169,NumCon,2022,12,26943.00000000
2026-10-05,16452,Monte Mor 1,CPFL-PAULISTA,33050196000188,DEC,2022,1,0.56000000
2026-10-05,13834,Sumare 4-Nova Aparecida,CPFL-PAULISTA,33050196000188,NumCon,2022,1,32118.00000000
2026-10-05,13826,Americana 4-Jardim,CPFL-PAULISTA,33050196000188,NumCon,2022,4,42399.00000000
2026-10-05,13819,Paulinia 1,CPFL-PAULISTA,33050196000188,DEC,2022,8,0.36000000
2026-10-05,13826,Americana 4-Jardim,CPFL-PAULISTA,33050196000188,NumCon,2022,1,42259.00000000
2026-10-05,13826,Americana 4-Jardim,CPFL-PAULISTA,33050196000188,FEC,2022,8,0.26000000
2026-10-05,13840,Capivari 1,CPFL-PAULISTA,33050196000188,FEC,2022,1,0.30000000
2026-10-05,13457,ARTUR NOGUEIRA,ELEKTRO,02328280000197,FEC,2022,9,0.15000000
2026-10-05,13840,Capivari 1,CPFL-PAULISTA,33050196000188,DEC,2022,10,0.29000000
2026-10-05,13832,Sumare 6-Orquidea,CPFL-PAULISTA,33050196000188,FEC,2022,7,0.26000000
2026-10-05,13805,Campinas 3-Trevo,CPFL-PAULISTA,33050196000188,FEC,2022,4,0.11000000
2026-10-05,13829,Santa Barbara 2-Barbarense,CPFL-PAULISTA,33050196000188,DEC,2022,5,0.32000000
2026-10-05,13809,Campinas 10-Chapadão,CPFL-PAULISTA,33050196000188,NumCon,2022,2,14324.00000000
2026-10-05,16452,Monte Mor 1,CPFL-PAULISTA,33050196000188,DEC,2022,2,0.31000000
2026-10-05,2922,JAGUARIUNA,CPFL JAGUARI,53859112000169,FEC,2022,8,0.16000000
2026-10-05,13793,Nova Odessa 1,CPFL-PAULISTA,33050196000188,FEC,2022,12,0.04000000
2026-10-05,2922,JAGUARIUNA,CPFL JAGUARI,53859112000169,NumCon,2022,10,26885.00000000
2026-10-05,13809,Campinas 10-Chapadão,CPFL-PAULISTA,33050196000188,NumCon,2022,8,14344.00000000
2026-10-05,13813,Campinas 16-Jardim Marajo,CPFL-PAULISTA,33050196000188,DEC,2022,5,0.42000000
2026-10-05,13540,MOGI MIRIM UM,ELEKTRO,02328280000197,NumCon,2022,7,27369.00000000
2026-10-05,13835,Sumare 3-Quilombo,CPFL-PAULISTA,33050196000188,NumCon,2022,8,29807.00000000
2026-10-05,13840,Capivari 1,CPFL-PAULISTA,33050196000188,FEC,2022,11,0.53000000
2026-10-05,13840,Capivari 1,CPFL-PAULISTA,33050196000188,FEC,2022,9,0.22000000
2026-10-05,13810,Campinas 12-Cidade Jardim,CPFL-PAULISTA,33050196000188,NumCon,2022,2,41223.00000000
2026-10-05,13837,Hortolandia 2-Morro Azul,CPFL-PAULISTA,33050196000188,DEC,2022,8,0.44000000
2026-10-05,13806,Campinas 8-Viracopos,CPFL-PAULISTA,33050196000188,FEC,2022,6,0.24000000
2026-10-05,13457,ARTUR NOGUEIRA,ELEKTRO,02328280000197,FEC,2022,6,0.10000000
2026-10-05,13813,Campinas 16-Jardim Marajo,CPFL-PAULISTA,33050196000188,DEC,2022,2,0.30000000
2026-10-05,13818,Paulinia 2-Morumbi,CPFL-PAULISTA,33050196000188,FEC,2022,2,0.22000000
2026-10-05,13836,Hortolandia 1,CPFL-PAULISTA,33050196000188,NumCon,2022,11,57289.00000000
2026-10-05,13810,Campinas 12-Cidade Jardim,CPFL-PAULISTA,33050196000188,FEC,2022,4,0.05000000
2026-10-05,13793,Nova Odessa 1,CPFL-PAULISTA,33050196000188,FEC,2022,1,0.13000000
2026-10-05,13813,Campinas 16-Jardim Marajo,CPFL-PAULISTA,33050196000188,FEC,2022,8,0.33000000
2026-10-05,13833,Sumare 2-Tres M,CPFL-PAULISTA,33050196000188,DEC,2022,8,0.10000000
2026-10-05,13806,Campinas 8-Viracopos,CPFL-PAULISTA,33050196000188,NumCon,2022,8,20571.00000000
2026-10-05,16441,Campinas 7-Tanquinho,CPFL-PAULISTA,33050196000188,NumCon,2022,1,20859.00000000
2026-10-05,13836,Hortolandia 1,CPFL-PAULISTA,33050196000188,NumCon,2022,10,57198.00000000
2026-10-05,13833,Sumare 2-Tres M,CPFL-PAULISTA,33050196000188,DEC,2022,1,0.36000000
2026-10-05,13809,Campinas 10-Chapadão,CPFL-PAULISTA,33050196000188,NumCon,2022,5,14346.00000000
2026-10-05,13813,Campinas 16-Jardim Marajo,CPFL-PAULISTA,33050196000188,DEC,2022,4,0.16000000
2026-10-05,13818,Paulinia 2-Morumbi,CPFL-PAULISTA,33050196000188,FEC,2022,10,0.10000000
2026-10-05,16461,Santa Barbara Doeste 1,CPFL-PAULISTA,33050196000188,NumCon,2022,6,39572.00000000
2026-10-05,13835,Sumare 3-Quilombo,CPFL-PAULISTA,33050196000188,NumCon,2022,1,29437.00000000
2026-10-05,13540,MOGI MIRIM UM,ELEKTRO,02328280000197,NumCon,2022,10,27448.00000000
2026-10-05,13802,Valinhos 1,CPFL-PAULISTA,33050196000188,FEC,2022,9,0.36000000
2026-10-05,13805,Campinas 3-Trevo,CPFL-PAULISTA,33050196000188,FEC,2022,11,0.26000000
2026-10-05,13586,SANTO ANTONIO DA POSSE,ELEKTRO,02328280000197,FEC,2022,3,0.14000000
2026-10-05,13813,Campinas 16-Jardim Marajo,CPFL-PAULISTA,33050196000188,DEC,2022,10,0.32000000
2026-10-05,13812,Campinas 14-Bandeirantes,CPFL-PAULISTA,33050196000188,FEC,2022,4,0.26000000
2026-10-05,13805,Campinas 3-Trevo,CPFL-PAULISTA,33050196000188,FEC,2022,3,0.26000000
2026-10-05,13808,Campinas 1-Centro,CPFL-PAULISTA,33050196000188,DEC,2022,6,0.10000000
2026-10-05,13837,Hortolandia 2-Morro Azul,CPFL-PAULISTA,33050196000188,DEC,2022,7,0.25000000
2026-10-05,13540,MOGI MIRIM UM,ELEKTRO,02328280000197,NumCon,2022,8,27435.00000000
2026-10-05,16461,Santa Barbara Doeste 1,CPFL-PAULISTA,33050196000188,NumCon,2022,1,39317.00000000
2026-10-05,13806,Campinas 8-Viracopos,CPFL-PAULISTA,33050196000188,NumCon,2022,2,20534.00000000
2026-10-05,13834,Sumare 4-Nova Aparecida,CPFL-PAULISTA,33050196000188,NumCon,2022,12,32657.00000000
2026-10-05,13797,Itatiba 3-Colonial,CPFL-PAULISTA,33050196000188,DEC,2022,7,0.35000000
2026-10-05,13586,SANTO ANTONIO DA POSSE,ELEKTRO,02328280000197,NumCon,2022,1,9303.00000000
2026-10-05,13834,Sumare 4-Nova Aparecida,CPFL-PAULISTA,33050196000188,NumCon,2022,3,32237.00000000
2026-10-05,13586,SANTO ANTONIO DA POSSE,ELEKTRO,02328280000197,NumCon,2022,12,9462.00000000
2026-10-05,13805,Campinas 3-Trevo,CPFL-PAULISTA,33050196000188,DEC,2022,10,0.38000000
2026-10-05,13805,Campinas 3-Trevo,CPFL-PAULISTA,33050196000188,FEC,2022,1,0.28000000
2026-10-05,13822,Americana 2-Campo Verde,CPFL-PAULISTA,33050196000188,FEC,2022,8,0.30000000
2026-10-05,13819,Paulinia 1,CPFL-PAULISTA,33050196000188,DEC,2022,3,0.65000000
2026-10-05,13820,Cosmopolis 1,CPFL-PAULISTA,33050196000188,FEC,2022,4,0.08000000
2026-10-05,13826,Americana 4-Jardim,CPFL-PAULISTA,33050196000188,FEC,2022,5,0.09000000
2026-10-05,13832,Sumare 6-Orquidea,CPFL-PAULISTA,33050196000188,FEC,2022,6,0.11000000
2026-10-05,13586,SANTO ANTONIO DA POSSE,ELEKTRO,02328280000197,DEC,2022,7,0.14000000
2026-10-05,13822,Americana 2-Campo Verde,CPFL-PAULISTA,33050196000188,FEC,2022,7,0.17000000
2026-10-05,13540,MOGI MIRIM UM,ELEKTRO,02328280000197,NumCon,2022,4,27282.00000000
2026-10-05,13810,Campinas 12-Cidade Jardim,CPFL-PAULISTA,33050196000188,NumCon,2022,4,41258.00000000
2026-10-05,13805,Campinas 3-Trevo,CPFL-PAULISTA,33050196000188,FEC,2022,12,0.61000000
2026-10-05,13829,Santa Barbara 2-Barbarense,CPFL-PAULISTA,33050196000188,DEC,2022,2,0.24000000
2026-10-05,13826,Americana 4-Jardim,CPFL-PAULISTA,33050196000188,NumCon,2022,8,42614.00000000
2026-10-05,2922,JAGUARIUNA,CPFL JAGUARI,53859112000169,DEC,2022,5,0.34000000
2026-10-05,13841,Rio das Pedras 1,CPFL-PAULISTA,33050196000188,FEC,2022,5,0.13000000
2026-10-05,16464,Valinhos 2-Figueira,CPFL-PAULISTA,33050196000188,DEC,2022,1,0.66000000
2026-10-05,13586,SANTO ANTONIO DA POSSE,ELEKTRO,02328280000197,NumCon,2022,7,9399.00000000
2026-10-05,13809,Campinas 10-Chapadão,CPFL-PAULISTA,33050196000188,NumCon,2022,9,14334.00000000
2026-10-05,13586,SANTO ANTONIO DA POSSE,ELEKTRO,02328280000197,NumCon,2022,11,9450.00000000
2026-10-05,13810,Campinas 12-Cidade Jardim,CPFL-PAULISTA,33050196000188,FEC,2022,3,0.12000000
2026-10-05,13837,Hortolandia 2-Morro Azul,CPFL-PAULISTA,33050196000188,FEC,2022,4,0.39000000
2026-10-05,13586,SANTO ANTONIO DA POSSE,ELEKTRO,02328280000197,NumCon,2022,9,9423.00000000
2026-10-05,13819,Paulinia 1,CPFL-PAULISTA,33050196000188,DEC,2022,2,0.84000000
2026-10-05,13822,Americana 2-Campo Verde,CPFL-PAULISTA,33050196000188,DEC,2022,6,0.25000000
2026-10-05,13834,Sumare 4-Nova Aparecida,CPFL-PAULISTA,33050196000188,NumCon,2022,8,32646.00000000
2026-10-05,13822,Americana 2-Campo Verde,CPFL-PAULISTA,33050196000188,FEC,2022,9,0.22000000
2026-10-05,16434,Amparo 1,CPFL-PAULISTA,33050196000188,NumCon,2022,9,35055.00000000
2026-10-05,13540,MOGI MIRIM UM,ELEKTRO,02328280000197,DEC,2022,8,0.30000000
2026-10-05,16461,Santa Barbara Doeste 1,CPFL-PAULISTA,33050196000188,NumCon,2022,4,39498.00000000
2026-10-05,13843,Piracicaba 4-Unileste,CPFL-PAULISTA,33050196000188,DEC,2022,9,0.36000000
2026-10-05,13826,Americana 4-Jardim,CPFL-PAULISTA,33050196000188,NumCon,2022,5,42380.00000000
2026-10-05,16464,Valinhos 2-Figueira,CPFL-PAULISTA,33050196000188,DEC,2022,2,0.64000000
2026-10-05,13540,MOGI MIRIM UM,ELEKTRO,02328280000197,DEC,2022,11,0.33000000
2026-10-05,13586,SANTO ANTONIO DA POSSE,ELEKTRO,02328280000197,NumCon,2022,8,9413.00000000
2026-10-05,16434,Amparo 1,CPFL-PAULISTA,33050196000188,NumCon,2022,8,35016.00000000
2026-10-05,13540,MOGI MIRIM UM,ELEKTRO,02328280000197,DEC,2022,7,0.38000000
2026-10-05,13820,Cosmopolis 1,CPFL-PAULISTA,33050196000188,NumCon,2022,6,24720.00000000
2026-10-05,2922,JAGUARIUNA,CPFL JAGUARI,53859112000169,DEC,2022,6,0.19000000
2026-10-05,13586,SANTO ANTONIO DA POSSE,ELEKTRO,02328280000197,NumCon,2022,10,9442.00000000
2026-10-05,13813,Campinas 16-Jardim Marajo,CPFL-PAULISTA,33050196000188,DEC,2022,6,0.35000000
2026-10-05,16464,Valinhos 2-Figueira,CPFL-PAULISTA,33050196000188,DEC,2022,10,0.31000000
2026-10-05,13810,Campinas 12-Cidade Jardim,CPFL-PAULISTA,33050196000188,FEC,2022,2,0.09000000
2026-10-05,13809,Campinas 10-Chapadão,CPFL-PAULISTA,33050196000188,NumCon,2022,1,14320.00000000
2026-10-05,16464,Valinhos 2-Figueira,CPFL-PAULISTA,33050196000188,DEC,2022,6,0.64000000
2026-10-05,13822,Americana 2-Campo Verde,CPFL-PAULISTA,33050196000188,FEC,2022,1,0.39000000
2026-10-05,13835,Sumare 3-Quilombo,CPFL-PAULISTA,33050196000188,NumCon,2022,4,29539.00000000
2026-10-05,13810,Campinas 12-Cidade Jardim,CPFL-PAULISTA,33050196000188,DEC,2022,5,0.18000000
2026-10-05,16461,Santa Barbara Doeste 1,CPFL-PAULISTA,33050196000188,NumCon,2022,2,39307.00000000
2026-10-05,13832,Sumare 6-Orquidea,CPFL-PAULISTA,33050196000188,FEC,2022,8,0.12000000
2026-10-05,13817,Campinas 11-Barao Geraldo,CPFL-PAULISTA,33050196000188,NumCon,2022,5,10989.00000000
2026-10-05,13832,Sumare 6-Orquidea,CPFL-PAULISTA,33050196000188,NumCon,2022,9,20507.00000000
2026-10-05,13819,Paulinia 1,CPFL-PAULISTA,33050196000188,DEC,2022,4,0.46000000
2026-10-05,16440,Campinas 5-Andorinha,CPFL-PAULISTA,33050196000188,FEC,2022,11,0.14000000
2026-10-05,13834,Sumare 4-Nova Aparecida,CPFL-PAULISTA,33050196000188,NumCon,2022,4,32469.00000000
2026-10-05,13808,Campinas 1-Centro,CPFL-PAULISTA,33050196000188,NumCon,2022,6,61556.00000000
2026-10-05,13820,Cosmopolis 1,CPFL-PAULISTA,33050196000188,NumCon,2022,5,24700.00000000
2026-10-05,13833,Sumare 2-Tres M,CPFL-PAULISTA,33050196000188,DEC,2022,7,0.30000000
2026-10-05,13821,Americana 5-Ipe,CPFL-PAULISTA,33050196000188,DEC,2022,9,0.58000000
2026-10-05,13841,Rio das Pedras 1,CPFL-PAULISTA,33050196000188,FEC,2022,3,0.13000000
2026-10-05,13821,Americana 5-Ipe,CPFL-PAULISTA,33050196000188,DEC,2022,1,0.22000000
2026-10-05,13834,Sumare 4-Nova Aparecida,CPFL-PAULISTA,33050196000188,NumCon,2022,2,32232.00000000
2026-10-05,13819,Paulinia 1,CPFL-PAULISTA,33050196000188,DEC,2022,11,0.15000000
2026-10-05,2922,JAGUARIUNA,CPFL JAGUARI,53859112000169,FEC,2022,12,0.48000000
2026-10-05,16434,Amparo 1,CPFL-PAULISTA,33050196000188,NumCon,2022,5,34914.00000000
2026-10-05,13809,Campinas 10-Chapadão,CPFL-PAULISTA,33050196000188,NumCon,2022,4,14348.00000000
2026-10-05,13843,Piracicaba 4-Unileste,CPFL-PAULISTA,33050196000188,DEC,2022,1,0.44000000
2026-10-05,13810,Campinas 12-Cidade Jardim,CPFL-PAULISTA,33050196000188,FEC,2022,12,0.25000000
2026-10-05,13800,Campinas 9-Paineiras,CPFL-PAULISTA,33050196000188,DEC,2022,6,0.34000000
2026-10-05,964,PEDREIRA,CPFL JAGUARI,53859112000169,DEC,2022,12,0.55000000
2026-10-05,13822,Americana 2-Campo Verde,CPFL-PAULISTA,33050196000188,FEC,2022,3,0.13000000
2026-10-05,13805,Campinas 3-Trevo,CPFL-PAULISTA,33050196000188,NumCon,2022,11,39586.00000000
2026-10-05,16440,Campinas 5-Andorinha,CPFL-PAULISTA,33050196000188,FEC,2022,12,0.14000000
2026-10-05,13843,Piracicaba 4-Unileste,CPFL-PAULISTA,33050196000188,DEC,2022,7,0.19000000
2026-10-05,13826,Americana 4-Jardim,CPFL-PAULISTA,33050196000188,NumCon,2022,2,42270.00000000
2026-10-05,13810,Campinas 12-Cidade Jardim,CPFL-PAULISTA,33050196000188,FEC,2022,11,0.07000000
2026-10-05,13834,Sumare 4-Nova Aparecida,CPFL-PAULISTA,33050196000188,NumCon,2022,6,32577.00000000
2026-10-05,13833,Sumare 2-Tres M,CPFL-PAULISTA,33050196000188,DEC,2022,3,0.25000000
2026-10-05,13800,Campinas 9-Paineiras,CPFL-PAULISTA,33050196000188,DEC,2022,11,0.36000000
2026-10-05,13793,Nova Odessa 1,CPFL-PAULISTA,33050196000188,FEC,2022,4,0.42000000
2026-10-05,13805,Campinas 3-Trevo,CPFL-PAULISTA,33050196000188,NumCon,2022,10,39550.00000000
2026-10-05,13822,Americana 2-Campo Verde,CPFL-PAULISTA,33050196000188,FEC,2022,12,0.09000000
2026-10-05,13834,Sumare 4-Nova Aparecida,CPFL-PAULISTA,33050196000188,NumCon,2022,9,32583.00000000
2026-10-05,13586,SANTO ANTONIO DA POSSE,ELEKTRO,02328280000197,NumCon,2022,4,9354.00000000
2026-10-05,13837,Hortolandia 2-Morro Azul,CPFL-PAULISTA,33050196000188,DEC,2022,10,0.48000000
2026-10-05,13540,MOGI MIRIM UM,ELEKTRO,02328280000197,NumCon,2022,9,27417.00000000
2026-10-05,13817,Campinas 11-Barao Geraldo,CPFL-PAULISTA,33050196000188,DEC,2022,11,0.57000000
2026-10-05,13822,Americana 2-Campo Verde,CPFL-PAULISTA,33050196000188,FEC,2022,4,0.08000000
2026-10-05,13540,MOGI MIRIM UM,ELEKTRO,02328280000197,NumCon,2022,11,27477.00000000
2026-10-05,13808,Campinas 1-Centro,CPFL-PAULISTA,33050196000188,NumCon,2022,8,61792.00000000
2026-10-05,16434,Amparo 1,CPFL-PAULISTA,33050196000188,NumCon,2022,3,34839.00000000
2026-10-05,16441,Campinas 7-Tanquinho,CPFL-PAULISTA,33050196000188,NumCon,2022,6,21185.00000000
2026-10-05,13819,Paulinia 1,CPFL-PAULISTA,33050196000188,DEC,2022,6,0.47000000
2026-10-05,13817,Campinas 11-Barao Geraldo,CPFL-PAULISTA,33050196000188,DEC,2022,12,0.35000000
2026-10-05,13807,Campinas 6-Taquaral,CPFL-PAULISTA,33050196000188,DEC,2022,9,0.08000000
2026-10-05,16461,Santa Barbara Doeste 1,CPFL-PAULISTA,33050196000188,DEC,2022,4,0.19000000
2026-10-05,13810,Campinas 12-Cidade Jardim,CPFL-PAULISTA,33050196000188,NumCon,2022,8,41396.00000000
2026-10-05,13841,Rio das Pedras 1,CPFL-PAULISTA,33050196000188,FEC,2022,9,0.05000000
2026-10-05,13837,Hortolandia 2-Morro Azul,CPFL-PAULISTA,33050196000188,FEC,2022,2,0.39000000
2026-10-05,13834,Sumare 4-Nova Aparecida,CPFL-PAULISTA,33050196000188,NumCon,2022,5,32519.00000000
2026-10-05,16440,Campinas 5-Andorinha,CPFL-PAULISTA,33050196000188,FEC,2022,3,0.34000000
2026-10-05,13805,Campinas 3-Trevo,CPFL-PAULISTA,33050196000188,FEC,2022,9,0.07000000
2026-10-05,13817,Campinas 11-Barao Geraldo,CPFL-PAULISTA,33050196000188,NumCon,2022,9,11047.00000000
2026-10-05,13812,Campinas 14-Bandeirantes,CPFL-PAULISTA,33050196000188,FEC,2022,5,0.34000000
2026-10-05,964,PEDREIRA,CPFL JAGUARI,53859112000169,DEC,2022,2,0.54000000
2026-10-05,13811,Campinas 4-Boa Vista,CPFL-PAULISTA,33050196000188,NumCon,2022,5,18419.00000000
2026-10-05,13841,Rio das Pedras 1,CPFL-PAULISTA,33050196000188,FEC,2022,1,0.02000000
2026-10-05,13820,Cosmopolis 1,CPFL-PAULISTA,33050196000188,FEC,2022,5,0.42000000
2026-10-05,16441,Campinas 7-Tanquinho,CPFL-PAULISTA,33050196000188,DEC,2022,3,0.62000000
2026-10-05,13820,Cosmopolis 1,CPFL-PAULISTA,33050196000188,FEC,2022,1,0.53000000
2026-10-05,13800,Campinas 9-Paineiras,CPFL-PAULISTA,33050196000188,DEC,2022,12,0.24000000
2026-10-05,16441,Campinas 7-Tanquinho,CPFL-PAULISTA,33050196000188,DEC,2022,5,0.47000000
2026-10-05,13841,Rio das Pedras 1,CPFL-PAULISTA,33050196000188,FEC,2022,8,0.17000000
2026-10-05,13820,Cosmopolis 1,CPFL-PAULISTA,33050196000188,NumCon,2022,1,24651.00000000
2026-10-05,13810,Campinas 12-Cidade Jardim,CPFL-PAULISTA,33050196000188,FEC,2022,7,0.21000000
2026-10-05,13835,Sumare 3-Quilombo,CPFL-PAULISTA,33050196000188,NumCon,2022,5,29530.00000000
2026-10-05,16461,Santa Barbara Doeste 1,CPFL-PAULISTA,33050196000188,DEC,2022,1,0.20000000
2026-10-05,13819,Paulinia 1,CPFL-PAULISTA,33050196000188,DEC,2022,5,0.14000000
2026-10-05,13820,Cosmopolis 1,CPFL-PAULISTA,33050196000188,DEC,2022,1,1.14000000
2026-10-05,13834,Sumare 4-Nova Aparecida,CPFL-PAULISTA,33050196000188,FEC,2022,12,0.18000000
2026-10-05,13833,Sumare 2-Tres M,CPFL-PAULISTA,33050196000188,DEC,2022,9,0.19000000
2026-10-05,13540,MOGI MIRIM UM,ELEKTRO,02328280000197,DEC,2022,4,0.28000000
2026-10-05,13837,Hortolandia 2-Morro Azul,CPFL-PAULISTA,33050196000188,DEC,2022,4,0.22000000
2026-10-05,13817,Campinas 11-Barao Geraldo,CPFL-PAULISTA,33050196000188,DEC,2022,9,0.15000000
2026-10-05,13819,Paulinia 1,CPFL-PAULISTA,33050196000188,DEC,2022,10,0.25000000
2026-10-05,16461,Santa Barbara Doeste 1,CPFL-PAULISTA,33050196000188,DEC,2022,12,0.11000000
2026-10-05,13821,Americana 5-Ipe,CPFL-PAULISTA,33050196000188,NumCon,2022,1,24988.00000000
2026-10-05,16441,Campinas 7-Tanquinho,CPFL-PAULISTA,33050196000188,DEC,2022,1,0.73000000
2026-10-05,13841,Rio das Pedras 1,CPFL-PAULISTA,33050196000188,FEC,2022,7,0.15000000
2026-10-05,13837,Hortolandia 2-Morro Azul,CPFL-PAULISTA,33050196000188,FEC,2022,10,0.38000000
2026-10-05,13810,Campinas 12-Cidade Jardim,CPFL-PAULISTA,33050196000188,NumCon,2022,6,41374.00000000
2026-10-05,13832,Sumare 6-Orquidea,CPFL-PAULISTA,33050196000188,NumCon,2022,6,20463.00000000
2026-10-05,13837,Hortolandia 2-Morro Azul,CPFL-PAULISTA,33050196000188,FEC,2022,6,0.07000000
2026-10-05,13796,Itatiba 2-Cruzeiro,CPFL-PAULISTA,33050196000188,NumCon,2022,6,19243.00000000
2026-10-05,13843,Piracicaba 4-Unileste,CPFL-PAULISTA,33050196000188,DEC,2022,2,0.23000000
2026-10-05,16461,Santa Barbara Doeste 1,CPFL-PAULISTA,33050196000188,DEC,2022,11,0.34000000
2026-10-05,2922,JAGUARIUNA,CPFL JAGUARI,53859112000169,NumCon,2022,6,26520.00000000
2026-10-05,13540,MOGI MIRIM UM,ELEKTRO,02328280000197,FEC,2022,1,0.39000000
2026-10-05,13832,Sumare 6-Orquidea,CPFL-PAULISTA,33050196000188,FEC,2022,5,0.11000000
2026-10-05,13834,Sumare 4-Nova Aparecida,CPFL-PAULISTA,33050196000188,FEC,2022,4,0.24000000
2026-10-05,13540,MOGI MIRIM UM,ELEKTRO,02328280000197,DEC,2022,9,0.41000000
2026-10-05,16434,Amparo 1,CPFL-PAULISTA,33050196000188,NumCon,2022,7,35001.00000000
2026-10-05,13540,MOGI MIRIM UM,ELEKTRO,02328280000197,NumCon,2022,3,27249.00000000
2026-10-05,13826,Americana 4-Jardim,CPFL-PAULISTA,33050196000188,NumCon,2022,6,42405.00000000
2026-10-05,13808,Campinas 1-Centro,CPFL-PAULISTA,33050196000188,FEC,2022,5,0.03000000
2026-10-05,13540,MOGI MIRIM UM,ELEKTRO,02328280000197,DEC,2022,5,0.24000000
2026-10-05,13822,Americana 2-Campo Verde,CPFL-PAULISTA,33050196000188,FEC,2022,5,0.21000000
2026-10-05,16434,Amparo 1,CPFL-PAULISTA,33050196000188,NumCon,2022,12,35130.00000000
2026-10-05,13540,MOGI MIRIM UM,ELEKTRO,02328280000197,DEC,2022,6,0.19000000
2026-10-05,13806,Campinas 8-Viracopos,CPFL-PAULISTA,33050196000188,NumCon,2022,4,20552.00000000
2026-10-05,16441,Campinas 7-Tanquinho,CPFL-PAULISTA,33050196000188,NumCon,2022,8,21304.00000000
2026-10-05,13796,Itatiba 2-Cruzeiro,CPFL-PAULISTA,33050196000188,FEC,2022,5,0.11000000
2026-10-05,2922,JAGUARIUNA,CPFL JAGUARI,53859112000169,NumCon,2022,5,26457.00000000
2026-10-05,13797,Itatiba 3-Colonial,CPFL-PAULISTA,33050196000188,NumCon,2022,11,34416.00000000
2026-10-05,13817,Campinas 11-Barao Geraldo,CPFL-PAULISTA,33050196000188,DEC,2022,8,0.49000000
2026-10-05,964,PEDREIRA,CPFL JAGUARI,53859112000169,DEC,2022,1,0.72000000
2026-10-05,13797,Itatiba 3-Colonial,CPFL-PAULISTA,33050196000188,DEC,2022,1,0.87000000
2026-10-05,13832,Sumare 6-Orquidea,CPFL-PAULISTA,33050196000188,NumCon,2022,1,20293.00000000
2026-10-05,13799,Campinas 2-Souzas,CPFL-PAULISTA,33050196000188,FEC,2022,9,0.31000000
2026-10-05,13793,Nova Odessa 1,CPFL-PAULISTA,33050196000188,FEC,2022,10,0.11000000
2026-10-05,13821,Americana 5-Ipe,CPFL-PAULISTA,33050196000188,FEC,2022,8,0.42000000
2026-10-05,2922,JAGUARIUNA,CPFL JAGUARI,53859112000169,FEC,2022,1,0.39000000
2026-10-05,13793,Nova Odessa 1,CPFL-PAULISTA,33050196000188,FEC,2022,2,0.17000000
2026-10-05,13817,Campinas 11-Barao Geraldo,CPFL-PAULISTA,33050196000188,DEC,2022,3,0.49000000
2026-10-05,13820,Cosmopolis 1,CPFL-PAULISTA,33050196000188,NumCon,2022,2,24676.00000000
2026-10-05,13812,Campinas 14-Bandeirantes,CPFL-PAULISTA,33050196000188,FEC,2022,2,0.15000000
2026-10-05,13836,Hortolandia 1,CPFL-PAULISTA,33050196000188,NumCon,2022,8,56339.00000000
2026-10-05,13829,Santa Barbara 2-Barbarense,CPFL-PAULISTA,33050196000188,DEC,2022,7,0.38000000
2026-10-05,964,PEDREIRA,CPFL JAGUARI,53859112000169,DEC,2022,11,0.68000000
2026-10-05,13826,Americana 4-Jardim,CPFL-PAULISTA,33050196000188,DEC,2022,5,0.16000000
2026-10-05,13822,Americana 2-Campo Verde,CPFL-PAULISTA,33050196000188,DEC,2022,4,0.23000000
2026-10-05,13809,Campinas 10-Chapadão,CPFL-PAULISTA,33050196000188,FEC,2022,4,0.05000000
2026-10-05,13457,ARTUR NOGUEIRA,ELEKTRO,02328280000197,FEC,2022,7,0.19000000
2026-10-05,13817,Campinas 11-Barao Geraldo,CPFL-PAULISTA,33050196000188,DEC,2022,1,0.64000000
2026-10-05,13800,Campinas 9-Paineiras,CPFL-PAULISTA,33050196000188,DEC,2022,3,0.46000000
2026-10-05,13796,Itatiba 2-Cruzeiro,CPFL-PAULISTA,33050196000188,NumCon,2022,2,19129.00000000
2026-10-05,13457,ARTUR NOGUEIRA,ELEKTRO,02328280000197,FEC,2022,8,0.40000000
2026-10-05,16441,Campinas 7-Tanquinho,CPFL-PAULISTA,33050196000188,FEC,2022,9,0.50000000
2026-10-05,13834,Sumare 4-Nova Aparecida,CPFL-PAULISTA,33050196000188,FEC,2022,3,0.57000000
2026-10-05,13817,Campinas 11-Barao Geraldo,CPFL-PAULISTA,33050196000188,DEC,2022,7,0.22000000
2026-10-05,13800,Campinas 9-Paineiras,CPFL-PAULISTA,33050196000188,DEC,2022,8,0.41000000
2026-10-05,13821,Americana 5-Ipe,CPFL-PAULISTA,33050196000188,FEC,2022,9,0.57000000
2026-10-05,13796,Itatiba 2-Cruzeiro,CPFL-PAULISTA,33050196000188,NumCon,2022,8,19359.00000000
2026-10-05,13820,Cosmopolis 1,CPFL-PAULISTA,33050196000188,NumCon,2022,9,24869.00000000
2026-10-05,964,PEDREIRA,CPFL JAGUARI,53859112000169,FEC,2022,2,0.41000000
2026-10-05,13826,Americana 4-Jardim,CPFL-PAULISTA,33050196000188,FEC,2022,1,0.08000000
2026-10-05,13836,Hortolandia 1,CPFL-PAULISTA,33050196000188,NumCon,2022,2,55551.00000000
2026-10-05,13822,Americana 2-Campo Verde,CPFL-PAULISTA,33050196000188,DEC,2022,11,0.25000000
2026-10-05,13793,Nova Odessa 1,CPFL-PAULISTA,33050196000188,FEC,2022,6,0.13000000
2026-10-05,13833,Sumare 2-Tres M,CPFL-PAULISTA,33050196000188,FEC,2022,4,0.03000000
2026-10-05,16433,Americana 1,CPFL-PAULISTA,33050196000188,NumCon,2022,10,34648.00000000
2026-10-05,13835,Sumare 3-Quilombo,CPFL-PAULISTA,33050196000188,NumCon,2022,6,29517.00000000
2026-10-05,13835,Sumare 3-Quilombo,CPFL-PAULISTA,33050196000188,NumCon,2022,2,29480.00000000
2026-10-05,13796,Itatiba 2-Cruzeiro,CPFL-PAULISTA,33050196000188,FEC,2022,10,0.16000000
2026-10-05,13832,Sumare 6-Orquidea,CPFL-PAULISTA,33050196000188,NumCon,2022,2,20332.00000000
2026-10-05,13826,Americana 4-Jardim,CPFL-PAULISTA,33050196000188,NumCon,2022,9,42632.00000000
2026-10-05,13833,Sumare 2-Tres M,CPFL-PAULISTA,33050196000188,FEC,2022,12,0.02000000
2026-10-05,13829,Santa Barbara 2-Barbarense,CPFL-PAULISTA,33050196000188,DEC,2022,9,0.20000000
2026-10-05,16441,Campinas 7-Tanquinho,CPFL-PAULISTA,33050196000188,FEC,2022,5,0.19000000
2026-10-05,16441,Campinas 7-Tanquinho,CPFL-PAULISTA,33050196000188,NumCon,2022,5,21131.00000000
2026-10-05,13821,Americana 5-Ipe,CPFL-PAULISTA,33050196000188,NumCon,2022,7,25146.00000000
2026-10-05,13836,Hortolandia 1,CPFL-PAULISTA,33050196000188,NumCon,2022,4,56065.00000000
2026-10-05,13812,Campinas 14-Bandeirantes,CPFL-PAULISTA,33050196000188,FEC,2022,10,0.15000000
2026-10-05,13813,Campinas 16-Jardim Marajo,CPFL-PAULISTA,33050196000188,FEC,2022,7,0.15000000
2026-10-05,13834,Sumare 4-Nova Aparecida,CPFL-PAULISTA,33050196000188,FEC,2022,11,0.20000000
2026-10-05,16433,Americana 1,CPFL-PAULISTA,33050196000188,NumCon,2022,11,34698.00000000
2026-10-05,13821,Americana 5-Ipe,CPFL-PAULISTA,33050196000188,NumCon,2022,9,25141.00000000
2026-10-05,13809,Campinas 10-Chapadão,CPFL-PAULISTA,33050196000188,FEC,2022,2,0.13000000
2026-10-05,13799,Campinas 2-Souzas,CPFL-PAULISTA,33050196000188,FEC,2022,3,0.47000000
2026-10-05,13820,Cosmopolis 1,CPFL-PAULISTA,33050196000188,NumCon,2022,8,24852.00000000
2026-10-05,13809,Campinas 10-Chapadão,CPFL-PAULISTA,33050196000188,FEC,2022,10,0.42000000
2026-10-05,13796,Itatiba 2-Cruzeiro,CPFL-PAULISTA,33050196000188,NumCon,2022,4,19193.00000000
2026-10-05,13833,Sumare 2-Tres M,CPFL-PAULISTA,33050196000188,FEC,2022,8,0.06000000
2026-10-05,16440,Campinas 5-Andorinha,CPFL-PAULISTA,33050196000188,NumCon,2022,8,69736.00000000
2026-10-05,13805,Campinas 3-Trevo,CPFL-PAULISTA,33050196000188,DEC,2022,11,0.15000000
2026-10-05,13821,Americana 5-Ipe,CPFL-PAULISTA,33050196000188,DEC,2022,8,0.69000000
2026-10-05,964,PEDREIRA,CPFL JAGUARI,53859112000169,DEC,2022,6,0.34000000
2026-10-05,16433,Americana 1,CPFL-PAULISTA,33050196000188,NumCon,2022,12,34727.00000000
2026-10-05,13833,Sumare 2-Tres M,CPFL-PAULISTA,33050196000188,FEC,2022,7,0.19000000
2026-10-05,13826,Americana 4-Jardim,CPFL-PAULISTA,33050196000188,FEC,2022,9,0.11000000
2026-10-05,13837,Hortolandia 2-Morro Azul,CPFL-PAULISTA,33050196000188,DEC,2022,12,0.10000000
2026-10-05,964,PEDREIRA,CPFL JAGUARI,53859112000169,DEC,2022,5,0.35000000
2026-10-05,13796,Itatiba 2-Cruzeiro,CPFL-PAULISTA,33050196000188,FEC,2022,2,0.13000000
2026-10-05,13799,Campinas 2-Souzas,CPFL-PAULISTA,33050196000188,FEC,2022,8,0.24000000
2026-10-05,13811,Campinas 4-Boa Vista,CPFL-PAULISTA,33050196000188,NumCon,2022,9,18468.00000000
2026-10-05,13540,MOGI MIRIM UM,ELEKTRO,02328280000197,DEC,2022,3,0.41000000
2026-10-05,16464,Valinhos 2-Figueira,CPFL-PAULISTA,33050196000188,DEC,2022,9,1.15000000
2026-10-05,13819,Paulinia 1,CPFL-PAULISTA,33050196000188,DEC,2022,12,0.29000000
2026-10-05,2922,JAGUARIUNA,CPFL JAGUARI,53859112000169,FEC,2022,9,0.07000000
2026-10-05,13833,Sumare 2-Tres M,CPFL-PAULISTA,33050196000188,FEC,2022,3,0.57000000
2026-10-05,13799,Campinas 2-Souzas,CPFL-PAULISTA,33050196000188,FEC,2022,7,0.50000000
2026-10-05,13796,Itatiba 2-Cruzeiro,CPFL-PAULISTA,33050196000188,FEC,2022,6,0.48000000
2026-10-05,13821,Americana 5-Ipe,CPFL-PAULISTA,33050196000188,DEC,2022,7,0.23000000
2026-10-05,13832,Sumare 6-Orquidea,CPFL-PAULISTA,33050196000188,NumCon,2022,8,20486.00000000
2026-10-05,16434,Amparo 1,CPFL-PAULISTA,33050196000188,NumCon,2022,10,35068.00000000
2026-10-05,13834,Sumare 4-Nova Aparecida,CPFL-PAULISTA,33050196000188,NumCon,2022,10,32586.00000000
2026-10-05,16434,Amparo 1,CPFL-PAULISTA,33050196000188,NumCon,2022,11,34990.00000000
2026-10-05,2922,JAGUARIUNA,CPFL JAGUARI,53859112000169,DEC,2022,10,0.35000000
2026-10-05,16452,Monte Mor 1,CPFL-PAULISTA,33050196000188,FEC,2022,9,0.35000000
2026-10-05,16440,Campinas 5-Andorinha,CPFL-PAULISTA,33050196000188,NumCon,2022,9,69713.00000000
2026-10-05,16441,Campinas 7-Tanquinho,CPFL-PAULISTA,33050196000188,NumCon,2022,9,21315.00000000
2026-10-05,16461,Santa Barbara Doeste 1,CPFL-PAULISTA,33050196000188,DEC,2022,6,0.22000000
2026-10-05,13821,Americana 5-Ipe,CPFL-PAULISTA,33050196000188,FEC,2022,5,0.43000000
2026-10-05,16461,Santa Barbara Doeste 1,CPFL-PAULISTA,33050196000188,DEC,2022,10,0.23000000
2026-10-05,16433,Americana 1,CPFL-PAULISTA,33050196000188,NumCon,2022,3,34556.00000000
2026-10-05,16461,Santa Barbara Doeste 1,CPFL-PAULISTA,33050196000188,DEC,2022,2,0.17000000
2026-10-05,13797,Itatiba 3-Colonial,CPFL-PAULISTA,33050196000188,NumCon,2022,10,34344.00000000
2026-10-05,16433,Americana 1,CPFL-PAULISTA,33050196000188,FEC,2022,2,0.04000000
2026-10-05,16441,Campinas 7-Tanquinho,CPFL-PAULISTA,33050196000188,NumCon,2022,12,21377.00000000
2026-10-05,13812,Campinas 14-Bandeirantes,CPFL-PAULISTA,33050196000188,FEC,2022,6,0.08000000
2026-10-05,16452,Monte Mor 1,CPFL-PAULISTA,33050196000188,FEC,2022,4,0.33000000
2026-10-05,16441,Campinas 7-Tanquinho,CPFL-PAULISTA,33050196000188,NumCon,2022,3,20939.00000000
2026-10-05,13586,SANTO ANTONIO DA POSSE,ELEKTRO,02328280000197,DEC,2022,6,0.10000000
2026-10-05,13821,Americana 5-Ipe,CPFL-PAULISTA,33050196000188,DEC,2022,3,0.20000000
2026-10-05,13833,Sumare 2-Tres M,CPFL-PAULISTA,33050196000188,FEC,2022,6,0.06000000
2026-10-05,13586,SANTO ANTONIO DA POSSE,ELEKTRO,02328280000197,DEC,2022,5,0.09000000
2026-10-05,13837,Hortolandia 2-Morro Azul,CPFL-PAULISTA,33050196000188,FEC,2022,11,1.06000000
2026-10-05,13811,Campinas 4-Boa Vista,CPFL-PAULISTA,33050196000188,NumCon,2022,4,18413.00000000
2026-10-05,13833,Sumare 2-Tres M,CPFL-PAULISTA,33050196000188,FEC,2022,11,0.13000000
2026-10-05,16441,Campinas 7-Tanquinho,CPFL-PAULISTA,33050196000188,FEC,2022,7,0.18000000
2026-10-05,13837,Hortolandia 2-Morro Azul,CPFL-PAULISTA,33050196000188,NumCon,2022,8,30711.00000000
2026-10-05,13821,Americana 5-Ipe,CPFL-PAULISTA,33050196000188,FEC,2022,7,0.05000000
2026-10-05,13586,SANTO ANTONIO DA POSSE,ELEKTRO,02328280000197,DEC,2022,9,1.55000000
2026-10-05,16434,Amparo 1,CPFL-PAULISTA,33050196000188,FEC,2022,5,0.16000000
2026-10-05,13833,Sumare 2-Tres M,CPFL-PAULISTA,33050196000188,FEC,2022,10,0.02000000
2026-10-05,13809,Campinas 10-Chapadão,CPFL-PAULISTA,33050196000188,FEC,2022,11,0.12000000
2026-10-05,13843,Piracicaba 4-Unileste,CPFL-PAULISTA,33050196000188,FEC,2022,5,0.67000000
2026-10-05,13809,Campinas 10-Chapadão,CPFL-PAULISTA,33050196000188,FEC,2022,7,0.34000000
2026-10-05,16434,Amparo 1,CPFL-PAULISTA,33050196000188,NumCon,2022,6,34937.00000000
2026-10-05,13833,Sumare 2-Tres M,CPFL-PAULISTA,33050196000188,FEC,2022,2,0.03000000
2026-10-05,13821,Americana 5-Ipe,CPFL-PAULISTA,33050196000188,NumCon,2022,12,25230.00000000
2026-10-05,16441,Campinas 7-Tanquinho,CPFL-PAULISTA,33050196000188,NumCon,2022,7,21238.00000000
2026-10-05,13821,Americana 5-Ipe,CPFL-PAULISTA,33050196000188,FEC,2022,11,0.16000000
2026-10-05,13836,Hortolandia 1,CPFL-PAULISTA,33050196000188,NumCon,2022,6,56339.00000000
2026-10-05,13831,Sumare 5-Nova Veneza,CPFL-PAULISTA,33050196000188,NumCon,2022,9,31569.00000000
2026-10-05,13832,Sumare 6-Orquidea,CPFL-PAULISTA,33050196000188,NumCon,2022,5,20435.00000000
2026-10-05,16433,Americana 1,CPFL-PAULISTA,33050196000188,FEC,2022,10,0.04000000
2026-10-05,13821,Americana 5-Ipe,CPFL-PAULISTA,33050196000188,NumCon,2022,3,25041.00000000
2026-10-05,2922,JAGUARIUNA,CPFL JAGUARI,53859112000169,DEC,2022,3,0.63000000
2026-10-05,13540,MOGI MIRIM UM,ELEKTRO,02328280000197,FEC,2022,12,0.19000000
2026-10-05,13834,Sumare 4-Nova Aparecida,CPFL-PAULISTA,33050196000188,NumCon,2022,11,32635.00000000
2026-10-05,13831,Sumare 5-Nova Veneza,CPFL-PAULISTA,33050196000188,NumCon,2022,1,31302.00000000
2026-10-05,13822,Americana 2-Campo Verde,CPFL-PAULISTA,33050196000188,FEC,2022,6,0.32000000
2026-10-05,13808,Campinas 1-Centro,CPFL-PAULISTA,33050196000188,DEC,2022,7,0.18000000
2026-10-05,13834,Sumare 4-Nova Aparecida,CPFL-PAULISTA,33050196000188,FEC,2022,5,0.18000000
2026-10-05,16433,Americana 1,CPFL-PAULISTA,33050196000188,FEC,2022,6,0.07000000
2026-10-05,13540,MOGI MIRIM UM,ELEKTRO,02328280000197,FEC,2022,10,0.31000000
2026-10-05,13818,Paulinia 2-Morumbi,CPFL-PAULISTA,33050196000188,DEC,2022,2,0.43000000
2026-10-05,16441,Campinas 7-Tanquinho,CPFL-PAULISTA,33050196000188,FEC,2022,3,0.36000000
2026-10-05,2922,JAGUARIUNA,CPFL JAGUARI,53859112000169,NumCon,2022,1,26178.00000000
2026-10-05,13811,Campinas 4-Boa Vista,CPFL-PAULISTA,33050196000188,FEC,2022,7,0.35000000
2026-10-05,13837,Hortolandia 2-Morro Azul,CPFL-PAULISTA,33050196000188,NumCon,2022,2,30383.00000000
2026-10-05,13818,Paulinia 2-Morumbi,CPFL-PAULISTA,33050196000188,FEC,2022,5,0.34000000
2026-10-05,13832,Sumare 6-Orquidea,CPFL-PAULISTA,33050196000188,NumCon,2022,4,20422.00000000
2026-10-05,13540,MOGI MIRIM UM,ELEKTRO,02328280000197,FEC,2022,7,0.28000000
2026-10-05,13831,Sumare 5-Nova Veneza,CPFL-PAULISTA,33050196000188,NumCon,2022,5,31497.00000000
2026-10-05,13796,Itatiba 2-Cruzeiro,CPFL-PAULISTA,33050196000188,DEC,2022,1,0.74000000
2026-10-05,13799,Campinas 2-Souzas,CPFL-PAULISTA,33050196000188,NumCon,2022,6,14295.00000000
2026-10-05,16434,Amparo 1,CPFL-PAULISTA,33050196000188,NumCon,2022,1,34819.00000000
2026-10-05,13586,SANTO ANTONIO DA POSSE,ELEKTRO,02328280000197,DEC,2022,3,0.29000000
2026-10-05,13830,Sumare 1,CPFL-PAULISTA,33050196000188,FEC,2022,4,0.03000000
2026-10-05,13822,Americana 2-Campo Verde,CPFL-PAULISTA,33050196000188,FEC,2022,11,0.21000000
2026-10-05,13821,Americana 5-Ipe,CPFL-PAULISTA,33050196000188,FEC,2022,10,0.28000000
2026-10-05,13811,Campinas 4-Boa Vista,CPFL-PAULISTA,33050196000188,FEC,2022,10,0.44000000
2026-10-05,16440,Campinas 5-Andorinha,CPFL-PAULISTA,33050196000188,NumCon,2022,5,69564.00000000
2026-10-05,13586,SANTO ANTONIO DA POSSE,ELEKTRO,02328280000197,DEC,2022,1,1.47000000
2026-10-05,13843,Piracicaba 4-Unileste,CPFL-PAULISTA,33050196000188,FEC,2022,9,0.46000000
2026-10-05,2922,JAGUARIUNA,CPFL JAGUARI,53859112000169,DEC,2022,7,0.14000000
2026-10-05,16452,Monte Mor 1,CPFL-PAULISTA,33050196000188,FEC,2022,12,0.40000000
2026-10-05,13821,Americana 5-Ipe,CPFL-PAULISTA,33050196000188,FEC,2022,6,0.05000000
2026-10-05,13841,Rio das Pedras 1,CPFL-PAULISTA,33050196000188,DEC,2022,1,0.10000000
2026-10-05,16461,Santa Barbara Doeste 1,CPFL-PAULISTA,33050196000188,DEC,2022,5,0.23000000
2026-10-05,13811,Campinas 4-Boa Vista,CPFL-PAULISTA,33050196000188,FEC,2022,2,0.21000000
2026-10-05,13811,Campinas 4-Boa Vista,CPFL-PAULISTA,33050196000188,NumCon,2022,8,18471.00000000
2026-10-05,16434,Amparo 1,CPFL-PAULISTA,33050196000188,FEC,2022,8,0.46000000
2026-10-05,13820,Cosmopolis 1,CPFL-PAULISTA,33050196000188,DEC,2022,9,0.11000000
2026-10-05,13822,Americana 2-Campo Verde,CPFL-PAULISTA,33050196000188,FEC,2022,2,0.04000000
2026-10-05,13841,Rio das Pedras 1,CPFL-PAULISTA,33050196000188,DEC,2022,7,0.39000000
2026-10-05,2922,JAGUARIUNA,CPFL JAGUARI,53859112000169,NumCon,2022,11,26923.00000000
2026-10-05,13818,Paulinia 2-Morumbi,CPFL-PAULISTA,33050196000188,DEC,2022,10,0.32000000
2026-10-05,13822,Americana 2-Campo Verde,CPFL-PAULISTA,33050196000188,FEC,2022,10,0.17000000
2026-10-05,16452,Monte Mor 1,CPFL-PAULISTA,33050196000188,FEC,2022,8,0.34000000
2026-10-05,13812,Campinas 14-Bandeirantes,CPFL-PAULISTA,33050196000188,NumCon,2022,1,37593.00000000
2026-10-05,13843,Piracicaba 4-Unileste,CPFL-PAULISTA,33050196000188,DEC,2022,5,0.57000000
2026-10-05,16441,Campinas 7-Tanquinho,CPFL-PAULISTA,33050196000188,FEC,2022,1,0.48000000
2026-10-05,13809,Campinas 10-Chapadão,CPFL-PAULISTA,33050196000188,FEC,2022,9,0.47000000
2026-10-05,13841,Rio das Pedras 1,CPFL-PAULISTA,33050196000188,DEC,2022,9,0.16000000
2026-10-05,13796,Itatiba 2-Cruzeiro,CPFL-PAULISTA,33050196000188,DEC,2022,7,0.37000000
2026-10-05,13809,Campinas 10-Chapadão,CPFL-PAULISTA,33050196000188,FEC,2022,8,0.24000000
2026-10-05,13811,Campinas 4-Boa Vista,CPFL-PAULISTA,33050196000188,FEC,2022,6,0.08000000
2026-10-05,13829,Santa Barbara 2-Barbarense,CPFL-PAULISTA,33050196000188,DEC,2022,1,0.27000000
2026-10-05,13833,Sumare 2-Tres M,CPFL-PAULISTA,33050196000188,FEC,2022,9,0.14000000
2026-10-05,16433,Americana 1,CPFL-PAULISTA,33050196000188,NumCon,2022,5,34622.00000000
2026-10-05,13540,MOGI MIRIM UM,ELEKTRO,02328280000197,FEC,2022,4,0.24000000
2026-10-05,13837,Hortolandia 2-Morro Azul,CPFL-PAULISTA,33050196000188,NumCon,2022,5,30613.00000000
2026-10-05,13818,Paulinia 2-Morumbi,CPFL-PAULISTA,33050196000188,DEC,2022,4,0.31000000
2026-10-05,13831,Sumare 5-Nova Veneza,CPFL-PAULISTA,33050196000188,NumCon,2022,3,31391.00000000
2026-10-05,13799,Campinas 2-Souzas,CPFL-PAULISTA,33050196000188,NumCon,2022,10,14113.00000000
2026-10-05,13809,Campinas 10-Chapadão,CPFL-PAULISTA,33050196000188,FEC,2022,1,0.16000000
2026-10-05,2922,JAGUARIUNA,CPFL JAGUARI,53859112000169,DEC,2022,9,0.22000000
2026-10-05,13799,Campinas 2-Souzas,CPFL-PAULISTA,33050196000188,NumCon,2022,11,14254.00000000
2026-10-05,13821,Americana 5-Ipe,CPFL-PAULISTA,33050196000188,FEC,2022,2,0.20000000
2026-10-05,16452,Monte Mor 1,CPFL-PAULISTA,33050196000188,FEC,2022,1,0.30000000
2026-10-05,13834,Sumare 4-Nova Aparecida,CPFL-PAULISTA,33050196000188,FEC,2022,2,0.07000000
2026-10-05,16433,Americana 1,CPFL-PAULISTA,33050196000188,NumCon,2022,1,34549.00000000
2026-10-05,13540,MOGI MIRIM UM,ELEKTRO,02328280000197,FEC,2022,11,0.31000000
2026-10-05,13833,Sumare 2-Tres M,CPFL-PAULISTA,33050196000188,FEC,2022,1,0.23000000
2026-10-05,13836,Hortolandia 1,CPFL-PAULISTA,33050196000188,DEC,2022,6,0.29000000
2026-10-05,13808,Campinas 1-Centro,CPFL-PAULISTA,33050196000188,DEC,2022,3,0.15000000
2026-10-05,16434,Amparo 1,CPFL-PAULISTA,33050196000188,FEC,2022,7,0.57000000
2026-10-05,13831,Sumare 5-Nova Veneza,CPFL-PAULISTA,33050196000188,NumCon,2022,7,31557.00000000
2026-10-05,13836,Hortolandia 1,CPFL-PAULISTA,33050196000188,DEC,2022,10,0.28000000
2026-10-05,16433,Americana 1,CPFL-PAULISTA,33050196000188,NumCon,2022,6,34618.00000000
2026-10-05,13821,Americana 5-Ipe,CPFL-PAULISTA,33050196000188,FEC,2022,3,0.07000000
2026-10-05,13586,SANTO ANTONIO DA POSSE,ELEKTRO,02328280000197,DEC,2022,11,0.46000000
2026-10-05,16461,Santa Barbara Doeste 1,CPFL-PAULISTA,33050196000188,NumCon,2022,7,39590.00000000
2026-10-05,13831,Sumare 5-Nova Veneza,CPFL-PAULISTA,33050196000188,NumCon,2022,12,31688.00000000
2026-10-05,13829,Santa Barbara 2-Barbarense,CPFL-PAULISTA,33050196000188,NumCon,2022,5,27095.00000000
2026-10-05,13821,Americana 5-Ipe,CPFL-PAULISTA,33050196000188,FEC,2022,12,0.10000000
2026-10-05,13796,Itatiba 2-Cruzeiro,CPFL-PAULISTA,33050196000188,DEC,2022,8,0.44000000
2026-10-05,16441,Campinas 7-Tanquinho,CPFL-PAULISTA,33050196000188,FEC,2022,8,0.18000000
2026-10-05,13841,Rio das Pedras 1,CPFL-PAULISTA,33050196000188,DEC,2022,8,0.28000000
2026-10-05,13829,Santa Barbara 2-Barbarense,CPFL-PAULISTA,33050196000188,DEC,2022,3,0.11000000
2026-10-05,13796,Itatiba 2-Cruzeiro,CPFL-PAULISTA,33050196000188,NumCon,2022,12,19435.00000000
2026-10-05,16452,Monte Mor 1,CPFL-PAULISTA,33050196000188,FEC,2022,3,0.21000000
2026-10-05,13824,Nova Odessa 2-Fazenda Velha,CPFL-PAULISTA,33050196000188,NumCon,2022,1,17015.00000000
2026-10-05,13833,Sumare 2-Tres M,CPFL-PAULISTA,33050196000188,FEC,2022,5,0.04000000
2026-10-05,13837,Hortolandia 2-Morro Azul,CPFL-PAULISTA,33050196000188,NumCon,2022,1,30348.00000000
2026-10-05,16434,Amparo 1,CPFL-PAULISTA,33050196000188,FEC,2022,9,0.18000000
2026-10-05,13824,Nova Odessa 2-Fazenda Velha,CPFL-PAULISTA,33050196000188,NumCon,2022,9,17336.00000000
2026-10-05,13809,Campinas 10-Chapadão,CPFL-PAULISTA,33050196000188,FEC,2022,12,0.43000000
2026-10-05,13843,Piracicaba 4-Unileste,CPFL-PAULISTA,33050196000188,DEC,2022,11,0.38000000
2026-10-05,13834,Sumare 4-Nova Aparecida,CPFL-PAULISTA,33050196000188,FEC,2022,7,0.39000000
2026-10-05,16433,Americana 1,CPFL-PAULISTA,33050196000188,NumCon,2022,2,34563.00000000
2026-10-05,13796,Itatiba 2-Cruzeiro,CPFL-PAULISTA,33050196000188,NumCon,2022,3,19156.00000000
2026-10-05,2922,JAGUARIUNA,CPFL JAGUARI,53859112000169,DEC,2022,8,0.40000000
2026-10-05,13808,Campinas 1-Centro,CPFL-PAULISTA,33050196000188,NumCon,2022,9,61849.00000000
2026-10-05,13818,Paulinia 2-Morumbi,CPFL-PAULISTA,33050196000188,FEC,2022,9,0.15000000
2026-10-05,13818,Paulinia 2-Morumbi,CPFL-PAULISTA,33050196000188,DEC,2022,6,0.22000000
2026-10-05,2922,JAGUARIUNA,CPFL JAGUARI,53859112000169,NumCon,2022,2,26207.00000000
2026-10-05,13810,Campinas 12-Cidade Jardim,CPFL-PAULISTA,33050196000188,NumCon,2022,1,41159.00000000
2026-10-05,13808,Campinas 1-Centro,CPFL-PAULISTA,33050196000188,DEC,2022,8,0.09000000
2026-10-05,13796,Itatiba 2-Cruzeiro,CPFL-PAULISTA,33050196000188,DEC,2022,3,0.77000000
2026-10-05,13829,Santa Barbara 2-Barbarense,CPFL-PAULISTA,33050196000188,FEC,2022,11,0.25000000
2026-10-05,2922,JAGUARIUNA,CPFL JAGUARI,53859112000169,DEC,2022,4,0.41000000
2026-10-05,16452,Monte Mor 1,CPFL-PAULISTA,33050196000188,FEC,2022,7,0.26000000
2026-10-05,13834,Sumare 4-Nova Aparecida,CPFL-PAULISTA,33050196000188,FEC,2022,8,0.17000000
2026-10-05,16433,Americana 1,CPFL-PAULISTA,33050196000188,NumCon,2022,4,34603.00000000
2026-10-05,16434,Amparo 1,CPFL-PAULISTA,33050196000188,FEC,2022,1,0.28000000
2026-10-05,13824,Nova Odessa 2-Fazenda Velha,CPFL-PAULISTA,33050196000188,NumCon,2022,12,17603.00000000
2026-10-05,13821,Americana 5-Ipe,CPFL-PAULISTA,33050196000188,FEC,2022,1,0.30000000
2026-10-05,13796,Itatiba 2-Cruzeiro,CPFL-PAULISTA,33050196000188,NumCon,2022,7,19301.00000000
2026-10-05,13811,Campinas 4-Boa Vista,CPFL-PAULISTA,33050196000188,NumCon,2022,2,18420.00000000
2026-10-05,16440,Campinas 5-Andorinha,CPFL-PAULISTA,33050196000188,NumCon,2022,7,69663.00000000
2026-10-05,16461,Santa Barbara Doeste 1,CPFL-PAULISTA,33050196000188,NumCon,2022,12,39746.00000000
2026-10-05,13841,Rio das Pedras 1,CPFL-PAULISTA,33050196000188,DEC,2022,3,0.33000000
2026-10-05,13796,Itatiba 2-Cruzeiro,CPFL-PAULISTA,33050196000188,DEC,2022,5,0.37000000
2026-10-05,13829,Santa Barbara 2-Barbarense,CPFL-PAULISTA,33050196000188,FEC,2022,2,0.15000000
2026-10-05,13824,Nova Odessa 2-Fazenda Velha,CPFL-PAULISTA,33050196000188,NumCon,2022,7,17199.00000000
2026-10-05,13821,Americana 5-Ipe,CPFL-PAULISTA,33050196000188,FEC,2022,4,0.11000000
2026-10-05,13811,Campinas 4-Boa Vista,CPFL-PAULISTA,33050196000188,FEC,2022,8,0.51000000
2026-10-05,13812,Campinas 14-Bandeirantes,CPFL-PAULISTA,33050196000188,NumCon,2022,12,37773.00000000
2026-10-05,16452,Monte Mor 1,CPFL-PAULISTA,33050196000188,FEC,2022,11,0.21000000
2026-10-05,13793,Nova Odessa 1,CPFL-PAULISTA,33050196000188,NumCon,2022,4,17032.00000000
2026-10-05,13824,Nova Odessa 2-Fazenda Velha,CPFL-PAULISTA,33050196000188,NumCon,2022,8,17310.00000000
2026-10-05,16433,Americana 1,CPFL-PAULISTA,33050196000188,NumCon,2022,7,34650.00000000
2026-10-05,13843,Piracicaba 4-Unileste,CPFL-PAULISTA,33050196000188,DEC,2022,12,0.37000000
2026-10-05,16461,Santa Barbara Doeste 1,CPFL-PAULISTA,33050196000188,NumCon,2022,9,39586.00000000
2026-10-05,13796,Itatiba 2-Cruzeiro,CPFL-PAULISTA,33050196000188,DEC,2022,6,0.45000000
2026-10-05,13829,Santa Barbara 2-Barbarense,CPFL-PAULISTA,33050196000188,NumCon,2022,4,27060.00000000
2026-10-05,13824,Nova Odessa 2-Fazenda Velha,CPFL-PAULISTA,33050196000188,NumCon,2022,2,17045.00000000
2026-10-05,13809,Campinas 10-Chapadão,CPFL-PAULISTA,33050196000188,FEC,2022,3,0.17000000
2026-10-05,16433,Americana 1,CPFL-PAULISTA,33050196000188,FEC,2022,1,0.41000000
2026-10-05,13834,Sumare 4-Nova Aparecida,CPFL-PAULISTA,33050196000188,FEC,2022,1,0.36000000
2026-10-05,13586,SANTO ANTONIO DA POSSE,ELEKTRO,02328280000197,DEC,2022,8,0.36000000
2026-10-05,13814,Campinas 15-Dic,CPFL-PAULISTA,33050196000188,DEC,2022,6,0.37000000
2026-10-05,13824,Nova Odessa 2-Fazenda Velha,CPFL-PAULISTA,33050196000188,NumCon,2022,4,17132.00000000
2026-10-05,13829,Santa Barbara 2-Barbarense,CPFL-PAULISTA,33050196000188,FEC,2022,10,0.25000000
2026-10-05,13843,Piracicaba 4-Unileste,CPFL-PAULISTA,33050196000188,NumCon,2022,1,17085.00000000
2026-10-05,13809,Campinas 10-Chapadão,CPFL-PAULISTA,33050196000188,NumCon,2022,12,14372.00000000
2026-10-05,13832,Sumare 6-Orquidea,CPFL-PAULISTA,33050196000188,FEC,2022,4,0.15000000
2026-10-05,16433,Americana 1,CPFL-PAULISTA,33050196000188,FEC,2022,8,0.14000000
2026-10-05,13837,Hortolandia 2-Morro Azul,CPFL-PAULISTA,33050196000188,NumCon,2022,6,30669.00000000
2026-10-05,13829,Santa Barbara 2-Barbarense,CPFL-PAULISTA,33050196000188,FEC,2022,6,0.30000000
2026-10-05,16433,Americana 1,CPFL-PAULISTA,33050196000188,FEC,2022,9,0.05000000
2026-10-05,16440,Campinas 5-Andorinha,CPFL-PAULISTA,33050196000188,NumCon,2022,3,69183.00000000
2026-10-05,13814,Campinas 15-Dic,CPFL-PAULISTA,33050196000188,DEC,2022,10,0.42000000
2026-10-05,13834,Sumare 4-Nova Aparecida,CPFL-PAULISTA,33050196000188,FEC,2022,9,0.09000000
2026-10-05,16433,Americana 1,CPFL-PAULISTA,33050196000188,NumCon,2022,8,34672.00000000
2026-10-05,13824,Nova Odessa 2-Fazenda Velha,CPFL-PAULISTA,33050196000188,NumCon,2022,5,17104.00000000
2026-10-05,13809,Campinas 10-Chapadão,CPFL-PAULISTA,33050196000188,NumCon,2022,3,14331.00000000
2026-10-05,13812,Campinas 14-Bandeirantes,CPFL-PAULISTA,33050196000188,NumCon,2022,3,37601.00000000
2026-10-05,13843,Piracicaba 4-Unileste,CPFL-PAULISTA,33050196000188,NumCon,2022,5,17225.00000000
2026-10-05,13811,Campinas 4-Boa Vista,CPFL-PAULISTA,33050196000188,FEC,2022,5,0.22000000
2026-10-05,16441,Campinas 7-Tanquinho,CPFL-PAULISTA,33050196000188,NumCon,2022,2,20909.00000000
2026-10-05,13843,Piracicaba 4-Unileste,CPFL-PAULISTA,33050196000188,NumCon,2022,7,17312.00000000
2026-10-05,13809,Campinas 10-Chapadão,CPFL-PAULISTA,33050196000188,NumCon,2022,11,14341.00000000
2026-10-05,13807,Campinas 6-Taquaral,CPFL-PAULISTA,33050196000188,DEC,2022,8,0.15000000
2026-10-05,16433,Americana 1,CPFL-PAULISTA,33050196000188,FEC,2022,7,0.50000000
2026-10-05,13824,Nova Odessa 2-Fazenda Velha,CPFL-PAULISTA,33050196000188,NumCon,2022,3,17097.00000000
2026-10-05,13799,Campinas 2-Souzas,CPFL-PAULISTA,33050196000188,FEC,2022,4,0.60000000
2026-10-05,16433,Americana 1,CPFL-PAULISTA,33050196000188,NumCon,2022,9,34618.00000000
2026-10-05,13831,Sumare 5-Nova Veneza,CPFL-PAULISTA,33050196000188,NumCon,2022,8,31571.00000000
2026-10-05,13814,Campinas 15-Dic,CPFL-PAULISTA,33050196000188,DEC,2022,4,0.32000000
2026-10-05,13796,Itatiba 2-Cruzeiro,CPFL-PAULISTA,33050196000188,FEC,2022,3,0.46000000
2026-10-05,13811,Campinas 4-Boa Vista,CPFL-PAULISTA,33050196000188,FEC,2022,11,0.14000000
2026-10-05,16440,Campinas 5-Andorinha,CPFL-PAULISTA,33050196000188,NumCon,2022,12,69917.00000000
2026-10-05,13831,Sumare 5-Nova Veneza,CPFL-PAULISTA,33050196000188,NumCon,2022,2,31370.00000000
2026-10-05,13843,Piracicaba 4-Unileste,CPFL-PAULISTA,33050196000188,FEC,2022,11,0.15000000
2026-10-05,13832,Sumare 6-Orquidea,CPFL-PAULISTA,33050196000188,NumCon,2022,7,20469.00000000
2026-10-05,13831,Sumare 5-Nova Veneza,CPFL-PAULISTA,33050196000188,NumCon,2022,4,31456.00000000
2026-10-05,13811,Campinas 4-Boa Vista,CPFL-PAULISTA,33050196000188,FEC,2022,4,0.15000000
2026-10-05,13809,Campinas 10-Chapadão,CPFL-PAULISTA,33050196000188,NumCon,2022,10,14343.00000000
2026-10-05,13841,Rio das Pedras 1,CPFL-PAULISTA,33050196000188,FEC,2022,6,0.03000000
2026-10-05,13836,Hortolandia 1,CPFL-PAULISTA,33050196000188,FEC,2022,3,0.56000000
2026-10-05,13832,Sumare 6-Orquidea,CPFL-PAULISTA,33050196000188,NumCon,2022,12,20677.00000000
2026-10-05,13831,Sumare 5-Nova Veneza,CPFL-PAULISTA,33050196000188,FEC,2022,4,0.07000000
2026-10-05,13810,Campinas 12-Cidade Jardim,CPFL-PAULISTA,33050196000188,FEC,2022,9,0.17000000
2026-10-05,13843,Piracicaba 4-Unileste,CPFL-PAULISTA,33050196000188,NumCon,2022,9,17418.00000000
2026-10-05,13841,Rio das Pedras 1,CPFL-PAULISTA,33050196000188,FEC,2022,10,0.09000000
2026-10-05,13457,ARTUR NOGUEIRA,ELEKTRO,02328280000197,NumCon,2022,4,31483.00000000
2026-10-05,13810,Campinas 12-Cidade Jardim,CPFL-PAULISTA,33050196000188,NumCon,2022,9,41390.00000000
2026-10-05,16433,Americana 1,CPFL-PAULISTA,33050196000188,FEC,2022,3,0.25000000
2026-10-05,13808,Campinas 1-Centro,CPFL-PAULISTA,33050196000188,DEC,2022,11,0.18000000
2026-10-05,13843,Piracicaba 4-Unileste,CPFL-PAULISTA,33050196000188,FEC,2022,12,0.20000000
2026-10-05,13819,Paulinia 1,CPFL-PAULISTA,33050196000188,FEC,2022,9,0.14000000
2026-10-05,13832,Sumare 6-Orquidea,CPFL-PAULISTA,33050196000188,NumCon,2022,3,20378.00000000
2026-10-05,13814,Campinas 15-Dic,CPFL-PAULISTA,33050196000188,DEC,2022,5,1.01000000
2026-10-05,16461,Santa Barbara Doeste 1,CPFL-PAULISTA,33050196000188,NumCon,2022,3,38746.00000000
2026-10-05,13829,Santa Barbara 2-Barbarense,CPFL-PAULISTA,33050196000188,NumCon,2022,8,27341.00000000
2026-10-05,13843,Piracicaba 4-Unileste,CPFL-PAULISTA,33050196000188,DEC,2022,6,0.59000000
2026-10-05,13811,Campinas 4-Boa Vista,CPFL-PAULISTA,33050196000188,FEC,2022,12,0.19000000
2026-10-05,13835,Sumare 3-Quilombo,CPFL-PAULISTA,33050196000188,DEC,2022,2,0.36000000
2026-10-05,13819,Paulinia 1,CPFL-PAULISTA,33050196000188,FEC,2022,8,0.23000000
2026-10-05,13810,Campinas 12-Cidade Jardim,CPFL-PAULISTA,33050196000188,NumCon,2022,3,41186.00000000
2026-10-05,13796,Itatiba 2-Cruzeiro,CPFL-PAULISTA,33050196000188,DEC,2022,4,1.21000000
2026-10-05,13457,ARTUR NOGUEIRA,ELEKTRO,02328280000197,NumCon,2022,3,31430.00000000
2026-10-05,13796,Itatiba 2-Cruzeiro,CPFL-PAULISTA,33050196000188,FEC,2022,12,0.21000000
2026-10-05,13814,Campinas 15-Dic,CPFL-PAULISTA,33050196000188,DEC,2022,2,0.36000000
2026-10-05,13796,Itatiba 2-Cruzeiro,CPFL-PAULISTA,33050196000188,NumCon,2022,5,19231.00000000
2026-10-05,13837,Hortolandia 2-Morro Azul,CPFL-PAULISTA,33050196000188,NumCon,2022,4,30549.00000000
2026-10-05,13818,Paulinia 2-Morumbi,CPFL-PAULISTA,33050196000188,DEC,2022,5,0.51000000
2026-10-05,13831,Sumare 5-Nova Veneza,CPFL-PAULISTA,33050196000188,NumCon,2022,6,31531.00000000
2026-10-05,16433,Americana 1,CPFL-PAULISTA,33050196000188,FEC,2022,5,0.08000000
2026-10-05,13840,Capivari 1,CPFL-PAULISTA,33050196000188,DEC,2022,2,0.89000000
2026-10-05,16452,Monte Mor 1,CPFL-PAULISTA,33050196000188,FEC,2022,6,0.17000000
2026-10-05,13836,Hortolandia 1,CPFL-PAULISTA,33050196000188,DEC,2022,5,0.33000000
2026-10-05,16433,Americana 1,CPFL-PAULISTA,33050196000188,FEC,2022,11,0.12000000
2026-10-05,13810,Campinas 12-Cidade Jardim,CPFL-PAULISTA,33050196000188,NumCon,2022,12,41862.00000000
2026-10-05,13540,MOGI MIRIM UM,ELEKTRO,02328280000197,FEC,2022,6,0.09000000
2026-10-05,13807,Campinas 6-Taquaral,CPFL-PAULISTA,33050196000188,DEC,2022,7,0.15000000
2026-10-05,13812,Campinas 14-Bandeirantes,CPFL-PAULISTA,33050196000188,NumCon,2022,7,37619.00000000
2026-10-05,13831,Sumare 5-Nova Veneza,CPFL-PAULISTA,33050196000188,NumCon,2022,10,31624.00000000
2026-10-05,13836,Hortolandia 1,CPFL-PAULISTA,33050196000188,FEC,2022,7,0.22000000
2026-10-05,13831,Sumare 5-Nova Veneza,CPFL-PAULISTA,33050196000188,NumCon,2022,11,31637.00000000
2026-10-05,13540,MOGI MIRIM UM,ELEKTRO,02328280000197,FEC,2022,5,0.17000000
2026-10-05,13819,Paulinia 1,CPFL-PAULISTA,33050196000188,FEC,2022,7,0.27000000
2026-10-05,964,PEDREIRA,CPFL JAGUARI,53859112000169,FEC,2022,11,0.30000000
2026-10-05,13808,Campinas 1-Centro,CPFL-PAULISTA,33050196000188,DEC,2022,12,0.16000000
2026-10-05,13824,Nova Odessa 2-Fazenda Velha,CPFL-PAULISTA,33050196000188,NumCon,2022,6,17146.00000000
2026-10-05,13836,Hortolandia 1,CPFL-PAULISTA,33050196000188,FEC,2022,8,1.20000000
2026-10-05,13540,MOGI MIRIM UM,ELEKTRO,02328280000197,FEC,2022,9,0.31000000
2026-10-05,16452,Monte Mor 1,CPFL-PAULISTA,33050196000188,NumCon,2022,10,26448.00000000
2026-10-05,2922,JAGUARIUNA,CPFL JAGUARI,53859112000169,FEC,2022,3,0.27000000
2026-10-05,13843,Piracicaba 4-Unileste,CPFL-PAULISTA,33050196000188,NumCon,2022,4,17194.00000000
2026-10-05,16452,Monte Mor 1,CPFL-PAULISTA,33050196000188,FEC,2022,10,0.34000000
2026-10-05,13802,Valinhos 1,CPFL-PAULISTA,33050196000188,NumCon,2022,10,35669.00000000
2026-10-05,13841,Rio das Pedras 1,CPFL-PAULISTA,33050196000188,FEC,2022,2,0.30000000
2026-10-05,13843,Piracicaba 4-Unileste,CPFL-PAULISTA,33050196000188,FEC,2022,6,0.34000000
2026-10-05,964,PEDREIRA,CPFL JAGUARI,53859112000169,FEC,2022,6,0.13000000
2026-10-05,16440,Campinas 5-Andorinha,CPFL-PAULISTA,33050196000188,NumCon,2022,1,69035.00000000
2026-10-05,13796,Itatiba 2-Cruzeiro,CPFL-PAULISTA,33050196000188,DEC,2022,2,0.38000000
2026-10-05,16452,Monte Mor 1,CPFL-PAULISTA,33050196000188,NumCon,2022,11,26465.00000000
2026-10-05,13843,Piracicaba 4-Unileste,CPFL-PAULISTA,33050196000188,FEC,2022,2,0.12000000
2026-10-05,16464,Valinhos 2-Figueira,CPFL-PAULISTA,33050196000188,FEC,2022,10,0.16000000
2026-10-05,13802,Valinhos 1,CPFL-PAULISTA,33050196000188,NumCon,2022,11,35492.00000000
2026-10-05,964,PEDREIRA,CPFL JAGUARI,53859112000169,NumCon,2022,5,19731.00000000
2026-10-05,16440,Campinas 5-Andorinha,CPFL-PAULISTA,33050196000188,DEC,2022,3,0.47000000
2026-10-05,964,PEDREIRA,CPFL JAGUARI,53859112000169,NumCon,2022,6,19847.00000000
2026-10-05,13843,Piracicaba 4-Unileste,CPFL-PAULISTA,33050196000188,FEC,2022,10,0.37000000
2026-10-05,16464,Valinhos 2-Figueira,CPFL-PAULISTA,33050196000188,FEC,2022,6,0.27000000
2026-10-05,13843,Piracicaba 4-Unileste,CPFL-PAULISTA,33050196000188,FEC,2022,4,0.26000000
2026-10-05,13836,Hortolandia 1,CPFL-PAULISTA,33050196000188,FEC,2022,4,0.39000000
2026-10-05,16440,Campinas 5-Andorinha,CPFL-PAULISTA,33050196000188,DEC,2022,7,0.19000000
2026-10-05,13841,Rio das Pedras 1,CPFL-PAULISTA,33050196000188,DEC,2022,5,0.35000000
2026-10-05,13802,Valinhos 1,CPFL-PAULISTA,33050196000188,FEC,2022,5,1.57000000
2026-10-05,13818,Paulinia 2-Morumbi,CPFL-PAULISTA,33050196000188,DEC,2022,8,0.54000000
2026-10-05,13829,Santa Barbara 2-Barbarense,CPFL-PAULISTA,33050196000188,DEC,2022,8,0.22000000
2026-10-05,16464,Valinhos 2-Figueira,CPFL-PAULISTA,33050196000188,FEC,2022,2,0.62000000
2026-10-05,13829,Santa Barbara 2-Barbarense,CPFL-PAULISTA,33050196000188,NumCon,2022,2,26932.00000000
2026-10-05,13818,Paulinia 2-Morumbi,CPFL-PAULISTA,33050196000188,DEC,2022,7,0.18000000
2026-10-05,16440,Campinas 5-Andorinha,CPFL-PAULISTA,33050196000188,DEC,2022,8,0.22000000
2026-10-05,13793,Nova Odessa 1,CPFL-PAULISTA,33050196000188,NumCon,2022,2,17031.00000000
2026-10-05,13796,Itatiba 2-Cruzeiro,CPFL-PAULISTA,33050196000188,DEC,2022,11,0.51000000
2026-10-05,16433,Americana 1,CPFL-PAULISTA,33050196000188,FEC,2022,4,0.31000000
2026-10-05,13457,ARTUR NOGUEIRA,ELEKTRO,02328280000197,NumCon,2022,5,31545.00000000
2026-10-05,13820,Cosmopolis 1,CPFL-PAULISTA,33050196000188,DEC,2022,8,0.61000000
2026-10-05,13843,Piracicaba 4-Unileste,CPFL-PAULISTA,33050196000188,DEC,2022,4,0.34000000
2026-10-05,13817,Campinas 11-Barao Geraldo,CPFL-PAULISTA,33050196000188,NumCon,2022,12,11101.00000000
2026-10-05,13811,Campinas 4-Boa Vista,CPFL-PAULISTA,33050196000188,FEC,2022,3,0.41000000
2026-10-05,13457,ARTUR NOGUEIRA,ELEKTRO,02328280000197,NumCon,2022,2,31325.00000000
2026-10-05,13818,Paulinia 2-Morumbi,CPFL-PAULISTA,33050196000188,DEC,2022,3,0.67000000
2026-10-05,13810,Campinas 12-Cidade Jardim,CPFL-PAULISTA,33050196000188,FEC,2022,8,0.43000000
2026-10-05,16433,Americana 1,CPFL-PAULISTA,33050196000188,FEC,2022,12,0.21000000
2026-10-05,16440,Campinas 5-Andorinha,CPFL-PAULISTA,33050196000188,DEC,2022,4,0.22000000
2026-10-05,13540,MOGI MIRIM UM,ELEKTRO,02328280000197,FEC,2022,3,0.26000000
2026-10-05,13796,Itatiba 2-Cruzeiro,CPFL-PAULISTA,33050196000188,DEC,2022,12,0.34000000
2026-10-05,13831,Sumare 5-Nova Veneza,CPFL-PAULISTA,33050196000188,FEC,2022,2,0.26000000
2026-10-05,16440,Campinas 5-Andorinha,CPFL-PAULISTA,33050196000188,NumCon,2022,11,69236.00000000
2026-10-05,13843,Piracicaba 4-Unileste,CPFL-PAULISTA,33050196000188,FEC,2022,8,0.03000000
2026-10-05,13796,Itatiba 2-Cruzeiro,CPFL-PAULISTA,33050196000188,NumCon,2022,11,19412.00000000
2026-10-05,13843,Piracicaba 4-Unileste,CPFL-PAULISTA,33050196000188,NumCon,2022,2,17097.00000000
2026-10-05,13822,Americana 2-Campo Verde,CPFL-PAULISTA,33050196000188,DEC,2022,12,0.06000000
2026-10-05,13793,Nova Odessa 1,CPFL-PAULISTA,33050196000188,NumCon,2022,8,17130.00000000
2026-10-05,13831,Sumare 5-Nova Veneza,CPFL-PAULISTA,33050196000188,FEC,2022,10,0.51000000
2026-10-05,16440,Campinas 5-Andorinha,CPFL-PAULISTA,33050196000188,NumCon,2022,10,69781.00000000
2026-10-05,13836,Hortolandia 1,CPFL-PAULISTA,33050196000188,FEC,2022,1,0.66000000
2026-10-05,13831,Sumare 5-Nova Veneza,CPFL-PAULISTA,33050196000188,FEC,2022,6,0.16000000
2026-10-05,13843,Piracicaba 4-Unileste,CPFL-PAULISTA,33050196000188,NumCon,2022,8,17378.00000000
2026-10-05,13796,Itatiba 2-Cruzeiro,CPFL-PAULISTA,33050196000188,NumCon,2022,1,19127.00000000
2026-10-05,16452,Monte Mor 1,CPFL-PAULISTA,33050196000188,FEC,2022,2,0.15000000
2026-10-05,13843,Piracicaba 4-Unileste,CPFL-PAULISTA,33050196000188,FEC,2022,7,0.06000000
2026-10-05,13836,Hortolandia 1,CPFL-PAULISTA,33050196000188,FEC,2022,12,0.18000000
2026-10-05,13843,Piracicaba 4-Unileste,CPFL-PAULISTA,33050196000188,NumCon,2022,12,17546.00000000
2026-10-05,13836,Hortolandia 1,CPFL-PAULISTA,33050196000188,DEC,2022,2,0.53000000
2026-10-05,13796,Itatiba 2-Cruzeiro,CPFL-PAULISTA,33050196000188,NumCon,2022,10,19398.00000000
2026-10-05,13810,Campinas 12-Cidade Jardim,CPFL-PAULISTA,33050196000188,NumCon,2022,7,41396.00000000
2026-10-05,13805,Campinas 3-Trevo,CPFL-PAULISTA,33050196000188,DEC,2022,12,0.59000000
2026-10-05,13843,Piracicaba 4-Unileste,CPFL-PAULISTA,33050196000188,DEC,2022,10,0.72000000
2026-10-05,16440,Campinas 5-Andorinha,CPFL-PAULISTA,33050196000188,DEC,2022,12,0.36000000
2026-10-05,13819,Paulinia 1,CPFL-PAULISTA,33050196000188,FEC,2022,5,0.06000000
2026-10-05,13831,Sumare 5-Nova Veneza,CPFL-PAULISTA,33050196000188,DEC,2022,5,0.18000000
2026-10-05,16440,Campinas 5-Andorinha,CPFL-PAULISTA,33050196000188,DEC,2022,11,0.36000000
2026-10-05,13841,Rio das Pedras 1,CPFL-PAULISTA,33050196000188,FEC,2022,11,0.83000000
2026-10-05,2922,JAGUARIUNA,CPFL JAGUARI,53859112000169,FEC,2022,10,0.16000000
2026-10-05,13822,Americana 2-Campo Verde,CPFL-PAULISTA,33050196000188,DEC,2022,10,0.32000000
2026-10-05,13817,Campinas 11-Barao Geraldo,CPFL-PAULISTA,33050196000188,NumCon,2022,3,10669.00000000
2026-10-05,13832,Sumare 6-Orquidea,CPFL-PAULISTA,33050196000188,FEC,2022,11,0.44000000
2026-10-05,13796,Itatiba 2-Cruzeiro,CPFL-PAULISTA,33050196000188,NumCon,2022,9,19377.00000000
2026-10-05,13808,Campinas 1-Centro,CPFL-PAULISTA,33050196000188,DEC,2022,9,0.10000000
2026-10-05,16440,Campinas 5-Andorinha,CPFL-PAULISTA,33050196000188,DEC,2022,9,0.39000000
2026-10-05,964,PEDREIRA,CPFL JAGUARI,53859112000169,NumCon,2022,10,19928.00000000
2026-10-05,16434,Amparo 1,CPFL-PAULISTA,33050196000188,FEC,2022,2,1.07000000
2026-10-05,964,PEDREIRA,CPFL JAGUARI,53859112000169,NumCon,2022,3,19806.00000000
2026-10-05,13843,Piracicaba 4-Unileste,CPFL-PAULISTA,33050196000188,FEC,2022,1,0.15000000
2026-10-05,13810,Campinas 12-Cidade Jardim,CPFL-PAULISTA,33050196000188,FEC,2022,5,0.06000000
2026-10-05,16464,Valinhos 2-Figueira,CPFL-PAULISTA,33050196000188,FEC,2022,9,1.87000000
2026-10-05,13841,Rio das Pedras 1,CPFL-PAULISTA,33050196000188,DEC,2022,10,0.29000000
2026-10-05,13802,Valinhos 1,CPFL-PAULISTA,33050196000188,DEC,2022,7,0.27000000
2026-10-05,16434,Amparo 1,CPFL-PAULISTA,33050196000188,DEC,2022,6,0.27000000
2026-10-05,16440,Campinas 5-Andorinha,CPFL-PAULISTA,33050196000188,FEC,2022,1,0.41000000
2026-10-05,13818,Paulinia 2-Morumbi,CPFL-PAULISTA,33050196000188,NumCon,2022,6,21359.00000000
2026-10-05,16464,Valinhos 2-Figueira,CPFL-PAULISTA,33050196000188,NumCon,2022,6,24504.00000000
2026-10-05,13840,Capivari 1,CPFL-PAULISTA,33050196000188,DEC,2022,5,0.44000000
2026-10-05,13812,Campinas 14-Bandeirantes,CPFL-PAULISTA,33050196000188,NumCon,2022,9,37636.00000000
2026-10-05,964,PEDREIRA,CPFL JAGUARI,53859112000169,FEC,2022,4,0.15000000
2026-10-05,13820,Cosmopolis 1,CPFL-PAULISTA,33050196000188,DEC,2022,3,0.41000000
2026-10-05,13843,Piracicaba 4-Unileste,CPFL-PAULISTA,33050196000188,FEC,2022,3,0.14000000
2026-10-05,16440,Campinas 5-Andorinha,CPFL-PAULISTA,33050196000188,NumCon,2022,6,69558.00000000
2026-10-05,964,PEDREIRA,CPFL JAGUARI,53859112000169,NumCon,2022,4,19839.00000000
2026-10-05,13819,Paulinia 1,CPFL-PAULISTA,33050196000188,FEC,2022,10,0.25000000
2026-10-05,13540,MOGI MIRIM UM,ELEKTRO,02328280000197,FEC,2022,2,0.17000000
2026-10-05,16434,Amparo 1,CPFL-PAULISTA,33050196000188,DEC,2022,2,0.89000000
2026-10-05,13819,Paulinia 1,CPFL-PAULISTA,33050196000188,FEC,2022,2,1.01000000
2026-10-05,13831,Sumare 5-Nova Veneza,CPFL-PAULISTA,33050196000188,FEC,2022,11,0.14000000
2026-10-05,16434,Amparo 1,CPFL-PAULISTA,33050196000188,NumCon,2022,4,34905.00000000
2026-10-05,16464,Valinhos 2-Figueira,CPFL-PAULISTA,33050196000188,FEC,2022,3,0.34000000
2026-10-05,13841,Rio das Pedras 1,CPFL-PAULISTA,33050196000188,DEC,2022,12,0.66000000
2026-10-05,964,PEDREIRA,CPFL JAGUARI,53859112000169,NumCon,2022,7,19867.00000000
2026-10-05,13819,Paulinia 1,CPFL-PAULISTA,33050196000188,FEC,2022,11,0.08000000
2026-10-05,13818,Paulinia 2-Morumbi,CPFL-PAULISTA,33050196000188,FEC,2022,11,0.32000000
2026-10-05,13818,Paulinia 2-Morumbi,CPFL-PAULISTA,33050196000188,DEC,2022,1,0.67000000
2026-10-05,13586,SANTO ANTONIO DA POSSE,ELEKTRO,02328280000197,FEC,2022,12,0.26000000
2026-10-05,13826,Americana 4-Jardim,CPFL-PAULISTA,33050196000188,DEC,2022,4,0.16000000
2026-10-05,13841,Rio das Pedras 1,CPFL-PAULISTA,33050196000188,DEC,2022,11,0.69000000
2026-10-05,13809,Campinas 10-Chapadão,CPFL-PAULISTA,33050196000188,DEC,2022,3,0.19000000
2026-10-05,13826,Americana 4-Jardim,CPFL-PAULISTA,33050196000188,FEC,2022,6,0.08000000
2026-10-05,16440,Campinas 5-Andorinha,CPFL-PAULISTA,33050196000188,NumCon,2022,4,69411.00000000
2026-10-05,16434,Amparo 1,CPFL-PAULISTA,33050196000188,DEC,2022,1,0.66000000
2026-10-05,13812,Campinas 14-Bandeirantes,CPFL-PAULISTA,33050196000188,FEC,2022,7,0.47000000
2026-10-05,16434,Amparo 1,CPFL-PAULISTA,33050196000188,FEC,2022,6,0.14000000
2026-10-05,13818,Paulinia 2-Morumbi,CPFL-PAULISTA,33050196000188,FEC,2022,12,0.20000000
2026-10-05,13586,SANTO ANTONIO DA POSSE,ELEKTRO,02328280000197,FEC,2022,10,0.52000000
2026-10-05,13808,Campinas 1-Centro,CPFL-PAULISTA,33050196000188,DEC,2022,1,0.15000000
2026-10-05,16434,Amparo 1,CPFL-PAULISTA,33050196000188,DEC,2022,5,0.31000000
2026-10-05,13817,Campinas 11-Barao Geraldo,CPFL-PAULISTA,33050196000188,DEC,2022,5,1.01000000
2026-10-05,13841,Rio das Pedras 1,CPFL-PAULISTA,33050196000188,DEC,2022,4,0.13000000
2026-10-05,13807,Campinas 6-Taquaral,CPFL-PAULISTA,33050196000188,DEC,2022,3,0.28000000
2026-10-05,13818,Paulinia 2-Morumbi,CPFL-PAULISTA,33050196000188,DEC,2022,9,0.23000000
2026-10-05,16434,Amparo 1,CPFL-PAULISTA,33050196000188,FEC,2022,10,0.19000000
2026-10-05,13826,Americana 4-Jardim,CPFL-PAULISTA,33050196000188,FEC,2022,10,0.15000000
2026-10-05,13841,Rio das Pedras 1,CPFL-PAULISTA,33050196000188,DEC,2022,6,0.08000000
2026-10-05,964,PEDREIRA,CPFL JAGUARI,53859112000169,NumCon,2022,11,19934.00000000
2026-10-05,13819,Paulinia 1,CPFL-PAULISTA,33050196000188,FEC,2022,6,0.17000000
2026-10-05,16434,Amparo 1,CPFL-PAULISTA,33050196000188,NumCon,2022,2,34818.00000000
2026-10-05,13811,Campinas 4-Boa Vista,CPFL-PAULISTA,33050196000188,DEC,2022,5,0.39000000
2026-10-05,16464,Valinhos 2-Figueira,CPFL-PAULISTA,33050196000188,NumCon,2022,1,24462.00000000
2026-10-05,13808,Campinas 1-Centro,CPFL-PAULISTA,33050196000188,NumCon,2022,5,61477.00000000
2026-10-05,13834,Sumare 4-Nova Aparecida,CPFL-PAULISTA,33050196000188,FEC,2022,6,0.60000000
2026-10-05,13833,Sumare 2-Tres M,CPFL-PAULISTA,33050196000188,NumCon,2022,6,17830.00000000
2026-10-05,13841,Rio das Pedras 1,CPFL-PAULISTA,33050196000188,DEC,2022,2,0.23000000
2026-10-05,13822,Americana 2-Campo Verde,CPFL-PAULISTA,33050196000188,DEC,2022,1,0.42000000
2026-10-05,964,PEDREIRA,CPFL JAGUARI,53859112000169,NumCon,2022,1,19750.00000000
2026-10-05,16464,Valinhos 2-Figueira,CPFL-PAULISTA,33050196000188,FEC,2022,11,0.35000000
2026-10-05,13809,Campinas 10-Chapadão,CPFL-PAULISTA,33050196000188,FEC,2022,6,0.03000000
2026-10-05,13800,Campinas 9-Paineiras,CPFL-PAULISTA,33050196000188,NumCon,2022,9,27897.00000000
2026-10-05,964,PEDREIRA,CPFL JAGUARI,53859112000169,FEC,2022,7,0.05000000
2026-10-05,13834,Sumare 4-Nova Aparecida,CPFL-PAULISTA,33050196000188,FEC,2022,10,0.27000000
2026-10-05,13540,MOGI MIRIM UM,ELEKTRO,02328280000197,FEC,2022,8,0.20000000
2026-10-05,13818,Paulinia 2-Morumbi,CPFL-PAULISTA,33050196000188,DEC,2022,12,0.45000000
2026-10-05,13836,Hortolandia 1,CPFL-PAULISTA,33050196000188,FEC,2022,5,0.13000000
2026-10-05,13586,SANTO ANTONIO DA POSSE,ELEKTRO,02328280000197,DEC,2022,4,0.46000000
2026-10-05,16464,Valinhos 2-Figueira,CPFL-PAULISTA,33050196000188,FEC,2022,4,0.12000000
2026-10-05,13818,Paulinia 2-Morumbi,CPFL-PAULISTA,33050196000188,DEC,2022,11,0.54000000
2026-10-05,13812,Campinas 14-Bandeirantes,CPFL-PAULISTA,33050196000188,FEC,2022,8,0.26000000
2026-10-05,13586,SANTO ANTONIO DA POSSE,ELEKTRO,02328280000197,FEC,2022,1,0.53000000
2026-10-05,16464,Valinhos 2-Figueira,CPFL-PAULISTA,33050196000188,FEC,2022,12,0.65000000
2026-10-05,16440,Campinas 5-Andorinha,CPFL-PAULISTA,33050196000188,NumCon,2022,2,69173.00000000
2026-10-05,2922,JAGUARIUNA,CPFL JAGUARI,53859112000169,FEC,2022,11,0.51000000
2026-10-05,13817,Campinas 11-Barao Geraldo,CPFL-PAULISTA,33050196000188,NumCon,2022,7,11049.00000000
2026-10-05,13793,Nova Odessa 1,CPFL-PAULISTA,33050196000188,DEC,2022,4,0.20000000
2026-10-05,13843,Piracicaba 4-Unileste,CPFL-PAULISTA,33050196000188,NumCon,2022,3,17116.00000000
2026-10-05,16434,Amparo 1,CPFL-PAULISTA,33050196000188,DEC,2022,10,0.42000000
2026-10-05,13802,Valinhos 1,CPFL-PAULISTA,33050196000188,DEC,2022,6,0.25000000
2026-10-05,13833,Sumare 2-Tres M,CPFL-PAULISTA,33050196000188,DEC,2022,5,0.13000000
2026-10-05,13818,Paulinia 2-Morumbi,CPFL-PAULISTA,33050196000188,NumCon,2022,11,21571.00000000
2026-10-05,13814,Campinas 15-Dic,CPFL-PAULISTA,33050196000188,DEC,2022,11,0.24000000
2026-10-05,13818,Paulinia 2-Morumbi,CPFL-PAULISTA,33050196000188,NumCon,2022,10,21559.00000000
2026-10-05,13835,Sumare 3-Quilombo,CPFL-PAULISTA,33050196000188,FEC,2022,11,0.55000000
2026-10-05,13814,Campinas 15-Dic,CPFL-PAULISTA,33050196000188,DEC,2022,12,0.75000000
2026-10-05,16434,Amparo 1,CPFL-PAULISTA,33050196000188,DEC,2022,4,0.47000000
2026-10-05,13793,Nova Odessa 1,CPFL-PAULISTA,33050196000188,DEC,2022,12,0.08000000
2026-10-05,16464,Valinhos 2-Figueira,CPFL-PAULISTA,33050196000188,NumCon,2022,10,24773.00000000
2026-10-05,964,PEDREIRA,CPFL JAGUARI,53859112000169,FEC,2022,9,0.11000000
2026-10-05,16464,Valinhos 2-Figueira,CPFL-PAULISTA,33050196000188,NumCon,2022,11,24551.00000000
2026-10-05,13797,Itatiba 3-Colonial,CPFL-PAULISTA,33050196000188,DEC,2022,2,0.53000000
2026-10-05,13835,Sumare 3-Quilombo,CPFL-PAULISTA,33050196000188,FEC,2022,6,0.04000000
2026-10-05,13457,ARTUR NOGUEIRA,ELEKTRO,02328280000197,NumCon,2022,1,31265.00000000
2026-10-05,16461,Santa Barbara Doeste 1,CPFL-PAULISTA,33050196000188,DEC,2022,9,0.28000000
2026-10-05,13819,Paulinia 1,CPFL-PAULISTA,33050196000188,FEC,2022,4,0.38000000
2026-10-05,13586,SANTO ANTONIO DA POSSE,ELEKTRO,02328280000197,DEC,2022,2,0.38000000
2026-10-05,13805,Campinas 3-Trevo,CPFL-PAULISTA,33050196000188,DEC,2022,8,0.22000000
2026-10-05,13818,Paulinia 2-Morumbi,CPFL-PAULISTA,33050196000188,FEC,2022,3,0.80000000
2026-10-05,13832,Sumare 6-Orquidea,CPFL-PAULISTA,33050196000188,NumCon,2022,10,20527.00000000
2026-10-05,13819,Paulinia 1,CPFL-PAULISTA,33050196000188,FEC,2022,1,0.94000000
2026-10-05,13832,Sumare 6-Orquidea,CPFL-PAULISTA,33050196000188,NumCon,2022,11,20618.00000000
2026-10-05,2922,JAGUARIUNA,CPFL JAGUARI,53859112000169,FEC,2022,6,0.11000000
2026-10-05,13833,Sumare 2-Tres M,CPFL-PAULISTA,33050196000188,NumCon,2022,5,17807.00000000
2026-10-05,13796,Itatiba 2-Cruzeiro,CPFL-PAULISTA,33050196000188,FEC,2022,11,0.24000000
2026-10-05,13819,Paulinia 1,CPFL-PAULISTA,33050196000188,FEC,2022,3,0.50000000
2026-10-05,13835,Sumare 3-Quilombo,CPFL-PAULISTA,33050196000188,FEC,2022,5,0.26000000
2026-10-05,13835,Sumare 3-Quilombo,CPFL-PAULISTA,33050196000188,DEC,2022,5,0.31000000
2026-10-05,13799,Campinas 2-Souzas,CPFL-PAULISTA,33050196000188,NumCon,2022,5,14250.00000000
2026-10-05,13793,Nova Odessa 1,CPFL-PAULISTA,33050196000188,DEC,2022,11,0.20000000
2026-10-05,13833,Sumare 2-Tres M,CPFL-PAULISTA,33050196000188,NumCon,2022,2,17718.00000000
2026-10-05,13457,ARTUR NOGUEIRA,ELEKTRO,02328280000197,NumCon,2022,7,31656.00000000
2026-10-05,13818,Paulinia 2-Morumbi,CPFL-PAULISTA,33050196000188,NumCon,2022,7,21443.00000000
2026-10-05,13811,Campinas 4-Boa Vista,CPFL-PAULISTA,33050196000188,DEC,2022,2,0.41000000
2026-10-05,13836,Hortolandia 1,CPFL-PAULISTA,33050196000188,FEC,2022,9,0.08000000
2026-10-05,13831,Sumare 5-Nova Veneza,CPFL-PAULISTA,33050196000188,FEC,2022,12,0.11000000
2026-10-05,13819,Paulinia 1,CPFL-PAULISTA,33050196000188,FEC,2022,12,0.24000000
2026-10-05,13806,Campinas 8-Viracopos,CPFL-PAULISTA,33050196000188,FEC,2022,3,0.78000000
2026-10-05,16461,Santa Barbara Doeste 1,CPFL-PAULISTA,33050196000188,FEC,2022,5,0.12000000
2026-10-05,13457,ARTUR NOGUEIRA,ELEKTRO,02328280000197,NumCon,2022,12,31946.00000000
2026-10-05,13833,Sumare 2-Tres M,CPFL-PAULISTA,33050196000188,NumCon,2022,4,17768.00000000
2026-10-05,13818,Paulinia 2-Morumbi,CPFL-PAULISTA,33050196000188,NumCon,2022,12,21648.00000000
2026-10-05,13812,Campinas 14-Bandeirantes,CPFL-PAULISTA,33050196000188,DEC,2022,8,0.41000000
2026-10-05,964,PEDREIRA,CPFL JAGUARI,53859112000169,NumCon,2022,9,19913.00000000
2026-10-05,13800,Campinas 9-Paineiras,CPFL-PAULISTA,33050196000188,NumCon,2022,5,27819.00000000
2026-10-05,13824,Nova Odessa 2-Fazenda Velha,CPFL-PAULISTA,33050196000188,FEC,2022,5,0.29000000
2026-10-05,13793,Nova Odessa 1,CPFL-PAULISTA,33050196000188,DEC,2022,7,0.24000000
2026-10-05,16441,Campinas 7-Tanquinho,CPFL-PAULISTA,33050196000188,DEC,2022,7,0.75000000
2026-10-05,13586,SANTO ANTONIO DA POSSE,ELEKTRO,02328280000197,FEC,2022,8,0.22000000
2026-10-05,13793,Nova Odessa 1,CPFL-PAULISTA,33050196000188,NumCon,2022,6,17111.00000000
2026-10-05,13809,Campinas 10-Chapadão,CPFL-PAULISTA,33050196000188,FEC,2022,5,0.17000000
2026-10-05,13837,Hortolandia 2-Morro Azul,CPFL-PAULISTA,33050196000188,NumCon,2022,9,30816.00000000
2026-10-05,13799,Campinas 2-Souzas,CPFL-PAULISTA,33050196000188,NumCon,2022,1,14016.00000000
2026-10-05,13829,Santa Barbara 2-Barbarense,CPFL-PAULISTA,33050196000188,NumCon,2022,9,27347.00000000
2026-10-05,13812,Campinas 14-Bandeirantes,CPFL-PAULISTA,33050196000188,FEC,2022,11,0.77000000
2026-10-05,13793,Nova Odessa 1,CPFL-PAULISTA,33050196000188,DEC,2022,8,0.36000000
2026-10-05,964,PEDREIRA,CPFL JAGUARI,53859112000169,FEC,2022,8,0.23000000
2026-10-05,13843,Piracicaba 4-Unileste,CPFL-PAULISTA,33050196000188,NumCon,2022,6,17282.00000000
2026-10-05,13457,ARTUR NOGUEIRA,ELEKTRO,02328280000197,NumCon,2022,11,31901.00000000
2026-10-05,964,PEDREIRA,CPFL JAGUARI,53859112000169,NumCon,2022,8,19881.00000000
2026-10-05,13812,Campinas 14-Bandeirantes,CPFL-PAULISTA,33050196000188,FEC,2022,12,0.21000000
2026-10-05,13830,Sumare 1,CPFL-PAULISTA,33050196000188,NumCon,2022,5,23909.00000000
2026-10-05,13457,ARTUR NOGUEIRA,ELEKTRO,02328280000197,NumCon,2022,9,31797.00000000
2026-10-05,13820,Cosmopolis 1,CPFL-PAULISTA,33050196000188,NumCon,2022,11,24884.00000000
2026-10-05,13820,Cosmopolis 1,CPFL-PAULISTA,33050196000188,DEC,2022,7,0.40000000
2026-10-05,13833,Sumare 2-Tres M,CPFL-PAULISTA,33050196000188,NumCon,2022,8,17804.00000000
2026-10-05,13806,Campinas 8-Viracopos,CPFL-PAULISTA,33050196000188,FEC,2022,11,0.22000000
2026-10-05,13830,Sumare 1,CPFL-PAULISTA,33050196000188,NumCon,2022,9,24031.00000000
2026-10-05,13806,Campinas 8-Viracopos,CPFL-PAULISTA,33050196000188,FEC,2022,12,0.23000000
2026-10-05,13835,Sumare 3-Quilombo,CPFL-PAULISTA,33050196000188,FEC,2022,3,0.40000000
2026-10-05,13812,Campinas 14-Bandeirantes,CPFL-PAULISTA,33050196000188,DEC,2022,7,0.65000000
2026-10-05,13820,Cosmopolis 1,CPFL-PAULISTA,33050196000188,NumCon,2022,10,24892.00000000
2026-10-05,13830,Sumare 1,CPFL-PAULISTA,33050196000188,NumCon,2022,12,24201.00000000
2026-10-05,13799,Campinas 2-Souzas,CPFL-PAULISTA,33050196000188,NumCon,2022,4,14102.00000000
2026-10-05,13812,Campinas 14-Bandeirantes,CPFL-PAULISTA,33050196000188,FEC,2022,3,0.57000000
2026-10-05,13812,Campinas 14-Bandeirantes,CPFL-PAULISTA,33050196000188,DEC,2022,3,0.52000000
2026-10-05,964,PEDREIRA,CPFL JAGUARI,53859112000169,FEC,2022,3,0.15000000
2026-10-05,13800,Campinas 9-Paineiras,CPFL-PAULISTA,33050196000188,NumCon,2022,1,27699.00000000
2026-10-05,13830,Sumare 1,CPFL-PAULISTA,33050196000188,NumCon,2022,3,23422.00000000
2026-10-05,13793,Nova Odessa 1,CPFL-PAULISTA,33050196000188,DEC,2022,1,0.34000000
2026-10-05,13832,Sumare 6-Orquidea,CPFL-PAULISTA,33050196000188,FEC,2022,10,0.24000000
2026-10-05,13814,Campinas 15-Dic,CPFL-PAULISTA,33050196000188,FEC,2022,3,0.40000000
2026-10-05,13817,Campinas 11-Barao Geraldo,CPFL-PAULISTA,33050196000188,FEC,2022,5,1.02000000
2026-10-05,13796,Itatiba 2-Cruzeiro,CPFL-PAULISTA,33050196000188,FEC,2022,4,0.42000000
2026-10-05,13818,Paulinia 2-Morumbi,CPFL-PAULISTA,33050196000188,NumCon,2022,3,21151.00000000
2026-10-05,13800,Campinas 9-Paineiras,CPFL-PAULISTA,33050196000188,FEC,2022,7,0.14000000
2026-10-05,13824,Nova Odessa 2-Fazenda Velha,CPFL-PAULISTA,33050196000188,FEC,2022,9,0.21000000
2026-10-05,13457,ARTUR NOGUEIRA,ELEKTRO,02328280000197,NumCon,2022,8,31730.00000000
2026-10-05,13824,Nova Odessa 2-Fazenda Velha,CPFL-PAULISTA,33050196000188,NumCon,2022,10,17427.00000000
2026-10-05,13586,SANTO ANTONIO DA POSSE,ELEKTRO,02328280000197,FEC,2022,4,0.17000000
2026-10-05,16464,Valinhos 2-Figueira,CPFL-PAULISTA,33050196000188,NumCon,2022,8,24761.00000000
2026-10-05,16461,Santa Barbara Doeste 1,CPFL-PAULISTA,33050196000188,FEC,2022,3,0.18000000
2026-10-05,13799,Campinas 2-Souzas,CPFL-PAULISTA,33050196000188,NumCon,2022,9,14223.00000000
2026-10-05,13822,Americana 2-Campo Verde,CPFL-PAULISTA,33050196000188,NumCon,2022,3,24847.00000000
2026-10-05,964,PEDREIRA,CPFL JAGUARI,53859112000169,FEC,2022,10,0.11000000
2026-10-05,13793,Nova Odessa 1,CPFL-PAULISTA,33050196000188,NumCon,2022,7,17113.00000000
2026-10-05,13586,SANTO ANTONIO DA POSSE,ELEKTRO,02328280000197,FEC,2022,11,0.33000000
2026-10-05,13814,Campinas 15-Dic,CPFL-PAULISTA,33050196000188,NumCon,2022,5,29089.00000000
2026-10-05,13830,Sumare 1,CPFL-PAULISTA,33050196000188,NumCon,2022,1,22652.00000000
2026-10-05,13805,Campinas 3-Trevo,CPFL-PAULISTA,33050196000188,NumCon,2022,1,38834.00000000
2026-10-05,13793,Nova Odessa 1,CPFL-PAULISTA,33050196000188,FEC,2022,5,0.41000000
2026-10-05,13457,ARTUR NOGUEIRA,ELEKTRO,02328280000197,NumCon,2022,10,31843.00000000
2026-10-05,13586,SANTO ANTONIO DA POSSE,ELEKTRO,02328280000197,FEC,2022,7,0.06000000
2026-10-05,13799,Campinas 2-Souzas,CPFL-PAULISTA,33050196000188,NumCon,2022,8,14242.00000000
2026-10-05,13457,ARTUR NOGUEIRA,ELEKTRO,02328280000197,FEC,2022,10,0.37000000
2026-10-05,13837,Hortolandia 2-Morro Azul,CPFL-PAULISTA,33050196000188,DEC,2022,11,0.38000000
2026-10-05,13814,Campinas 15-Dic,CPFL-PAULISTA,33050196000188,FEC,2022,7,0.37000000
2026-10-05,13824,Nova Odessa 2-Fazenda Velha,CPFL-PAULISTA,33050196000188,FEC,2022,3,0.27000000
2026-10-05,13807,Campinas 6-Taquaral,CPFL-PAULISTA,33050196000188,DEC,2022,4,0.21000000
2026-10-05,13799,Campinas 2-Souzas,CPFL-PAULISTA,33050196000188,NumCon,2022,2,14064.00000000
2026-10-05,13818,Paulinia 2-Morumbi,CPFL-PAULISTA,33050196000188,FEC,2022,4,0.35000000
2026-10-05,13824,Nova Odessa 2-Fazenda Velha,CPFL-PAULISTA,33050196000188,FEC,2022,7,0.08000000
2026-10-05,13812,Campinas 14-Bandeirantes,CPFL-PAULISTA,33050196000188,DEC,2022,1,0.55000000
2026-10-05,13822,Americana 2-Campo Verde,CPFL-PAULISTA,33050196000188,DEC,2022,7,0.23000000
2026-10-05,13833,Sumare 2-Tres M,CPFL-PAULISTA,33050196000188,NumCon,2022,10,17819.00000000
2026-10-05,13806,Campinas 8-Viracopos,CPFL-PAULISTA,33050196000188,FEC,2022,8,0.07000000
2026-10-05,13833,Sumare 2-Tres M,CPFL-PAULISTA,33050196000188,NumCon,2022,11,17828.00000000
2026-10-05,13824,Nova Odessa 2-Fazenda Velha,CPFL-PAULISTA,33050196000188,FEC,2022,8,0.41000000
2026-10-05,13457,ARTUR NOGUEIRA,ELEKTRO,02328280000197,FEC,2022,12,0.22000000
2026-10-05,16434,Amparo 1,CPFL-PAULISTA,33050196000188,FEC,2022,4,0.15000000
2026-10-05,13814,Campinas 15-Dic,CPFL-PAULISTA,33050196000188,FEC,2022,8,0.49000000
2026-10-05,13807,Campinas 6-Taquaral,CPFL-PAULISTA,33050196000188,DEC,2022,10,0.30000000
2026-10-05,13800,Campinas 9-Paineiras,CPFL-PAULISTA,33050196000188,FEC,2022,8,0.26000000
2026-10-05,13824,Nova Odessa 2-Fazenda Velha,CPFL-PAULISTA,33050196000188,NumCon,2022,11,17525.00000000
2026-10-05,13830,Sumare 1,CPFL-PAULISTA,33050196000188,NumCon,2022,7,24043.00000000
2026-10-05,13808,Campinas 1-Centro,CPFL-PAULISTA,33050196000188,DEC,2022,5,0.08000000
2026-10-05,13837,Hortolandia 2-Morro Azul,CPFL-PAULISTA,33050196000188,NumCon,2022,7,30692.00000000
2026-10-05,13797,Itatiba 3-Colonial,CPFL-PAULISTA,33050196000188,NumCon,2022,5,33938.00000000
2026-10-05,16461,Santa Barbara Doeste 1,CPFL-PAULISTA,33050196000188,FEC,2022,1,0.10000000
2026-10-05,13814,Campinas 15-Dic,CPFL-PAULISTA,33050196000188,FEC,2022,12,0.42000000
2026-10-05,13824,Nova Odessa 2-Fazenda Velha,CPFL-PAULISTA,33050196000188,FEC,2022,1,0.43000000
2026-10-05,13793,Nova Odessa 1,CPFL-PAULISTA,33050196000188,NumCon,2022,1,17045.00000000
2026-10-05,13800,Campinas 9-Paineiras,CPFL-PAULISTA,33050196000188,NumCon,2022,3,27735.00000000
2026-10-05,13818,Paulinia 2-Morumbi,CPFL-PAULISTA,33050196000188,NumCon,2022,8,21514.00000000
2026-10-05,13818,Paulinia 2-Morumbi,CPFL-PAULISTA,33050196000188,NumCon,2022,4,21231.00000000
2026-10-05,13822,Americana 2-Campo Verde,CPFL-PAULISTA,33050196000188,NumCon,2022,12,25082.00000000
2026-10-05,13817,Campinas 11-Barao Geraldo,CPFL-PAULISTA,33050196000188,FEC,2022,6,0.11000000
2026-10-05,13837,Hortolandia 2-Morro Azul,CPFL-PAULISTA,33050196000188,NumCon,2022,3,30392.00000000
2026-10-05,16461,Santa Barbara Doeste 1,CPFL-PAULISTA,33050196000188,FEC,2022,7,0.44000000
2026-10-05,13835,Sumare 3-Quilombo,CPFL-PAULISTA,33050196000188,DEC,2022,10,0.16000000
2026-10-05,13829,Santa Barbara 2-Barbarense,CPFL-PAULISTA,33050196000188,FEC,2022,3,0.17000000
2026-10-05,13811,Campinas 4-Boa Vista,CPFL-PAULISTA,33050196000188,FEC,2022,9,0.22000000
2026-10-05,13802,Valinhos 1,CPFL-PAULISTA,33050196000188,DEC,2022,3,0.45000000
2026-10-05,13796,Itatiba 2-Cruzeiro,CPFL-PAULISTA,33050196000188,DEC,2022,9,0.57000000
2026-10-05,13808,Campinas 1-Centro,CPFL-PAULISTA,33050196000188,NumCon,2022,11,61862.00000000
2026-10-05,13806,Campinas 8-Viracopos,CPFL-PAULISTA,33050196000188,FEC,2022,7,0.20000000
2026-10-05,13837,Hortolandia 2-Morro Azul,CPFL-PAULISTA,33050196000188,NumCon,2022,12,31247.00000000
2026-10-05,13457,ARTUR NOGUEIRA,ELEKTRO,02328280000197,FEC,2022,11,0.18000000
2026-10-05,13818,Paulinia 2-Morumbi,CPFL-PAULISTA,33050196000188,NumCon,2022,2,21086.00000000
2026-10-05,13841,Rio das Pedras 1,CPFL-PAULISTA,33050196000188,NumCon,2022,7,12508.00000000
2026-10-05,16461,Santa Barbara Doeste 1,CPFL-PAULISTA,33050196000188,FEC,2022,8,0.37000000
2026-10-05,13837,Hortolandia 2-Morro Azul,CPFL-PAULISTA,33050196000188,DEC,2022,5,0.31000000
2026-10-05,16464,Valinhos 2-Figueira,CPFL-PAULISTA,33050196000188,NumCon,2022,5,24552.00000000
2026-10-05,13833,Sumare 2-Tres M,CPFL-PAULISTA,33050196000188,DEC,2022,2,0.03000000
2026-10-05,16434,Amparo 1,CPFL-PAULISTA,33050196000188,FEC,2022,3,0.18000000
2026-10-05,13837,Hortolandia 2-Morro Azul,CPFL-PAULISTA,33050196000188,DEC,2022,2,0.38000000
2026-10-05,13806,Campinas 8-Viracopos,CPFL-PAULISTA,33050196000188,NumCon,2022,10,20604.00000000
2026-10-05,13829,Santa Barbara 2-Barbarense,CPFL-PAULISTA,33050196000188,FEC,2022,12,0.18000000
2026-10-05,13802,Valinhos 1,CPFL-PAULISTA,33050196000188,DEC,2022,11,0.61000000
2026-10-05,13807,Campinas 6-Taquaral,CPFL-PAULISTA,33050196000188,DEC,2022,12,0.12000000
2026-10-05,964,PEDREIRA,CPFL JAGUARI,53859112000169,FEC,2022,1,0.31000000
2026-10-05,13818,Paulinia 2-Morumbi,CPFL-PAULISTA,33050196000188,NumCon,2022,5,21277.00000000
2026-10-05,13811,Campinas 4-Boa Vista,CPFL-PAULISTA,33050196000188,DEC,2022,6,0.29000000
2026-10-05,13806,Campinas 8-Viracopos,CPFL-PAULISTA,33050196000188,NumCon,2022,11,20565.00000000
2026-10-05,13807,Campinas 6-Taquaral,CPFL-PAULISTA,33050196000188,DEC,2022,11,0.24000000
2026-10-05,13818,Paulinia 2-Morumbi,CPFL-PAULISTA,33050196000188,NumCon,2022,9,21512.00000000
2026-10-05,964,PEDREIRA,CPFL JAGUARI,53859112000169,FEC,2022,12,0.26000000
2026-10-05,13841,Rio das Pedras 1,CPFL-PAULISTA,33050196000188,NumCon,2022,12,12706.00000000
2026-10-05,13830,Sumare 1,CPFL-PAULISTA,33050196000188,NumCon,2022,10,24109.00000000
2026-10-05,2922,JAGUARIUNA,CPFL JAGUARI,53859112000169,NumCon,2022,9,26782.00000000
2026-10-05,13830,Sumare 1,CPFL-PAULISTA,33050196000188,FEC,2022,3,0.31000000
2026-10-05,13830,Sumare 1,CPFL-PAULISTA,33050196000188,NumCon,2022,11,24107.00000000
2026-10-05,13802,Valinhos 1,CPFL-PAULISTA,33050196000188,FEC,2022,10,0.25000000
2026-10-05,2922,JAGUARIUNA,CPFL JAGUARI,53859112000169,NumCon,2022,8,26705.00000000
2026-10-05,13805,Campinas 3-Trevo,CPFL-PAULISTA,33050196000188,DEC,2022,7,0.28000000
2026-10-05,16452,Monte Mor 1,CPFL-PAULISTA,33050196000188,FEC,2022,5,0.19000000
2026-10-05,13805,Campinas 3-Trevo,CPFL-PAULISTA,33050196000188,NumCon,2022,7,39348.00000000
2026-10-05,13826,Americana 4-Jardim,CPFL-PAULISTA,33050196000188,DEC,2022,10,0.24000000
2026-10-05,13820,Cosmopolis 1,CPFL-PAULISTA,33050196000188,DEC,2022,6,0.57000000
2026-10-05,13818,Paulinia 2-Morumbi,CPFL-PAULISTA,33050196000188,NumCon,2022,1,21015.00000000
2026-10-05,13817,Campinas 11-Barao Geraldo,CPFL-PAULISTA,33050196000188,FEC,2022,3,0.19000000
2026-10-05,13812,Campinas 14-Bandeirantes,CPFL-PAULISTA,33050196000188,DEC,2022,9,0.28000000
2026-10-05,13822,Americana 2-Campo Verde,CPFL-PAULISTA,33050196000188,NumCon,2022,7,24989.00000000
2026-10-05,13817,Campinas 11-Barao Geraldo,CPFL-PAULISTA,33050196000188,FEC,2022,12,0.21000000
2026-10-05,13799,Campinas 2-Souzas,CPFL-PAULISTA,33050196000188,NumCon,2022,7,14333.00000000
2026-10-05,13835,Sumare 3-Quilombo,CPFL-PAULISTA,33050196000188,DEC,2022,4,0.43000000
2026-10-05,13829,Santa Barbara 2-Barbarense,CPFL-PAULISTA,33050196000188,FEC,2022,1,0.08000000
2026-10-05,13809,Campinas 10-Chapadão,CPFL-PAULISTA,33050196000188,DEC,2022,7,0.56000000
2026-10-05,13836,Hortolandia 1,CPFL-PAULISTA,33050196000188,DEC,2022,4,0.37000000
2026-10-05,13817,Campinas 11-Barao Geraldo,CPFL-PAULISTA,33050196000188,FEC,2022,8,0.12000000
2026-10-05,13793,Nova Odessa 1,CPFL-PAULISTA,33050196000188,DEC,2022,3,0.28000000
2026-10-05,13817,Campinas 11-Barao Geraldo,CPFL-PAULISTA,33050196000188,FEC,2022,7,0.06000000
2026-10-05,13841,Rio das Pedras 1,CPFL-PAULISTA,33050196000188,NumCon,2022,3,12452.00000000
2026-10-05,13807,Campinas 6-Taquaral,CPFL-PAULISTA,33050196000188,DEC,2022,6,0.15000000
2026-10-05,13811,Campinas 4-Boa Vista,CPFL-PAULISTA,33050196000188,NumCon,2022,10,18459.00000000
2026-10-05,16434,Amparo 1,CPFL-PAULISTA,33050196000188,FEC,2022,11,0.18000000
2026-10-05,13799,Campinas 2-Souzas,CPFL-PAULISTA,33050196000188,NumCon,2022,12,14311.00000000
2026-10-05,13817,Campinas 11-Barao Geraldo,CPFL-PAULISTA,33050196000188,FEC,2022,11,0.47000000
2026-10-05,13814,Campinas 15-Dic,CPFL-PAULISTA,33050196000188,FEC,2022,11,0.11000000
2026-10-05,13799,Campinas 2-Souzas,CPFL-PAULISTA,33050196000188,NumCon,2022,3,14072.00000000
2026-10-05,13826,Americana 4-Jardim,CPFL-PAULISTA,33050196000188,DEC,2022,7,0.09000000
2026-10-05,13826,Americana 4-Jardim,CPFL-PAULISTA,33050196000188,NumCon,2022,3,42300.00000000
2026-10-05,13820,Cosmopolis 1,CPFL-PAULISTA,33050196000188,DEC,2022,5,0.55000000
2026-10-05,13802,Valinhos 1,CPFL-PAULISTA,33050196000188,DEC,2022,8,0.24000000
2026-10-05,13832,Sumare 6-Orquidea,CPFL-PAULISTA,33050196000188,DEC,2022,5,0.30000000
2026-10-05,13811,Campinas 4-Boa Vista,CPFL-PAULISTA,33050196000188,NumCon,2022,11,18360.00000000
2026-10-05,13802,Valinhos 1,CPFL-PAULISTA,33050196000188,FEC,2022,2,0.27000000
2026-10-05,13818,Paulinia 2-Morumbi,CPFL-PAULISTA,33050196000188,FEC,2022,1,0.24000000
2026-10-05,13811,Campinas 4-Boa Vista,CPFL-PAULISTA,33050196000188,DEC,2022,8,0.56000000
2026-10-05,13806,Campinas 8-Viracopos,CPFL-PAULISTA,33050196000188,FEC,2022,1,0.41000000
2026-10-05,964,PEDREIRA,CPFL JAGUARI,53859112000169,FEC,2022,5,0.19000000
2026-10-05,13829,Santa Barbara 2-Barbarense,CPFL-PAULISTA,33050196000188,FEC,2022,4,0.06000000
2026-10-05,13814,Campinas 15-Dic,CPFL-PAULISTA,33050196000188,DEC,2022,8,0.78000000
2026-10-05,964,PEDREIRA,CPFL JAGUARI,53859112000169,NumCon,2022,2,19769.00000000
2026-10-05,13809,Campinas 10-Chapadão,CPFL-PAULISTA,33050196000188,DEC,2022,8,0.39000000
2026-10-05,13814,Campinas 15-Dic,CPFL-PAULISTA,33050196000188,NumCon,2022,1,28932.00000000
2026-10-05,13817,Campinas 11-Barao Geraldo,CPFL-PAULISTA,33050196000188,FEC,2022,2,0.16000000
2026-10-05,13814,Campinas 15-Dic,CPFL-PAULISTA,33050196000188,FEC,2022,4,0.11000000
2026-10-05,13811,Campinas 4-Boa Vista,CPFL-PAULISTA,33050196000188,DEC,2022,3,0.51000000
2026-10-05,16464,Valinhos 2-Figueira,CPFL-PAULISTA,33050196000188,FEC,2022,7,0.25000000
2026-10-05,13817,Campinas 11-Barao Geraldo,CPFL-PAULISTA,33050196000188,FEC,2022,10,0.20000000
2026-10-05,13826,Americana 4-Jardim,CPFL-PAULISTA,33050196000188,DEC,2022,8,0.31000000
2026-10-05,13811,Campinas 4-Boa Vista,CPFL-PAULISTA,33050196000188,FEC,2022,1,0.62000000
2026-10-05,13814,Campinas 15-Dic,CPFL-PAULISTA,33050196000188,NumCon,2022,11,29015.00000000
2026-10-05,13826,Americana 4-Jardim,CPFL-PAULISTA,33050196000188,DEC,2022,1,0.11000000
2026-10-05,13814,Campinas 15-Dic,CPFL-PAULISTA,33050196000188,DEC,2022,3,0.52000000
2026-10-05,13809,Campinas 10-Chapadão,CPFL-PAULISTA,33050196000188,DEC,2022,9,0.34000000
2026-10-05,13829,Santa Barbara 2-Barbarense,CPFL-PAULISTA,33050196000188,FEC,2022,7,0.52000000
2026-10-05,13814,Campinas 15-Dic,CPFL-PAULISTA,33050196000188,DEC,2022,7,0.62000000
2026-10-05,13807,Campinas 6-Taquaral,CPFL-PAULISTA,33050196000188,FEC,2022,6,0.06000000
2026-10-05,16441,Campinas 7-Tanquinho,CPFL-PAULISTA,33050196000188,DEC,2022,4,0.74000000
2026-10-05,16434,Amparo 1,CPFL-PAULISTA,33050196000188,FEC,2022,12,0.30000000
2026-10-05,13793,Nova Odessa 1,CPFL-PAULISTA,33050196000188,NumCon,2022,3,17022.00000000
2026-10-05,13807,Campinas 6-Taquaral,CPFL-PAULISTA,33050196000188,FEC,2022,10,0.40000000
2026-10-05,13800,Campinas 9-Paineiras,CPFL-PAULISTA,33050196000188,NumCon,2022,12,27997.00000000
2026-10-05,13812,Campinas 14-Bandeirantes,CPFL-PAULISTA,33050196000188,FEC,2022,9,0.29000000
2026-10-05,13806,Campinas 8-Viracopos,CPFL-PAULISTA,33050196000188,FEC,2022,4,0.09000000
2026-10-05,13840,Capivari 1,CPFL-PAULISTA,33050196000188,DEC,2022,12,0.14000000
2026-10-05,13802,Valinhos 1,CPFL-PAULISTA,33050196000188,DEC,2022,10,0.31000000
2026-10-05,13457,ARTUR NOGUEIRA,ELEKTRO,02328280000197,DEC,2022,4,0.61000000
2026-10-05,13793,Nova Odessa 1,CPFL-PAULISTA,33050196000188,DEC,2022,2,0.23000000
2026-10-05,13807,Campinas 6-Taquaral,CPFL-PAULISTA,33050196000188,FEC,2022,2,0.33000000
2026-10-05,13817,Campinas 11-Barao Geraldo,CPFL-PAULISTA,33050196000188,FEC,2022,4,0.18000000
2026-10-05,13814,Campinas 15-Dic,CPFL-PAULISTA,33050196000188,DEC,2022,9,0.27000000
2026-10-05,13837,Hortolandia 2-Morro Azul,CPFL-PAULISTA,33050196000188,NumCon,2022,10,31074.00000000
2026-10-05,13800,Campinas 9-Paineiras,CPFL-PAULISTA,33050196000188,FEC,2022,4,0.15000000
2026-10-05,13836,Hortolandia 1,CPFL-PAULISTA,33050196000188,DEC,2022,12,0.21000000
2026-10-05,16461,Santa Barbara Doeste 1,CPFL-PAULISTA,33050196000188,FEC,2022,9,0.38000000
2026-10-05,16441,Campinas 7-Tanquinho,CPFL-PAULISTA,33050196000188,DEC,2022,9,1.13000000
2026-10-05,13457,ARTUR NOGUEIRA,ELEKTRO,02328280000197,FEC,2022,4,0.43000000
2026-10-05,13807,Campinas 6-Taquaral,CPFL-PAULISTA,33050196000188,FEC,2022,5,0.18000000
2026-10-05,13807,Campinas 6-Taquaral,CPFL-PAULISTA,33050196000188,NumCon,2022,2,38158.00000000
2026-10-05,13809,Campinas 10-Chapadão,CPFL-PAULISTA,33050196000188,DEC,2022,1,0.31000000
2026-10-05,13831,Sumare 5-Nova Veneza,CPFL-PAULISTA,33050196000188,DEC,2022,11,0.25000000
2026-10-05,13814,Campinas 15-Dic,CPFL-PAULISTA,33050196000188,NumCon,2022,10,29160.00000000
2026-10-05,13805,Campinas 3-Trevo,CPFL-PAULISTA,33050196000188,DEC,2022,2,0.21000000
2026-10-05,13793,Nova Odessa 1,CPFL-PAULISTA,33050196000188,NumCon,2022,12,17155.00000000
2026-10-05,13800,Campinas 9-Paineiras,CPFL-PAULISTA,33050196000188,NumCon,2022,7,27870.00000000
2026-10-05,13829,Santa Barbara 2-Barbarense,CPFL-PAULISTA,33050196000188,FEC,2022,5,0.17000000
2026-10-05,13831,Sumare 5-Nova Veneza,CPFL-PAULISTA,33050196000188,FEC,2022,9,0.39000000
2026-10-05,13802,Valinhos 1,CPFL-PAULISTA,33050196000188,FEC,2022,4,0.41000000
2026-10-05,13806,Campinas 8-Viracopos,CPFL-PAULISTA,33050196000188,DEC,2022,5,0.39000000
2026-10-05,13837,Hortolandia 2-Morro Azul,CPFL-PAULISTA,33050196000188,NumCon,2022,11,31152.00000000
2026-10-05,13831,Sumare 5-Nova Veneza,CPFL-PAULISTA,33050196000188,FEC,2022,1,0.55000000
2026-10-05,13805,Campinas 3-Trevo,CPFL-PAULISTA,33050196000188,NumCon,2022,5,39213.00000000
2026-10-05,13812,Campinas 14-Bandeirantes,CPFL-PAULISTA,33050196000188,FEC,2022,1,0.23000000
2026-10-05,13796,Itatiba 2-Cruzeiro,CPFL-PAULISTA,33050196000188,DEC,2022,10,0.33000000
2026-10-05,13797,Itatiba 3-Colonial,CPFL-PAULISTA,33050196000188,DEC,2022,4,1.75000000
2026-10-05,13840,Capivari 1,CPFL-PAULISTA,33050196000188,DEC,2022,11,0.63000000
2026-10-05,13835,Sumare 3-Quilombo,CPFL-PAULISTA,33050196000188,FEC,2022,9,0.35000000
2026-10-05,13805,Campinas 3-Trevo,CPFL-PAULISTA,33050196000188,NumCon,2022,9,39435.00000000
2026-10-05,13840,Capivari 1,CPFL-PAULISTA,33050196000188,NumCon,2022,12,26579.00000000
2026-10-05,13793,Nova Odessa 1,CPFL-PAULISTA,33050196000188,DEC,2022,5,0.52000000
2026-10-05,13797,Itatiba 3-Colonial,CPFL-PAULISTA,33050196000188,NumCon,2022,3,33759.00000000
2026-10-05,13800,Campinas 9-Paineiras,CPFL-PAULISTA,33050196000188,NumCon,2022,6,27832.00000000
2026-10-05,13818,Paulinia 2-Morumbi,CPFL-PAULISTA,33050196000188,FEC,2022,8,0.24000000
2026-10-05,2922,JAGUARIUNA,CPFL JAGUARI,53859112000169,DEC,2022,12,0.46000000
2026-10-05,13840,Capivari 1,CPFL-PAULISTA,33050196000188,NumCon,2022,3,26145.00000000
2026-10-05,13829,Santa Barbara 2-Barbarense,CPFL-PAULISTA,33050196000188,FEC,2022,8,0.22000000
2026-10-05,13799,Campinas 2-Souzas,CPFL-PAULISTA,33050196000188,FEC,2022,5,0.33000000
2026-10-05,13843,Piracicaba 4-Unileste,CPFL-PAULISTA,33050196000188,NumCon,2022,10,17466.00000000
2026-10-05,13831,Sumare 5-Nova Veneza,CPFL-PAULISTA,33050196000188,FEC,2022,5,0.05000000
2026-10-05,13793,Nova Odessa 1,CPFL-PAULISTA,33050196000188,NumCon,2022,11,17135.00000000
2026-10-05,16433,Americana 1,CPFL-PAULISTA,33050196000188,DEC,2022,2,0.09000000
2026-10-05,13800,Campinas 9-Paineiras,CPFL-PAULISTA,33050196000188,FEC,2022,5,0.14000000
2026-10-05,13822,Americana 2-Campo Verde,CPFL-PAULISTA,33050196000188,DEC,2022,9,0.36000000
2026-10-05,13840,Capivari 1,CPFL-PAULISTA,33050196000188,NumCon,2022,6,26207.00000000
2026-10-05,13835,Sumare 3-Quilombo,CPFL-PAULISTA,33050196000188,FEC,2022,2,0.12000000
2026-10-05,13835,Sumare 3-Quilombo,CPFL-PAULISTA,33050196000188,DEC,2022,3,0.34000000
2026-10-05,13835,Sumare 3-Quilombo,CPFL-PAULISTA,33050196000188,FEC,2022,8,0.27000000
2026-10-05,13814,Campinas 15-Dic,CPFL-PAULISTA,33050196000188,FEC,2022,9,0.18000000
2026-10-05,13831,Sumare 5-Nova Veneza,CPFL-PAULISTA,33050196000188,DEC,2022,12,0.15000000
2026-10-05,13800,Campinas 9-Paineiras,CPFL-PAULISTA,33050196000188,NumCon,2022,11,27631.00000000
2026-10-05,13835,Sumare 3-Quilombo,CPFL-PAULISTA,33050196000188,DEC,2022,6,0.12000000
2026-10-05,13829,Santa Barbara 2-Barbarense,CPFL-PAULISTA,33050196000188,FEC,2022,9,0.12000000
2026-10-05,13831,Sumare 5-Nova Veneza,CPFL-PAULISTA,33050196000188,FEC,2022,8,0.27000000
2026-10-05,13814,Campinas 15-Dic,CPFL-PAULISTA,33050196000188,DEC,2022,1,0.50000000
2026-10-05,13832,Sumare 6-Orquidea,CPFL-PAULISTA,33050196000188,FEC,2022,12,0.05000000
2026-10-05,13831,Sumare 5-Nova Veneza,CPFL-PAULISTA,33050196000188,FEC,2022,3,0.93000000
2026-10-05,13797,Itatiba 3-Colonial,CPFL-PAULISTA,33050196000188,DEC,2022,11,0.25000000
2026-10-05,964,PEDREIRA,CPFL JAGUARI,53859112000169,NumCon,2022,12,19934.00000000
2026-10-05,13807,Campinas 6-Taquaral,CPFL-PAULISTA,33050196000188,NumCon,2022,4,38444.00000000
2026-10-05,13836,Hortolandia 1,CPFL-PAULISTA,33050196000188,DEC,2022,11,0.46000000
2026-10-05,13799,Campinas 2-Souzas,CPFL-PAULISTA,33050196000188,DEC,2022,6,0.67000000
2026-10-05,13814,Campinas 15-Dic,CPFL-PAULISTA,33050196000188,NumCon,2022,9,29178.00000000
2026-10-05,13840,Capivari 1,CPFL-PAULISTA,33050196000188,NumCon,2022,7,26286.00000000
2026-10-05,13811,Campinas 4-Boa Vista,CPFL-PAULISTA,33050196000188,DEC,2022,7,0.47000000
2026-10-05,13826,Americana 4-Jardim,CPFL-PAULISTA,33050196000188,DEC,2022,3,0.08000000
2026-10-05,13800,Campinas 9-Paineiras,CPFL-PAULISTA,33050196000188,FEC,2022,11,0.19000000
2026-10-05,13841,Rio das Pedras 1,CPFL-PAULISTA,33050196000188,NumCon,2022,9,12647.00000000
2026-10-05,16433,Americana 1,CPFL-PAULISTA,33050196000188,DEC,2022,7,0.26000000
2026-10-05,13840,Capivari 1,CPFL-PAULISTA,33050196000188,DEC,2022,1,1.12000000
2026-10-05,13818,Paulinia 2-Morumbi,CPFL-PAULISTA,33050196000188,FEC,2022,7,0.06000000
2026-10-05,13797,Itatiba 3-Colonial,CPFL-PAULISTA,33050196000188,DEC,2022,12,0.56000000
2026-10-05,13832,Sumare 6-Orquidea,CPFL-PAULISTA,33050196000188,FEC,2022,1,0.18000000
2026-10-05,2922,JAGUARIUNA,CPFL JAGUARI,53859112000169,DEC,2022,2,0.41000000
2026-10-05,13806,Campinas 8-Viracopos,CPFL-PAULISTA,33050196000188,DEC,2022,12,0.25000000
2026-10-05,13826,Americana 4-Jardim,CPFL-PAULISTA,33050196000188,NumCon,2022,12,42719.00000000
2026-10-05,13813,Campinas 16-Jardim Marajo,CPFL-PAULISTA,33050196000188,NumCon,2022,5,60784.00000000
2026-10-05,13802,Valinhos 1,CPFL-PAULISTA,33050196000188,FEC,2022,6,0.30000000
2026-10-05,13811,Campinas 4-Boa Vista,CPFL-PAULISTA,33050196000188,DEC,2022,9,0.26000000
2026-10-05,13832,Sumare 6-Orquidea,CPFL-PAULISTA,33050196000188,FEC,2022,2,0.53000000
2026-10-05,13810,Campinas 12-Cidade Jardim,CPFL-PAULISTA,33050196000188,DEC,2022,9,0.25000000
2026-10-05,13799,Campinas 2-Souzas,CPFL-PAULISTA,33050196000188,FEC,2022,2,0.45000000
2026-10-05,13814,Campinas 15-Dic,CPFL-PAULISTA,33050196000188,FEC,2022,1,0.20000000
2026-10-05,13836,Hortolandia 1,CPFL-PAULISTA,33050196000188,DEC,2022,1,0.90000000
2026-10-05,13821,Americana 5-Ipe,CPFL-PAULISTA,33050196000188,DEC,2022,2,0.19000000
2026-10-05,13831,Sumare 5-Nova Veneza,CPFL-PAULISTA,33050196000188,FEC,2022,7,0.71000000
2026-10-05,13793,Nova Odessa 1,CPFL-PAULISTA,33050196000188,NumCon,2022,5,17071.00000000
2026-10-05,13799,Campinas 2-Souzas,CPFL-PAULISTA,33050196000188,FEC,2022,6,0.33000000
2026-10-05,13810,Campinas 12-Cidade Jardim,CPFL-PAULISTA,33050196000188,DEC,2022,11,0.19000000
2026-10-05,13826,Americana 4-Jardim,CPFL-PAULISTA,33050196000188,FEC,2022,3,0.16000000
2026-10-05,13830,Sumare 1,CPFL-PAULISTA,33050196000188,DEC,2022,3,0.33000000
2026-10-05,13835,Sumare 3-Quilombo,CPFL-PAULISTA,33050196000188,NumCon,2022,12,30197.00000000
2026-10-05,13793,Nova Odessa 1,CPFL-PAULISTA,33050196000188,FEC,2022,9,0.33000000
2026-10-05,16433,Americana 1,CPFL-PAULISTA,33050196000188,DEC,2022,5,0.20000000
2026-10-05,13797,Itatiba 3-Colonial,CPFL-PAULISTA,33050196000188,NumCon,2022,7,34114.00000000
2026-10-05,13836,Hortolandia 1,CPFL-PAULISTA,33050196000188,DEC,2022,9,0.19000000
2026-10-05,13799,Campinas 2-Souzas,CPFL-PAULISTA,33050196000188,FEC,2022,10,0.42000000
2026-10-05,13829,Santa Barbara 2-Barbarense,CPFL-PAULISTA,33050196000188,NumCon,2022,10,27360.00000000
2026-10-05,13832,Sumare 6-Orquidea,CPFL-PAULISTA,33050196000188,DEC,2022,12,0.14000000
2026-10-05,13835,Sumare 3-Quilombo,CPFL-PAULISTA,33050196000188,DEC,2022,1,0.66000000
2026-10-05,13843,Piracicaba 4-Unileste,CPFL-PAULISTA,33050196000188,NumCon,2022,11,17506.00000000
2026-10-05,13824,Nova Odessa 2-Fazenda Velha,CPFL-PAULISTA,33050196000188,DEC,2022,3,0.19000000
2026-10-05,16433,Americana 1,CPFL-PAULISTA,33050196000188,DEC,2022,6,0.17000000
2026-10-05,13800,Campinas 9-Paineiras,CPFL-PAULISTA,33050196000188,FEC,2022,12,0.18000000
2026-10-05,13808,Campinas 1-Centro,CPFL-PAULISTA,33050196000188,NumCon,2022,10,61983.00000000
2026-10-05,13812,Campinas 14-Bandeirantes,CPFL-PAULISTA,33050196000188,DEC,2022,5,0.55000000
2026-10-05,13840,Capivari 1,CPFL-PAULISTA,33050196000188,DEC,2022,9,0.36000000
2026-10-05,13809,Campinas 10-Chapadão,CPFL-PAULISTA,33050196000188,DEC,2022,10,0.67000000
2026-10-05,13832,Sumare 6-Orquidea,CPFL-PAULISTA,33050196000188,DEC,2022,11,0.50000000
2026-10-05,16441,Campinas 7-Tanquinho,CPFL-PAULISTA,33050196000188,DEC,2022,10,1.00000000
2026-10-05,16441,Campinas 7-Tanquinho,CPFL-PAULISTA,33050196000188,FEC,2022,4,0.43000000
2026-10-05,16433,Americana 1,CPFL-PAULISTA,33050196000188,DEC,2022,9,0.10000000
2026-10-05,16433,Americana 1,CPFL-PAULISTA,33050196000188,DEC,2022,1,0.43000000
2026-10-05,16461,Santa Barbara Doeste 1,CPFL-PAULISTA,33050196000188,FEC,2022,11,0.45000000
2026-10-05,13835,Sumare 3-Quilombo,CPFL-PAULISTA,33050196000188,NumCon,2022,3,29501.00000000
2026-10-05,13824,Nova Odessa 2-Fazenda Velha,CPFL-PAULISTA,33050196000188,FEC,2022,11,0.11000000
2026-10-05,13807,Campinas 6-Taquaral,CPFL-PAULISTA,33050196000188,DEC,2022,5,0.19000000
2026-10-05,13793,Nova Odessa 1,CPFL-PAULISTA,33050196000188,NumCon,2022,10,17115.00000000
2026-10-05,13814,Campinas 15-Dic,CPFL-PAULISTA,33050196000188,FEC,2022,2,0.20000000
2026-10-05,16461,Santa Barbara Doeste 1,CPFL-PAULISTA,33050196000188,FEC,2022,10,0.13000000
2026-10-05,13811,Campinas 4-Boa Vista,CPFL-PAULISTA,33050196000188,DEC,2022,4,0.29000000
2026-10-05,13829,Santa Barbara 2-Barbarense,CPFL-PAULISTA,33050196000188,NumCon,2022,11,27398.00000000
2026-10-05,13829,Santa Barbara 2-Barbarense,CPFL-PAULISTA,33050196000188,NumCon,2022,1,26907.00000000
2026-10-05,13813,Campinas 16-Jardim Marajo,CPFL-PAULISTA,33050196000188,DEC,2022,9,0.25000000
2026-10-05,13840,Capivari 1,CPFL-PAULISTA,33050196000188,NumCon,2022,5,26261.00000000
2026-10-05,16461,Santa Barbara Doeste 1,CPFL-PAULISTA,33050196000188,FEC,2022,6,0.14000000
2026-10-05,13797,Itatiba 3-Colonial,CPFL-PAULISTA,33050196000188,NumCon,2022,1,33601.00000000
2026-10-05,13813,Campinas 16-Jardim Marajo,CPFL-PAULISTA,33050196000188,NumCon,2022,9,61016.00000000
2026-10-05,13800,Campinas 9-Paineiras,CPFL-PAULISTA,33050196000188,DEC,2022,5,0.33000000
2026-10-05,13835,Sumare 3-Quilombo,CPFL-PAULISTA,33050196000188,NumCon,2022,7,29667.00000000
2026-10-05,13840,Capivari 1,CPFL-PAULISTA,33050196000188,NumCon,2022,4,26149.00000000
2026-10-05,13457,ARTUR NOGUEIRA,ELEKTRO,02328280000197,DEC,2022,1,1.02000000
2026-10-05,13824,Nova Odessa 2-Fazenda Velha,CPFL-PAULISTA,33050196000188,FEC,2022,12,0.14000000
2026-10-05,13835,Sumare 3-Quilombo,CPFL-PAULISTA,33050196000188,FEC,2022,1,0.46000000
2026-10-05,13831,Sumare 5-Nova Veneza,CPFL-PAULISTA,33050196000188,DEC,2022,6,0.25000000
2026-10-05,13805,Campinas 3-Trevo,CPFL-PAULISTA,33050196000188,DEC,2022,3,0.43000000
2026-10-05,13817,Campinas 11-Barao Geraldo,CPFL-PAULISTA,33050196000188,NumCon,2022,2,10549.00000000
2026-10-05,13814,Campinas 15-Dic,CPFL-PAULISTA,33050196000188,NumCon,2022,6,29110.00000000
2026-10-05,16433,Americana 1,CPFL-PAULISTA,33050196000188,DEC,2022,4,0.25000000
2026-10-05,13807,Campinas 6-Taquaral,CPFL-PAULISTA,33050196000188,DEC,2022,2,0.36000000
2026-10-05,13799,Campinas 2-Souzas,CPFL-PAULISTA,33050196000188,DEC,2022,2,0.96000000
2026-10-05,13840,Capivari 1,CPFL-PAULISTA,33050196000188,NumCon,2022,2,26118.00000000
2026-10-05,16461,Santa Barbara Doeste 1,CPFL-PAULISTA,33050196000188,FEC,2022,4,0.07000000
2026-10-05,16433,Americana 1,CPFL-PAULISTA,33050196000188,DEC,2022,11,0.19000000
2026-10-05,13834,Sumare 4-Nova Aparecida,CPFL-PAULISTA,33050196000188,DEC,2022,1,0.38000000
2026-10-05,13811,Campinas 4-Boa Vista,CPFL-PAULISTA,33050196000188,DEC,2022,10,0.68000000
2026-10-05,16433,Americana 1,CPFL-PAULISTA,33050196000188,DEC,2022,12,0.37000000
2026-10-05,16461,Santa Barbara Doeste 1,CPFL-PAULISTA,33050196000188,FEC,2022,12,0.05000000
2026-10-05,13813,Campinas 16-Jardim Marajo,CPFL-PAULISTA,33050196000188,NumCon,2022,11,60714.00000000
2026-10-05,13793,Nova Odessa 1,CPFL-PAULISTA,33050196000188,DEC,2022,10,0.17000000
2026-10-05,13829,Santa Barbara 2-Barbarense,CPFL-PAULISTA,33050196000188,NumCon,2022,7,27341.00000000
2026-10-05,13837,Hortolandia 2-Morro Azul,CPFL-PAULISTA,33050196000188,FEC,2022,3,0.15000000
2026-10-05,13806,Campinas 8-Viracopos,CPFL-PAULISTA,33050196000188,FEC,2022,9,0.56000000
2026-10-05,13829,Santa Barbara 2-Barbarense,CPFL-PAULISTA,33050196000188,NumCon,2022,3,27020.00000000
2026-10-05,13824,Nova Odessa 2-Fazenda Velha,CPFL-PAULISTA,33050196000188,FEC,2022,4,0.49000000
2026-10-05,13817,Campinas 11-Barao Geraldo,CPFL-PAULISTA,33050196000188,NumCon,2022,4,10814.00000000
2026-10-05,13830,Sumare 1,CPFL-PAULISTA,33050196000188,FEC,2022,5,0.26000000
2026-10-05,16440,Campinas 5-Andorinha,CPFL-PAULISTA,33050196000188,DEC,2022,10,0.42000000
2026-10-05,13840,Capivari 1,CPFL-PAULISTA,33050196000188,NumCon,2022,1,26073.00000000
2026-10-05,13813,Campinas 16-Jardim Marajo,CPFL-PAULISTA,33050196000188,NumCon,2022,10,61085.00000000
2026-10-05,13840,Capivari 1,CPFL-PAULISTA,33050196000188,NumCon,2022,8,26311.00000000
2026-10-05,13813,Campinas 16-Jardim Marajo,CPFL-PAULISTA,33050196000188,DEC,2022,1,0.39000000
2026-10-05,16433,Americana 1,CPFL-PAULISTA,33050196000188,DEC,2022,8,0.18000000
2026-10-05,16464,Valinhos 2-Figueira,CPFL-PAULISTA,33050196000188,NumCon,2022,4,24552.00000000
2026-10-05,13817,Campinas 11-Barao Geraldo,CPFL-PAULISTA,33050196000188,NumCon,2022,11,11078.00000000
2026-10-05,13834,Sumare 4-Nova Aparecida,CPFL-PAULISTA,33050196000188,DEC,2022,7,0.62000000
2026-10-05,13826,Americana 4-Jardim,CPFL-PAULISTA,33050196000188,DEC,2022,12,0.18000000
2026-10-05,13802,Valinhos 1,CPFL-PAULISTA,33050196000188,NumCon,2022,12,35847.00000000
2026-10-05,13829,Santa Barbara 2-Barbarense,CPFL-PAULISTA,33050196000188,NumCon,2022,12,27509.00000000
2026-10-05,13817,Campinas 11-Barao Geraldo,CPFL-PAULISTA,33050196000188,NumCon,2022,10,11077.00000000
2026-10-05,13800,Campinas 9-Paineiras,CPFL-PAULISTA,33050196000188,NumCon,2022,10,27989.00000000
2026-10-05,13802,Valinhos 1,CPFL-PAULISTA,33050196000188,NumCon,2022,3,34350.00000000
2026-10-05,16433,Americana 1,CPFL-PAULISTA,33050196000188,DEC,2022,3,0.20000000
2026-10-05,13835,Sumare 3-Quilombo,CPFL-PAULISTA,33050196000188,FEC,2022,7,0.21000000
2026-10-05,16441,Campinas 7-Tanquinho,CPFL-PAULISTA,33050196000188,FEC,2022,2,0.24000000
2026-10-05,13834,Sumare 4-Nova Aparecida,CPFL-PAULISTA,33050196000188,DEC,2022,8,0.21000000
2026-10-05,13802,Valinhos 1,CPFL-PAULISTA,33050196000188,NumCon,2022,7,35160.00000000
2026-10-05,13793,Nova Odessa 1,CPFL-PAULISTA,33050196000188,NumCon,2022,9,17109.00000000
2026-10-05,13831,Sumare 5-Nova Veneza,CPFL-PAULISTA,33050196000188,DEC,2022,10,0.38000000
2026-10-05,13797,Itatiba 3-Colonial,CPFL-PAULISTA,33050196000188,DEC,2022,10,0.25000000
2026-10-05,16464,Valinhos 2-Figueira,CPFL-PAULISTA,33050196000188,NumCon,2022,2,24520.00000000
2026-10-05,13819,Paulinia 1,CPFL-PAULISTA,33050196000188,NumCon,2022,1,27150.00000000
2026-10-05,13810,Campinas 12-Cidade Jardim,CPFL-PAULISTA,33050196000188,DEC,2022,4,0.15000000
2026-10-05,13840,Capivari 1,CPFL-PAULISTA,33050196000188,DEC,2022,3,0.29000000
2026-10-05,13834,Sumare 4-Nova Aparecida,CPFL-PAULISTA,33050196000188,DEC,2022,3,0.86000000
2026-10-05,13824,Nova Odessa 2-Fazenda Velha,CPFL-PAULISTA,33050196000188,FEC,2022,2,0.17000000
2026-10-05,13811,Campinas 4-Boa Vista,CPFL-PAULISTA,33050196000188,DEC,2022,1,0.61000000
2026-10-05,13826,Americana 4-Jardim,CPFL-PAULISTA,33050196000188,DEC,2022,9,0.15000000
2026-10-05,13824,Nova Odessa 2-Fazenda Velha,CPFL-PAULISTA,33050196000188,FEC,2022,10,0.09000000
2026-10-05,13797,Itatiba 3-Colonial,CPFL-PAULISTA,33050196000188,DEC,2022,6,0.43000000
2026-10-05,13832,Sumare 6-Orquidea,CPFL-PAULISTA,33050196000188,FEC,2022,3,0.19000000
2026-10-05,13835,Sumare 3-Quilombo,CPFL-PAULISTA,33050196000188,DEC,2022,11,0.83000000
2026-10-05,13793,Nova Odessa 1,CPFL-PAULISTA,33050196000188,DEC,2022,6,0.45000000
2026-10-05,13830,Sumare 1,CPFL-PAULISTA,33050196000188,FEC,2022,12,0.41000000
2026-10-05,13831,Sumare 5-Nova Veneza,CPFL-PAULISTA,33050196000188,DEC,2022,4,0.15000000
2026-10-05,13824,Nova Odessa 2-Fazenda Velha,CPFL-PAULISTA,33050196000188,FEC,2022,6,0.21000000
2026-10-05,13812,Campinas 14-Bandeirantes,CPFL-PAULISTA,33050196000188,NumCon,2022,11,37447.00000000
2026-10-05,16433,Americana 1,CPFL-PAULISTA,33050196000188,DEC,2022,10,0.08000000
2026-10-05,13811,Campinas 4-Boa Vista,CPFL-PAULISTA,33050196000188,DEC,2022,12,0.33000000
2026-10-05,13830,Sumare 1,CPFL-PAULISTA,33050196000188,DEC,2022,11,0.27000000
2026-10-05,13832,Sumare 6-Orquidea,CPFL-PAULISTA,33050196000188,DEC,2022,4,0.09000000
2026-10-05,16461,Santa Barbara Doeste 1,CPFL-PAULISTA,33050196000188,FEC,2022,2,0.07000000
2026-10-05,13811,Campinas 4-Boa Vista,CPFL-PAULISTA,33050196000188,DEC,2022,11,0.19000000
2026-10-05,13840,Capivari 1,CPFL-PAULISTA,33050196000188,DEC,2022,7,0.33000000
2026-10-05,13824,Nova Odessa 2-Fazenda Velha,CPFL-PAULISTA,33050196000188,DEC,2022,5,0.33000000
2026-10-05,13814,Campinas 15-Dic,CPFL-PAULISTA,33050196000188,NumCon,2022,4,29084.00000000
2026-10-05,13830,Sumare 1,CPFL-PAULISTA,33050196000188,DEC,2022,9,0.17000000
2026-10-05,13826,Americana 4-Jardim,CPFL-PAULISTA,33050196000188,DEC,2022,11,0.29000000
2026-10-05,13840,Capivari 1,CPFL-PAULISTA,33050196000188,NumCon,2022,9,26381.00000000
2026-10-05,13835,Sumare 3-Quilombo,CPFL-PAULISTA,33050196000188,DEC,2022,12,0.31000000
2026-10-05,13457,ARTUR NOGUEIRA,ELEKTRO,02328280000197,DEC,2022,9,0.21000000
2026-10-05,13802,Valinhos 1,CPFL-PAULISTA,33050196000188,DEC,2022,4,0.34000000
2026-10-05,13800,Campinas 9-Paineiras,CPFL-PAULISTA,33050196000188,FEC,2022,3,0.29000000
2026-10-05,13830,Sumare 1,CPFL-PAULISTA,33050196000188,FEC,2022,11,0.09000000
2026-10-05,13800,Campinas 9-Paineiras,CPFL-PAULISTA,33050196000188,NumCon,2022,4,27783.00000000
2026-10-05,16464,Valinhos 2-Figueira,CPFL-PAULISTA,33050196000188,NumCon,2022,12,24884.00000000
2026-10-05,13840,Capivari 1,CPFL-PAULISTA,33050196000188,DEC,2022,8,0.63000000
2026-10-05,13807,Campinas 6-Taquaral,CPFL-PAULISTA,33050196000188,NumCon,2022,11,38743.00000000
2026-10-05,13809,Campinas 10-Chapadão,CPFL-PAULISTA,33050196000188,DEC,2022,6,0.07000000
2026-10-05,13834,Sumare 4-Nova Aparecida,CPFL-PAULISTA,33050196000188,DEC,2022,6,0.65000000
2026-10-05,13810,Campinas 12-Cidade Jardim,CPFL-PAULISTA,33050196000188,DEC,2022,10,0.12000000
2026-10-05,13805,Campinas 3-Trevo,CPFL-PAULISTA,33050196000188,NumCon,2022,12,39661.00000000
2026-10-05,13836,Hortolandia 1,CPFL-PAULISTA,33050196000188,DEC,2022,3,0.58000000
2026-10-05,16464,Valinhos 2-Figueira,CPFL-PAULISTA,33050196000188,NumCon,2022,7,24665.00000000
2026-10-05,13814,Campinas 15-Dic,CPFL-PAULISTA,33050196000188,NumCon,2022,8,29156.00000000
2026-10-05,13805,Campinas 3-Trevo,CPFL-PAULISTA,33050196000188,NumCon,2022,3,38927.00000000
2026-10-05,2922,JAGUARIUNA,CPFL JAGUARI,53859112000169,FEC,2022,7,0.04000000
2026-10-05,13810,Campinas 12-Cidade Jardim,CPFL-PAULISTA,33050196000188,DEC,2022,12,0.41000000
2026-10-05,13830,Sumare 1,CPFL-PAULISTA,33050196000188,DEC,2022,5,0.35000000
2026-10-05,13805,Campinas 3-Trevo,CPFL-PAULISTA,33050196000188,DEC,2022,1,0.31000000
2026-10-05,13836,Hortolandia 1,CPFL-PAULISTA,33050196000188,DEC,2022,8,0.56000000
2026-10-05,13833,Sumare 2-Tres M,CPFL-PAULISTA,33050196000188,DEC,2022,6,0.19000000
2026-10-05,13805,Campinas 3-Trevo,CPFL-PAULISTA,33050196000188,DEC,2022,6,0.22000000
2026-10-05,16464,Valinhos 2-Figueira,CPFL-PAULISTA,33050196000188,FEC,2022,1,0.32000000
2026-10-05,13810,Campinas 12-Cidade Jardim,CPFL-PAULISTA,33050196000188,DEC,2022,8,0.30000000
2026-10-05,13457,ARTUR NOGUEIRA,ELEKTRO,02328280000197,DEC,2022,2,0.29000000
2026-10-05,13836,Hortolandia 1,CPFL-PAULISTA,33050196000188,DEC,2022,7,0.45000000
2026-10-05,13831,Sumare 5-Nova Veneza,CPFL-PAULISTA,33050196000188,DEC,2022,3,0.40000000
2026-10-05,16464,Valinhos 2-Figueira,CPFL-PAULISTA,33050196000188,FEC,2022,8,0.50000000
2026-10-05,13802,Valinhos 1,CPFL-PAULISTA,33050196000188,NumCon,2022,9,35700.00000000
2026-10-05,13814,Campinas 15-Dic,CPFL-PAULISTA,33050196000188,NumCon,2022,2,29007.00000000
2026-10-05,13819,Paulinia 1,CPFL-PAULISTA,33050196000188,NumCon,2022,2,27182.00000000
2026-10-05,13833,Sumare 2-Tres M,CPFL-PAULISTA,33050196000188,NumCon,2022,7,17796.00000000
2026-10-05,13837,Hortolandia 2-Morro Azul,CPFL-PAULISTA,33050196000188,FEC,2022,7,0.26000000
2026-10-05,16441,Campinas 7-Tanquinho,CPFL-PAULISTA,33050196000188,FEC,2022,6,0.11000000
2026-10-05,13811,Campinas 4-Boa Vista,CPFL-PAULISTA,33050196000188,NumCon,2022,7,18451.00000000
2026-10-05,13802,Valinhos 1,CPFL-PAULISTA,33050196000188,NumCon,2022,1,34317.00000000
2026-10-05,13833,Sumare 2-Tres M,CPFL-PAULISTA,33050196000188,DEC,2022,11,0.09000000
2026-10-05,16464,Valinhos 2-Figueira,CPFL-PAULISTA,33050196000188,FEC,2022,5,0.20000000
2026-10-05,13806,Campinas 8-Viracopos,CPFL-PAULISTA,33050196000188,DEC,2022,10,0.79000000
2026-10-05,13837,Hortolandia 2-Morro Azul,CPFL-PAULISTA,33050196000188,FEC,2022,1,0.91000000
2026-10-05,16464,Valinhos 2-Figueira,CPFL-PAULISTA,33050196000188,NumCon,2022,3,24512.00000000
2026-10-05,13810,Campinas 12-Cidade Jardim,CPFL-PAULISTA,33050196000188,DEC,2022,7,0.19000000
2026-10-05,13831,Sumare 5-Nova Veneza,CPFL-PAULISTA,33050196000188,DEC,2022,9,0.30000000
2026-10-05,13807,Campinas 6-Taquaral,CPFL-PAULISTA,33050196000188,NumCon,2022,6,38538.00000000
2026-10-05,13833,Sumare 2-Tres M,CPFL-PAULISTA,33050196000188,NumCon,2022,9,17788.00000000
2026-10-05,13830,Sumare 1,CPFL-PAULISTA,33050196000188,FEC,2022,2,0.43000000
2026-10-05,16434,Amparo 1,CPFL-PAULISTA,33050196000188,DEC,2022,12,0.55000000
2026-10-05,13797,Itatiba 3-Colonial,CPFL-PAULISTA,33050196000188,NumCon,2022,9,34279.00000000
2026-10-05,13830,Sumare 1,CPFL-PAULISTA,33050196000188,FEC,2022,6,0.14000000
2026-10-05,13819,Paulinia 1,CPFL-PAULISTA,33050196000188,NumCon,2022,4,27293.00000000
2026-10-05,13800,Campinas 9-Paineiras,CPFL-PAULISTA,33050196000188,NumCon,2022,8,27868.00000000
2026-10-05,13812,Campinas 14-Bandeirantes,CPFL-PAULISTA,33050196000188,DEC,2022,2,0.35000000
2026-10-05,16434,Amparo 1,CPFL-PAULISTA,33050196000188,DEC,2022,11,0.59000000
2026-10-05,13813,Campinas 16-Jardim Marajo,CPFL-PAULISTA,33050196000188,NumCon,2022,8,61017.00000000
2026-10-05,13835,Sumare 3-Quilombo,CPFL-PAULISTA,33050196000188,FEC,2022,10,0.06000000
2026-10-05,13800,Campinas 9-Paineiras,CPFL-PAULISTA,33050196000188,FEC,2022,6,0.17000000
2026-10-05,13830,Sumare 1,CPFL-PAULISTA,33050196000188,DEC,2022,12,0.43000000
2026-10-05,13802,Valinhos 1,CPFL-PAULISTA,33050196000188,DEC,2022,9,0.47000000
2026-10-05,13793,Nova Odessa 1,CPFL-PAULISTA,33050196000188,DEC,2022,9,0.62000000
2026-10-05,13810,Campinas 12-Cidade Jardim,CPFL-PAULISTA,33050196000188,DEC,2022,3,0.30000000
2026-10-05,13833,Sumare 2-Tres M,CPFL-PAULISTA,33050196000188,NumCon,2022,1,17695.00000000
2026-10-05,13807,Campinas 6-Taquaral,CPFL-PAULISTA,33050196000188,NumCon,2022,10,38747.00000000
2026-10-05,2922,JAGUARIUNA,CPFL JAGUARI,53859112000169,FEC,2022,4,0.23000000
2026-10-05,13457,ARTUR NOGUEIRA,ELEKTRO,02328280000197,DEC,2022,6,0.15000000
2026-10-05,13814,Campinas 15-Dic,CPFL-PAULISTA,33050196000188,FEC,2022,5,0.86000000
2026-10-05,13800,Campinas 9-Paineiras,CPFL-PAULISTA,33050196000188,NumCon,2022,2,27730.00000000
2026-10-05,13830,Sumare 1,CPFL-PAULISTA,33050196000188,FEC,2022,7,1.73000000
2026-10-05,13457,ARTUR NOGUEIRA,ELEKTRO,02328280000197,DEC,2022,8,0.80000000
2026-10-05,13797,Itatiba 3-Colonial,CPFL-PAULISTA,33050196000188,NumCon,2022,12,34464.00000000
2026-10-05,13831,Sumare 5-Nova Veneza,CPFL-PAULISTA,33050196000188,DEC,2022,8,0.39000000
2026-10-05,13832,Sumare 6-Orquidea,CPFL-PAULISTA,33050196000188,DEC,2022,8,0.35000000
2026-10-05,13800,Campinas 9-Paineiras,CPFL-PAULISTA,33050196000188,FEC,2022,10,0.25000000
2026-10-05,13831,Sumare 5-Nova Veneza,CPFL-PAULISTA,33050196000188,DEC,2022,7,0.31000000
2026-10-05,13812,Campinas 14-Bandeirantes,CPFL-PAULISTA,33050196000188,DEC,2022,10,0.24000000
2026-10-05,13806,Campinas 8-Viracopos,CPFL-PAULISTA,33050196000188,DEC,2022,6,0.20000000
2026-10-05,13802,Valinhos 1,CPFL-PAULISTA,33050196000188,DEC,2022,12,0.33000000
2026-10-05,13799,Campinas 2-Souzas,CPFL-PAULISTA,33050196000188,DEC,2022,12,1.05000000
2026-10-05,13819,Paulinia 1,CPFL-PAULISTA,33050196000188,NumCon,2022,6,27390.00000000
2026-10-05,13812,Campinas 14-Bandeirantes,CPFL-PAULISTA,33050196000188,DEC,2022,4,0.31000000
2026-10-05,13819,Paulinia 1,CPFL-PAULISTA,33050196000188,NumCon,2022,12,27647.00000000
2026-10-05,13830,Sumare 1,CPFL-PAULISTA,33050196000188,FEC,2022,1,0.29000000
2026-10-05,16452,Monte Mor 1,CPFL-PAULISTA,33050196000188,NumCon,2022,1,25860.00000000
2026-10-05,13819,Paulinia 1,CPFL-PAULISTA,33050196000188,NumCon,2022,3,27194.00000000
2026-10-05,16434,Amparo 1,CPFL-PAULISTA,33050196000188,DEC,2022,9,0.52000000
2026-10-05,16441,Campinas 7-Tanquinho,CPFL-PAULISTA,33050196000188,DEC,2022,6,0.29000000
2026-10-05,13808,Campinas 1-Centro,CPFL-PAULISTA,33050196000188,NumCon,2022,2,61075.00000000
2026-10-05,13457,ARTUR NOGUEIRA,ELEKTRO,02328280000197,DEC,2022,7,0.36000000
2026-10-05,13841,Rio das Pedras 1,CPFL-PAULISTA,33050196000188,NumCon,2022,4,12462.00000000
2026-10-05,13812,Campinas 14-Bandeirantes,CPFL-PAULISTA,33050196000188,NumCon,2022,6,37579.00000000
2026-10-05,13824,Nova Odessa 2-Fazenda Velha,CPFL-PAULISTA,33050196000188,DEC,2022,9,0.34000000
2026-10-05,13814,Campinas 15-Dic,CPFL-PAULISTA,33050196000188,FEC,2022,6,0.30000000
2026-10-05,13814,Campinas 15-Dic,CPFL-PAULISTA,33050196000188,FEC,2022,10,1.26000000
2026-10-05,16441,Campinas 7-Tanquinho,CPFL-PAULISTA,33050196000188,FEC,2022,12,0.34000000
2026-10-05,13819,Paulinia 1,CPFL-PAULISTA,33050196000188,NumCon,2022,7,27435.00000000
2026-10-05,13833,Sumare 2-Tres M,CPFL-PAULISTA,33050196000188,DEC,2022,10,0.06000000
2026-10-05,13812,Campinas 14-Bandeirantes,CPFL-PAULISTA,33050196000188,DEC,2022,6,0.19000000
2026-10-05,13813,Campinas 16-Jardim Marajo,CPFL-PAULISTA,33050196000188,NumCon,2022,4,60593.00000000
2026-10-05,13812,Campinas 14-Bandeirantes,CPFL-PAULISTA,33050196000188,NumCon,2022,8,37642.00000000
2026-10-05,16464,Valinhos 2-Figueira,CPFL-PAULISTA,33050196000188,NumCon,2022,9,24763.00000000
2026-10-05,13799,Campinas 2-Souzas,CPFL-PAULISTA,33050196000188,DEC,2022,11,1.00000000
2026-10-05,13822,Americana 2-Campo Verde,CPFL-PAULISTA,33050196000188,DEC,2022,3,0.28000000
2026-10-05,13810,Campinas 12-Cidade Jardim,CPFL-PAULISTA,33050196000188,DEC,2022,1,0.23000000
2026-10-05,13813,Campinas 16-Jardim Marajo,CPFL-PAULISTA,33050196000188,NumCon,2022,2,60564.00000000
2026-10-05,13802,Valinhos 1,CPFL-PAULISTA,33050196000188,FEC,2022,7,0.27000000
2026-10-05,13797,Itatiba 3-Colonial,CPFL-PAULISTA,33050196000188,FEC,2022,7,0.22000000
2026-10-05,13819,Paulinia 1,CPFL-PAULISTA,33050196000188,NumCon,2022,11,27573.00000000
2026-10-05,13805,Campinas 3-Trevo,CPFL-PAULISTA,33050196000188,DEC,2022,9,0.15000000
2026-10-05,16434,Amparo 1,CPFL-PAULISTA,33050196000188,DEC,2022,7,0.53000000
2026-10-05,13797,Itatiba 3-Colonial,CPFL-PAULISTA,33050196000188,FEC,2022,11,0.09000000
2026-10-05,13807,Campinas 6-Taquaral,CPFL-PAULISTA,33050196000188,NumCon,2022,1,38012.00000000
2026-10-05,13457,ARTUR NOGUEIRA,ELEKTRO,02328280000197,DEC,2022,5,0.28000000
2026-10-05,13831,Sumare 5-Nova Veneza,CPFL-PAULISTA,33050196000188,DEC,2022,1,1.15000000
2026-10-05,13802,Valinhos 1,CPFL-PAULISTA,33050196000188,DEC,2022,1,0.48000000
2026-10-05,13821,Americana 5-Ipe,CPFL-PAULISTA,33050196000188,NumCon,2022,11,25173.00000000
2026-10-05,13835,Sumare 3-Quilombo,CPFL-PAULISTA,33050196000188,NumCon,2022,9,30017.00000000
2026-10-05,13824,Nova Odessa 2-Fazenda Velha,CPFL-PAULISTA,33050196000188,DEC,2022,8,0.65000000
2026-10-05,13808,Campinas 1-Centro,CPFL-PAULISTA,33050196000188,FEC,2022,3,0.11000000
2026-10-05,13799,Campinas 2-Souzas,CPFL-PAULISTA,33050196000188,DEC,2022,7,0.85000000
2026-10-05,13811,Campinas 4-Boa Vista,CPFL-PAULISTA,33050196000188,NumCon,2022,12,18485.00000000
2026-10-05,13797,Itatiba 3-Colonial,CPFL-PAULISTA,33050196000188,FEC,2022,2,0.42000000
2026-10-05,13833,Sumare 2-Tres M,CPFL-PAULISTA,33050196000188,NumCon,2022,3,17738.00000000
2026-10-05,13829,Santa Barbara 2-Barbarense,CPFL-PAULISTA,33050196000188,DEC,2022,10,0.41000000
2026-10-05,16441,Campinas 7-Tanquinho,CPFL-PAULISTA,33050196000188,DEC,2022,11,0.51000000
2026-10-05,13834,Sumare 4-Nova Aparecida,CPFL-PAULISTA,33050196000188,DEC,2022,5,0.23000000
2026-10-05,13833,Sumare 2-Tres M,CPFL-PAULISTA,33050196000188,NumCon,2022,12,17842.00000000
2026-10-05,16441,Campinas 7-Tanquinho,CPFL-PAULISTA,33050196000188,DEC,2022,2,0.71000000
2026-10-05,13830,Sumare 1,CPFL-PAULISTA,33050196000188,FEC,2022,8,0.08000000
2026-10-05,13820,Cosmopolis 1,CPFL-PAULISTA,33050196000188,DEC,2022,2,0.89000000
2026-10-05,13799,Campinas 2-Souzas,CPFL-PAULISTA,33050196000188,DEC,2022,8,0.58000000
2026-10-05,13826,Americana 4-Jardim,CPFL-PAULISTA,33050196000188,NumCon,2022,7,42457.00000000
2026-10-05,13797,Itatiba 3-Colonial,CPFL-PAULISTA,33050196000188,DEC,2022,5,0.45000000
2026-10-05,13806,Campinas 8-Viracopos,CPFL-PAULISTA,33050196000188,DEC,2022,2,0.14000000
2026-10-05,13841,Rio das Pedras 1,CPFL-PAULISTA,33050196000188,NumCon,2022,10,12658.00000000
2026-10-05,16434,Amparo 1,CPFL-PAULISTA,33050196000188,DEC,2022,3,0.34000000
2026-10-05,13820,Cosmopolis 1,CPFL-PAULISTA,33050196000188,FEC,2022,11,0.16000000
2026-10-05,13805,Campinas 3-Trevo,CPFL-PAULISTA,33050196000188,NumCon,2022,2,38894.00000000
2026-10-05,13837,Hortolandia 2-Morro Azul,CPFL-PAULISTA,33050196000188,DEC,2022,6,0.12000000
2026-10-05,13457,ARTUR NOGUEIRA,ELEKTRO,02328280000197,DEC,2022,3,0.71000000
2026-10-05,16452,Monte Mor 1,CPFL-PAULISTA,33050196000188,NumCon,2022,8,26346.00000000
2026-10-05,13819,Paulinia 1,CPFL-PAULISTA,33050196000188,NumCon,2022,10,27559.00000000
2026-10-05,16441,Campinas 7-Tanquinho,CPFL-PAULISTA,33050196000188,DEC,2022,12,0.62000000
2026-10-05,13821,Americana 5-Ipe,CPFL-PAULISTA,33050196000188,NumCon,2022,10,25186.00000000
2026-10-05,16434,Amparo 1,CPFL-PAULISTA,33050196000188,DEC,2022,8,0.98000000
2026-10-05,13799,Campinas 2-Souzas,CPFL-PAULISTA,33050196000188,DEC,2022,9,0.74000000
2026-10-05,13832,Sumare 6-Orquidea,CPFL-PAULISTA,33050196000188,DEC,2022,3,0.44000000
2026-10-05,13813,Campinas 16-Jardim Marajo,CPFL-PAULISTA,33050196000188,NumCon,2022,6,60852.00000000
2026-10-05,13841,Rio das Pedras 1,CPFL-PAULISTA,33050196000188,NumCon,2022,11,12682.00000000
2026-10-05,13457,ARTUR NOGUEIRA,ELEKTRO,02328280000197,DEC,2022,11,0.41000000
2026-10-05,13821,Americana 5-Ipe,CPFL-PAULISTA,33050196000188,DEC,2022,6,0.13000000
2026-10-05,13840,Capivari 1,CPFL-PAULISTA,33050196000188,NumCon,2022,11,26499.00000000
2026-10-05,13832,Sumare 6-Orquidea,CPFL-PAULISTA,33050196000188,DEC,2022,7,0.23000000
2026-10-05,13829,Santa Barbara 2-Barbarense,CPFL-PAULISTA,33050196000188,DEC,2022,6,0.17000000
2026-10-05,13826,Americana 4-Jardim,CPFL-PAULISTA,33050196000188,NumCon,2022,10,42712.00000000
2026-10-05,13806,Campinas 8-Viracopos,CPFL-PAULISTA,33050196000188,DEC,2022,11,0.52000000
2026-10-05,13797,Itatiba 3-Colonial,CPFL-PAULISTA,33050196000188,FEC,2022,9,0.16000000
2026-10-05,13840,Capivari 1,CPFL-PAULISTA,33050196000188,NumCon,2022,10,26420.00000000
2026-10-05,13822,Americana 2-Campo Verde,CPFL-PAULISTA,33050196000188,DEC,2022,8,0.31000000
2026-10-05,13826,Americana 4-Jardim,CPFL-PAULISTA,33050196000188,NumCon,2022,11,42706.00000000
2026-10-05,13833,Sumare 2-Tres M,CPFL-PAULISTA,33050196000188,DEC,2022,12,0.11000000
2026-10-05,13833,Sumare 2-Tres M,CPFL-PAULISTA,33050196000188,DEC,2022,4,0.06000000
2026-10-05,13817,Campinas 11-Barao Geraldo,CPFL-PAULISTA,33050196000188,NumCon,2022,6,11028.00000000
2026-10-05,13799,Campinas 2-Souzas,CPFL-PAULISTA,33050196000188,DEC,2022,1,1.57000000
2026-10-05,13812,Campinas 14-Bandeirantes,CPFL-PAULISTA,33050196000188,NumCon,2022,4,37612.00000000
2026-10-05,13832,Sumare 6-Orquidea,CPFL-PAULISTA,33050196000188,DEC,2022,9,0.21000000
2026-10-05,13820,Cosmopolis 1,CPFL-PAULISTA,33050196000188,FEC,2022,10,0.09000000
2026-10-05,13841,Rio das Pedras 1,CPFL-PAULISTA,33050196000188,NumCon,2022,2,12422.00000000
2026-10-05,13811,Campinas 4-Boa Vista,CPFL-PAULISTA,33050196000188,NumCon,2022,3,18407.00000000
2026-10-05,13805,Campinas 3-Trevo,CPFL-PAULISTA,33050196000188,NumCon,2022,4,39285.00000000
2026-10-05,13822,Americana 2-Campo Verde,CPFL-PAULISTA,33050196000188,NumCon,2022,11,25040.00000000
2026-10-05,13829,Santa Barbara 2-Barbarense,CPFL-PAULISTA,33050196000188,DEC,2022,11,0.48000000
2026-10-05,13829,Santa Barbara 2-Barbarense,CPFL-PAULISTA,33050196000188,NumCon,2022,6,27267.00000000
2026-10-05,13841,Rio das Pedras 1,CPFL-PAULISTA,33050196000188,NumCon,2022,8,12597.00000000
2026-10-05,13806,Campinas 8-Viracopos,CPFL-PAULISTA,33050196000188,DEC,2022,4,0.39000000
2026-10-05,13797,Itatiba 3-Colonial,CPFL-PAULISTA,33050196000188,NumCon,2022,6,34023.00000000
2026-10-05,13799,Campinas 2-Souzas,CPFL-PAULISTA,33050196000188,DEC,2022,4,0.92000000
2026-10-05,13829,Santa Barbara 2-Barbarense,CPFL-PAULISTA,33050196000188,DEC,2022,12,0.40000000
2026-10-05,13802,Valinhos 1,CPFL-PAULISTA,33050196000188,NumCon,2022,4,34916.00000000
2026-10-05,13807,Campinas 6-Taquaral,CPFL-PAULISTA,33050196000188,NumCon,2022,5,38508.00000000
2026-10-05,13824,Nova Odessa 2-Fazenda Velha,CPFL-PAULISTA,33050196000188,DEC,2022,7,0.25000000
2026-10-05,13808,Campinas 1-Centro,CPFL-PAULISTA,33050196000188,FEC,2022,10,0.11000000
2026-10-05,13797,Itatiba 3-Colonial,CPFL-PAULISTA,33050196000188,DEC,2022,3,0.50000000
2026-10-05,13837,Hortolandia 2-Morro Azul,CPFL-PAULISTA,33050196000188,FEC,2022,9,0.50000000
2026-10-05,13841,Rio das Pedras 1,CPFL-PAULISTA,33050196000188,NumCon,2022,6,12490.00000000
2026-10-05,16440,Campinas 5-Andorinha,CPFL-PAULISTA,33050196000188,DEC,2022,6,0.24000000
2026-10-05,13808,Campinas 1-Centro,CPFL-PAULISTA,33050196000188,FEC,2022,6,0.05000000
2026-10-05,13834,Sumare 4-Nova Aparecida,CPFL-PAULISTA,33050196000188,DEC,2022,2,0.22000000
2026-10-05,13835,Sumare 3-Quilombo,CPFL-PAULISTA,33050196000188,FEC,2022,12,0.24000000
2026-10-05,13829,Santa Barbara 2-Barbarense,CPFL-PAULISTA,33050196000188,DEC,2022,4,0.12000000
2026-10-05,16440,Campinas 5-Andorinha,CPFL-PAULISTA,33050196000188,DEC,2022,2,0.32000000
2026-10-05,16441,Campinas 7-Tanquinho,CPFL-PAULISTA,33050196000188,FEC,2022,10,0.30000000
2026-10-05,13821,Americana 5-Ipe,CPFL-PAULISTA,33050196000188,NumCon,2022,6,25152.00000000
2026-10-05,13820,Cosmopolis 1,CPFL-PAULISTA,33050196000188,FEC,2022,6,0.29000000
2026-10-05,13800,Campinas 9-Paineiras,CPFL-PAULISTA,33050196000188,FEC,2022,2,0.17000000
2026-10-05,13807,Campinas 6-Taquaral,CPFL-PAULISTA,33050196000188,FEC,2022,1,0.54000000
2026-10-05,13799,Campinas 2-Souzas,CPFL-PAULISTA,33050196000188,DEC,2022,10,1.12000000
2026-10-05,13807,Campinas 6-Taquaral,CPFL-PAULISTA,33050196000188,NumCon,2022,9,38687.00000000
2026-10-05,13822,Americana 2-Campo Verde,CPFL-PAULISTA,33050196000188,NumCon,2022,10,25047.00000000
2026-10-05,13797,Itatiba 3-Colonial,CPFL-PAULISTA,33050196000188,FEC,2022,8,0.35000000
2026-10-05,16441,Campinas 7-Tanquinho,CPFL-PAULISTA,33050196000188,DEC,2022,8,0.36000000
2026-10-05,13799,Campinas 2-Souzas,CPFL-PAULISTA,33050196000188,DEC,2022,3,1.00000000
2026-10-05,13832,Sumare 6-Orquidea,CPFL-PAULISTA,33050196000188,DEC,2022,1,0.37000000
2026-10-05,16440,Campinas 5-Andorinha,CPFL-PAULISTA,33050196000188,FEC,2022,5,0.14000000
2026-10-05,13503,LOUVEIRA,CPFL-PIRATINING,04172213000151,DEC,2022,4,0.70000000
2026-10-05,13802,Valinhos 1,CPFL-PAULISTA,33050196000188,NumCon,2022,8,35690.00000000
2026-10-05,15877,PORTO GOES,CPFL-PIRATINING,04172213000151,DEC,2022,4,0.73000000
2026-10-05,13826,Americana 4-Jardim,CPFL-PAULISTA,33050196000188,FEC,2022,12,0.18000000
2026-10-05,13797,Itatiba 3-Colonial,CPFL-PAULISTA,33050196000188,FEC,2022,4,0.95000000
2026-10-05,13808,Campinas 1-Centro,CPFL-PAULISTA,33050196000188,NumCon,2022,3,61154.00000000
2026-10-05,13835,Sumare 3-Quilombo,CPFL-PAULISTA,33050196000188,FEC,2022,4,0.26000000
2026-10-05,13834,Sumare 4-Nova Aparecida,CPFL-PAULISTA,33050196000188,DEC,2022,9,0.24000000
2026-10-05,16665,INDAIATUBA 2 - MORADA DO SOL,CPFL-PIRATINING,04172213000151,FEC,2022,6,0.34000000
2026-10-05,13808,Campinas 1-Centro,CPFL-PAULISTA,33050196000188,DEC,2022,2,0.10000000
2026-10-05,13809,Campinas 10-Chapadão,CPFL-PAULISTA,33050196000188,DEC,2022,5,0.17000000
2026-10-05,13810,Campinas 12-Cidade Jardim,CPFL-PAULISTA,33050196000188,DEC,2022,2,0.12000000
2026-10-05,13807,Campinas 6-Taquaral,CPFL-PAULISTA,33050196000188,FEC,2022,9,0.14000000
2026-10-05,16452,Monte Mor 1,CPFL-PAULISTA,33050196000188,NumCon,2022,9,26387.00000000
2026-10-05,13826,Americana 4-Jardim,CPFL-PAULISTA,33050196000188,DEC,2022,6,0.23000000
2026-10-05,16461,Santa Barbara Doeste 1,CPFL-PAULISTA,33050196000188,NumCon,2022,10,39540.00000000
2026-10-05,13805,Campinas 3-Trevo,CPFL-PAULISTA,33050196000188,FEC,2022,6,0.11000000
2026-10-05,13808,Campinas 1-Centro,CPFL-PAULISTA,33050196000188,FEC,2022,11,0.09000000
2026-10-05,13830,Sumare 1,CPFL-PAULISTA,33050196000188,FEC,2022,10,0.25000000
2026-10-05,13835,Sumare 3-Quilombo,CPFL-PAULISTA,33050196000188,DEC,2022,7,0.39000000
2026-10-05,13821,Americana 5-Ipe,CPFL-PAULISTA,33050196000188,DEC,2022,5,0.39000000
2026-10-05,13807,Campinas 6-Taquaral,CPFL-PAULISTA,33050196000188,FEC,2022,11,0.13000000
2026-10-05,16452,Monte Mor 1,CPFL-PAULISTA,33050196000188,DEC,2022,11,0.47000000
2026-10-05,13805,Campinas 3-Trevo,CPFL-PAULISTA,33050196000188,FEC,2022,10,0.33000000
2026-10-05,13802,Valinhos 1,CPFL-PAULISTA,33050196000188,FEC,2022,1,0.24000000
2026-10-05,13805,Campinas 3-Trevo,CPFL-PAULISTA,33050196000188,NumCon,2022,6,39267.00000000
2026-10-05,2922,JAGUARIUNA,CPFL JAGUARI,53859112000169,NumCon,2022,7,26604.00000000
2026-10-05,13457,ARTUR NOGUEIRA,ELEKTRO,02328280000197,DEC,2022,12,0.48000000
2026-10-05,13808,Campinas 1-Centro,CPFL-PAULISTA,33050196000188,FEC,2022,12,0.11000000
2026-10-05,13802,Valinhos 1,CPFL-PAULISTA,33050196000188,NumCon,2022,2,34336.00000000
2026-10-05,13830,Sumare 1,CPFL-PAULISTA,33050196000188,NumCon,2022,6,23986.00000000
2026-10-05,13805,Campinas 3-Trevo,CPFL-PAULISTA,33050196000188,DEC,2022,5,0.14000000
2026-10-05,13806,Campinas 8-Viracopos,CPFL-PAULISTA,33050196000188,DEC,2022,7,0.41000000
2026-10-05,16452,Monte Mor 1,CPFL-PAULISTA,33050196000188,NumCon,2022,6,26230.00000000
2026-10-05,13826,Americana 4-Jardim,CPFL-PAULISTA,33050196000188,FEC,2022,4,0.08000000
2026-10-05,16665,INDAIATUBA 2 - MORADA DO SOL,CPFL-PIRATINING,04172213000151,FEC,2022,11,0.50000000
2026-10-05,13822,Americana 2-Campo Verde,CPFL-PAULISTA,33050196000188,NumCon,2022,5,24888.00000000
2026-10-05,2922,JAGUARIUNA,CPFL JAGUARI,53859112000169,NumCon,2022,4,26397.00000000
2026-10-05,13824,Nova Odessa 2-Fazenda Velha,CPFL-PAULISTA,33050196000188,DEC,2022,12,0.19000000
2026-10-05,16452,Monte Mor 1,CPFL-PAULISTA,33050196000188,DEC,2022,12,0.45000000
2026-10-05,13800,Campinas 9-Paineiras,CPFL-PAULISTA,33050196000188,FEC,2022,9,0.15000000
2026-10-05,13457,ARTUR NOGUEIRA,ELEKTRO,02328280000197,DEC,2022,10,0.68000000
2026-10-05,13503,LOUVEIRA,CPFL-PIRATINING,04172213000151,DEC,2022,2,0.53000000
2026-10-05,13812,Campinas 14-Bandeirantes,CPFL-PAULISTA,33050196000188,NumCon,2022,2,37620.00000000
2026-10-05,13807,Campinas 6-Taquaral,CPFL-PAULISTA,33050196000188,FEC,2022,12,0.05000000
2026-10-05,13812,Campinas 14-Bandeirantes,CPFL-PAULISTA,33050196000188,DEC,2022,12,0.28000000
2026-10-05,13802,Valinhos 1,CPFL-PAULISTA,33050196000188,NumCon,2022,6,35023.00000000
2026-10-05,13797,Itatiba 3-Colonial,CPFL-PAULISTA,33050196000188,FEC,2022,3,0.39000000
2026-10-05,13503,LOUVEIRA,CPFL-PIRATINING,04172213000151,DEC,2022,5,0.88000000
2026-10-05,16665,INDAIATUBA 2 - MORADA DO SOL,CPFL-PIRATINING,04172213000151,DEC,2022,10,0.17000000
2026-10-05,16665,INDAIATUBA 2 - MORADA DO SOL,CPFL-PIRATINING,04172213000151,DEC,2022,1,0.61000000
2026-10-05,13812,Campinas 14-Bandeirantes,CPFL-PAULISTA,33050196000188,DEC,2022,11,0.81000000
2026-10-05,13497,ITUPEVA,CPFL-PIRATINING,04172213000151,FEC,2022,5,0.54000000
2026-10-05,13824,Nova Odessa 2-Fazenda Velha,CPFL-PAULISTA,33050196000188,DEC,2022,11,0.35000000
2026-10-05,16461,Santa Barbara Doeste 1,CPFL-PAULISTA,33050196000188,NumCon,2022,11,39697.00000000
2026-10-05,13819,Paulinia 1,CPFL-PAULISTA,33050196000188,NumCon,2022,5,27331.00000000
2026-10-05,13830,Sumare 1,CPFL-PAULISTA,33050196000188,NumCon,2022,4,23822.00000000
2026-10-05,13540,MOGI MIRIM UM,ELEKTRO,02328280000197,DEC,2022,1,0.90000000
2026-10-05,13820,Cosmopolis 1,CPFL-PAULISTA,33050196000188,DEC,2022,4,0.15000000
2026-10-05,16665,INDAIATUBA 2 - MORADA DO SOL,CPFL-PIRATINING,04172213000151,FEC,2022,3,0.32000000
2026-10-05,13812,Campinas 14-Bandeirantes,CPFL-PAULISTA,33050196000188,NumCon,2022,10,37710.00000000
2026-10-05,13832,Sumare 6-Orquidea,CPFL-PAULISTA,33050196000188,DEC,2022,6,0.27000000
2026-10-05,13835,Sumare 3-Quilombo,CPFL-PAULISTA,33050196000188,DEC,2022,8,0.26000000
2026-10-05,16440,Campinas 5-Andorinha,CPFL-PAULISTA,33050196000188,FEC,2022,9,1.00000000
2026-10-05,16665,INDAIATUBA 2 - MORADA DO SOL,CPFL-PIRATINING,04172213000151,FEC,2022,12,0.42000000
2026-10-05,13802,Valinhos 1,CPFL-PAULISTA,33050196000188,FEC,2022,8,0.08000000
2026-10-05,13830,Sumare 1,CPFL-PAULISTA,33050196000188,DEC,2022,1,0.40000000
2026-10-05,13834,Sumare 4-Nova Aparecida,CPFL-PAULISTA,33050196000188,DEC,2022,4,0.23000000
2026-10-05,13808,Campinas 1-Centro,CPFL-PAULISTA,33050196000188,FEC,2022,7,0.12000000
2026-10-05,13497,ITUPEVA,CPFL-PIRATINING,04172213000151,DEC,2022,2,0.36000000
2026-10-05,13793,Nova Odessa 1,CPFL-PAULISTA,33050196000188,FEC,2022,8,0.25000000
2026-10-05,13797,Itatiba 3-Colonial,CPFL-PAULISTA,33050196000188,NumCon,2022,2,33674.00000000
2026-10-05,16665,INDAIATUBA 2 - MORADA DO SOL,CPFL-PIRATINING,04172213000151,DEC,2022,2,0.26000000
2026-10-05,13820,Cosmopolis 1,CPFL-PAULISTA,33050196000188,FEC,2022,2,0.70000000
2026-10-05,13830,Sumare 1,CPFL-PAULISTA,33050196000188,FEC,2022,9,0.05000000
2026-10-05,13814,Campinas 15-Dic,CPFL-PAULISTA,33050196000188,NumCon,2022,3,29019.00000000
2026-10-05,13830,Sumare 1,CPFL-PAULISTA,33050196000188,DEC,2022,4,0.11000000
2026-10-05,16452,Monte Mor 1,CPFL-PAULISTA,33050196000188,NumCon,2022,4,25984.00000000
2026-10-05,13802,Valinhos 1,CPFL-PAULISTA,33050196000188,DEC,2022,2,0.43000000
2026-10-05,13808,Campinas 1-Centro,CPFL-PAULISTA,33050196000188,FEC,2022,8,0.04000000
2026-10-05,13800,Campinas 9-Paineiras,CPFL-PAULISTA,33050196000188,FEC,2022,1,0.17000000
2026-10-05,16441,Campinas 7-Tanquinho,CPFL-PAULISTA,33050196000188,FEC,2022,11,0.27000000
2026-10-05,16440,Campinas 5-Andorinha,CPFL-PAULISTA,33050196000188,DEC,2022,1,0.38000000
2026-10-05,13808,Campinas 1-Centro,CPFL-PAULISTA,33050196000188,NumCon,2022,4,61374.00000000
2026-10-05,13822,Americana 2-Campo Verde,CPFL-PAULISTA,33050196000188,NumCon,2022,4,24890.00000000
2026-10-05,13832,Sumare 6-Orquidea,CPFL-PAULISTA,33050196000188,DEC,2022,2,0.25000000
2026-10-05,13586,SANTO ANTONIO DA POSSE,ELEKTRO,02328280000197,NumCon,2022,3,9340.00000000
2026-10-05,13824,Nova Odessa 2-Fazenda Velha,CPFL-PAULISTA,33050196000188,DEC,2022,6,0.29000000
2026-10-05,16665,INDAIATUBA 2 - MORADA DO SOL,CPFL-PIRATINING,04172213000151,FEC,2022,8,0.18000000
2026-10-05,16452,Monte Mor 1,CPFL-PAULISTA,33050196000188,NumCon,2022,2,25934.00000000
2026-10-05,13841,Rio das Pedras 1,CPFL-PAULISTA,33050196000188,NumCon,2022,5,12482.00000000
2026-10-05,13820,Cosmopolis 1,CPFL-PAULISTA,33050196000188,DEC,2022,12,0.27000000
2026-10-05,13806,Campinas 8-Viracopos,CPFL-PAULISTA,33050196000188,DEC,2022,8,0.19000000
2026-10-05,16665,INDAIATUBA 2 - MORADA DO SOL,CPFL-PIRATINING,04172213000151,DEC,2022,6,0.50000000
2026-10-05,13807,Campinas 6-Taquaral,CPFL-PAULISTA,33050196000188,FEC,2022,3,0.27000000
2026-10-05,13809,Campinas 10-Chapadão,CPFL-PAULISTA,33050196000188,DEC,2022,2,0.27000000
2026-10-05,13799,Campinas 2-Souzas,CPFL-PAULISTA,33050196000188,DEC,2022,5,0.82000000
2026-10-05,13834,Sumare 4-Nova Aparecida,CPFL-PAULISTA,33050196000188,DEC,2022,10,0.19000000
2026-10-05,13805,Campinas 3-Trevo,CPFL-PAULISTA,33050196000188,FEC,2022,5,0.05000000
2026-10-05,13807,Campinas 6-Taquaral,CPFL-PAULISTA,33050196000188,NumCon,2022,7,38563.00000000
2026-10-05,16665,INDAIATUBA 2 - MORADA DO SOL,CPFL-PIRATINING,04172213000151,FEC,2022,7,0.21000000
2026-10-05,13806,Campinas 8-Viracopos,CPFL-PAULISTA,33050196000188,NumCon,2022,12,20640.00000000
2026-10-05,16440,Campinas 5-Andorinha,CPFL-PAULISTA,33050196000188,DEC,2022,5,0.21000000
2026-10-05,13797,Itatiba 3-Colonial,CPFL-PAULISTA,33050196000188,NumCon,2022,8,34177.00000000
2026-10-05,13497,ITUPEVA,CPFL-PIRATINING,04172213000151,FEC,2022,12,0.55000000
2026-10-05,13497,ITUPEVA,CPFL-PIRATINING,04172213000151,DEC,2022,4,0.52000000
2026-10-05,13797,Itatiba 3-Colonial,CPFL-PAULISTA,33050196000188,FEC,2022,10,0.12000000
2026-10-05,13806,Campinas 8-Viracopos,CPFL-PAULISTA,33050196000188,NumCon,2022,7,20584.00000000
2026-10-05,13797,Itatiba 3-Colonial,CPFL-PAULISTA,33050196000188,FEC,2022,12,0.25000000
2026-10-05,13802,Valinhos 1,CPFL-PAULISTA,33050196000188,FEC,2022,12,0.17000000
2026-10-05,13822,Americana 2-Campo Verde,CPFL-PAULISTA,33050196000188,NumCon,2022,8,25020.00000000
2026-10-05,13820,Cosmopolis 1,CPFL-PAULISTA,33050196000188,FEC,2022,12,0.32000000
2026-10-05,13802,Valinhos 1,CPFL-PAULISTA,33050196000188,NumCon,2022,5,35026.00000000
2026-10-05,13540,MOGI MIRIM UM,ELEKTRO,02328280000197,DEC,2022,2,0.30000000
2026-10-05,13812,Campinas 14-Bandeirantes,CPFL-PAULISTA,33050196000188,NumCon,2022,5,37529.00000000
2026-10-05,13830,Sumare 1,CPFL-PAULISTA,33050196000188,DEC,2022,8,0.17000000
2026-10-05,13807,Campinas 6-Taquaral,CPFL-PAULISTA,33050196000188,FEC,2022,8,0.11000000
2026-10-05,13503,LOUVEIRA,CPFL-PIRATINING,04172213000151,DEC,2022,1,0.87000000
2026-10-05,13807,Campinas 6-Taquaral,CPFL-PAULISTA,33050196000188,NumCon,2022,12,38849.00000000
2026-10-05,13830,Sumare 1,CPFL-PAULISTA,33050196000188,DEC,2022,10,0.26000000
2026-10-05,13497,ITUPEVA,CPFL-PIRATINING,04172213000151,NumCon,2022,12,41826.00000000
2026-10-05,13503,LOUVEIRA,CPFL-PIRATINING,04172213000151,DEC,2022,6,0.55000000
2026-10-05,13802,Valinhos 1,CPFL-PAULISTA,33050196000188,FEC,2022,11,0.44000000
2026-10-05,13834,Sumare 4-Nova Aparecida,CPFL-PAULISTA,33050196000188,DEC,2022,12,0.25000000
2026-10-05,13814,Campinas 15-Dic,CPFL-PAULISTA,33050196000188,NumCon,2022,7,29124.00000000
2026-10-05,13793,Nova Odessa 1,CPFL-PAULISTA,33050196000188,FEC,2022,7,0.08000000
2026-10-05,13836,Hortolandia 1,CPFL-PAULISTA,33050196000188,NumCon,2022,3,55720.00000000
2026-10-05,13806,Campinas 8-Viracopos,CPFL-PAULISTA,33050196000188,DEC,2022,9,0.39000000
2026-10-05,13497,ITUPEVA,CPFL-PIRATINING,04172213000151,NumCon,2022,9,41592.00000000
2026-10-05,13808,Campinas 1-Centro,CPFL-PAULISTA,33050196000188,FEC,2022,9,0.05000000
2026-10-05,13813,Campinas 16-Jardim Marajo,CPFL-PAULISTA,33050196000188,NumCon,2022,1,60614.00000000
2026-10-05,13841,Rio das Pedras 1,CPFL-PAULISTA,33050196000188,NumCon,2022,1,12401.00000000
2026-10-05,13807,Campinas 6-Taquaral,CPFL-PAULISTA,33050196000188,NumCon,2022,3,38320.00000000
2026-10-05,13819,Paulinia 1,CPFL-PAULISTA,33050196000188,DEC,2022,9,0.18000000
2026-10-05,13503,LOUVEIRA,CPFL-PIRATINING,04172213000151,DEC,2022,10,0.43000000
2026-10-05,13830,Sumare 1,CPFL-PAULISTA,33050196000188,DEC,2022,6,0.39000000
2026-10-05,13826,Americana 4-Jardim,CPFL-PAULISTA,33050196000188,FEC,2022,11,0.33000000
2026-10-05,13814,Campinas 15-Dic,CPFL-PAULISTA,33050196000188,NumCon,2022,12,29204.00000000
2026-10-05,16452,Monte Mor 1,CPFL-PAULISTA,33050196000188,NumCon,2022,5,26167.00000000
2026-10-05,13813,Campinas 16-Jardim Marajo,CPFL-PAULISTA,33050196000188,NumCon,2022,3,60536.00000000
2026-10-05,13830,Sumare 1,CPFL-PAULISTA,33050196000188,DEC,2022,7,0.62000000
2026-10-05,13820,Cosmopolis 1,CPFL-PAULISTA,33050196000188,DEC,2022,11,0.22000000
2026-10-05,13806,Campinas 8-Viracopos,CPFL-PAULISTA,33050196000188,DEC,2022,1,0.48000000
2026-10-05,13834,Sumare 4-Nova Aparecida,CPFL-PAULISTA,33050196000188,DEC,2022,11,0.33000000
2026-10-05,13819,Paulinia 1,CPFL-PAULISTA,33050196000188,DEC,2022,1,0.78000000
2026-10-05,13835,Sumare 3-Quilombo,CPFL-PAULISTA,33050196000188,DEC,2022,9,0.60000000
2026-10-05,13807,Campinas 6-Taquaral,CPFL-PAULISTA,33050196000188,FEC,2022,7,0.12000000
2026-10-05,13805,Campinas 3-Trevo,CPFL-PAULISTA,33050196000188,NumCon,2022,8,39423.00000000
2026-10-05,13813,Campinas 16-Jardim Marajo,CPFL-PAULISTA,33050196000188,NumCon,2022,12,61149.00000000
2026-10-05,13802,Valinhos 1,CPFL-PAULISTA,33050196000188,FEC,2022,3,0.29000000
2026-10-05,13822,Americana 2-Campo Verde,CPFL-PAULISTA,33050196000188,NumCon,2022,2,24862.00000000
2026-10-05,13819,Paulinia 1,CPFL-PAULISTA,33050196000188,NumCon,2022,8,27486.00000000
2026-10-05,13807,Campinas 6-Taquaral,CPFL-PAULISTA,33050196000188,FEC,2022,4,0.08000000
2026-10-05,13806,Campinas 8-Viracopos,CPFL-PAULISTA,33050196000188,NumCon,2022,1,20506.00000000
2026-10-05,13800,Campinas 9-Paineiras,CPFL-PAULISTA,33050196000188,DEC,2022,2,0.32000000
2026-10-05,13819,Paulinia 1,CPFL-PAULISTA,33050196000188,NumCon,2022,9,27530.00000000
2026-10-05,13808,Campinas 1-Centro,CPFL-PAULISTA,33050196000188,FEC,2022,1,0.15000000
2026-10-05,13807,Campinas 6-Taquaral,CPFL-PAULISTA,33050196000188,NumCon,2022,8,38646.00000000
2026-10-05,13797,Itatiba 3-Colonial,CPFL-PAULISTA,33050196000188,NumCon,2022,4,33833.00000000
2026-10-05,13806,Campinas 8-Viracopos,CPFL-PAULISTA,33050196000188,NumCon,2022,9,20576.00000000
2026-10-05,13503,LOUVEIRA,CPFL-PIRATINING,04172213000151,DEC,2022,7,0.74000000
2026-10-05,13805,Campinas 3-Trevo,CPFL-PAULISTA,33050196000188,FEC,2022,2,0.07000000
2026-10-05,13797,Itatiba 3-Colonial,CPFL-PAULISTA,33050196000188,FEC,2022,6,0.28000000
2026-10-05,13497,ITUPEVA,CPFL-PIRATINING,04172213000151,FEC,2022,2,0.18000000
2026-10-05,13811,Campinas 4-Boa Vista,CPFL-PAULISTA,33050196000188,NumCon,2022,1,18368.00000000
2026-10-05,13824,Nova Odessa 2-Fazenda Velha,CPFL-PAULISTA,33050196000188,DEC,2022,2,0.29000000
2026-10-05,13497,ITUPEVA,CPFL-PIRATINING,04172213000151,DEC,2022,12,0.62000000
2026-10-05,13497,ITUPEVA,CPFL-PIRATINING,04172213000151,NumCon,2022,8,41469.00000000
2026-10-05,13822,Americana 2-Campo Verde,CPFL-PAULISTA,33050196000188,NumCon,2022,1,24820.00000000
2026-10-05,16665,INDAIATUBA 2 - MORADA DO SOL,CPFL-PIRATINING,04172213000151,FEC,2022,10,0.09000000
2026-10-05,13813,Campinas 16-Jardim Marajo,CPFL-PAULISTA,33050196000188,DEC,2022,3,0.75000000
2026-10-05,15877,PORTO GOES,CPFL-PIRATINING,04172213000151,DEC,2022,2,0.46000000
2026-10-05,13813,Campinas 16-Jardim Marajo,CPFL-PAULISTA,33050196000188,NumCon,2022,7,60928.00000000
2026-10-05,13824,Nova Odessa 2-Fazenda Velha,CPFL-PAULISTA,33050196000188,DEC,2022,10,0.24000000
2026-10-05,16665,INDAIATUBA 2 - MORADA DO SOL,CPFL-PIRATINING,04172213000151,DEC,2022,7,0.31000000
2026-10-05,13826,Americana 4-Jardim,CPFL-PAULISTA,33050196000188,FEC,2022,7,0.07000000
2026-10-05,13586,SANTO ANTONIO DA POSSE,ELEKTRO,02328280000197,NumCon,2022,6,9387.00000000
2026-10-05,13810,Campinas 12-Cidade Jardim,CPFL-PAULISTA,33050196000188,DEC,2022,6,0.10000000
2026-10-05,13813,Campinas 16-Jardim Marajo,CPFL-PAULISTA,33050196000188,DEC,2022,12,0.47000000
2026-10-05,13797,Itatiba 3-Colonial,CPFL-PAULISTA,33050196000188,FEC,2022,5,0.27000000
2026-10-05,16452,Monte Mor 1,CPFL-PAULISTA,33050196000188,DEC,2022,4,0.55000000
2026-10-05,13820,Cosmopolis 1,CPFL-PAULISTA,33050196000188,FEC,2022,3,0.30000000
2026-10-05,15877,PORTO GOES,CPFL-PIRATINING,04172213000151,DEC,2022,5,1.00000000
2026-10-05,16452,Monte Mor 1,CPFL-PAULISTA,33050196000188,DEC,2022,10,1.01000000
2026-10-05,13820,Cosmopolis 1,CPFL-PAULISTA,33050196000188,DEC,2022,10,0.23000000
2026-10-05,13822,Americana 2-Campo Verde,CPFL-PAULISTA,33050196000188,NumCon,2022,6,24921.00000000
2026-10-05,13837,Hortolandia 2-Morro Azul,CPFL-PAULISTA,33050196000188,FEC,2022,12,0.05000000
2026-10-05,13806,Campinas 8-Viracopos,CPFL-PAULISTA,33050196000188,DEC,2022,3,0.76000000
2026-10-05,16452,Monte Mor 1,CPFL-PAULISTA,33050196000188,NumCon,2022,12,26537.00000000
2026-10-05,13830,Sumare 1,CPFL-PAULISTA,33050196000188,DEC,2022,2,0.34000000
2026-10-05,13824,Nova Odessa 2-Fazenda Velha,CPFL-PAULISTA,33050196000188,DEC,2022,1,0.64000000
2026-10-05,16665,INDAIATUBA 2 - MORADA DO SOL,CPFL-PIRATINING,04172213000151,FEC,2022,9,0.31000000
2026-10-05,13793,Nova Odessa 1,CPFL-PAULISTA,33050196000188,FEC,2022,3,0.33000000
2026-10-05,16452,Monte Mor 1,CPFL-PAULISTA,33050196000188,NumCon,2022,3,25964.00000000
2026-10-05,13813,Campinas 16-Jardim Marajo,CPFL-PAULISTA,33050196000188,DEC,2022,11,0.58000000
2026-10-05,13821,Americana 5-Ipe,CPFL-PAULISTA,33050196000188,DEC,2022,10,0.17000000
2026-10-05,16452,Monte Mor 1,CPFL-PAULISTA,33050196000188,DEC,2022,8,0.55000000
2026-10-05,13817,Campinas 11-Barao Geraldo,CPFL-PAULISTA,33050196000188,NumCon,2022,8,11060.00000000
2026-10-05,13813,Campinas 16-Jardim Marajo,CPFL-PAULISTA,33050196000188,DEC,2022,7,0.21000000
2026-10-05,16452,Monte Mor 1,CPFL-PAULISTA,33050196000188,DEC,2022,9,0.72000000
2026-10-05,13832,Sumare 6-Orquidea,CPFL-PAULISTA,33050196000188,DEC,2022,10,0.31000000
2026-10-05,13808,Campinas 1-Centro,CPFL-PAULISTA,33050196000188,FEC,2022,4,0.07000000
2026-10-05,13497,ITUPEVA,CPFL-PIRATINING,04172213000151,NumCon,2022,2,40712.00000000
2026-10-05,13830,Sumare 1,CPFL-PAULISTA,33050196000188,NumCon,2022,8,24029.00000000
2026-10-05,13563,VINHEDO 2 - MARAMBAIA,CPFL-PIRATINING,04172213000151,NumCon,2022,2,19333.00000000
2026-10-05,13822,Americana 2-Campo Verde,CPFL-PAULISTA,33050196000188,NumCon,2022,9,25002.00000000
2026-10-05,13826,Americana 4-Jardim,CPFL-PAULISTA,33050196000188,FEC,2022,2,0.15000000
2026-10-05,13586,SANTO ANTONIO DA POSSE,ELEKTRO,02328280000197,NumCon,2022,2,9321.00000000
2026-10-05,16665,INDAIATUBA 2 - MORADA DO SOL,CPFL-PIRATINING,04172213000151,DEC,2022,11,0.34000000
2026-10-05,13586,SANTO ANTONIO DA POSSE,ELEKTRO,02328280000197,NumCon,2022,5,9368.00000000
2026-10-05,13797,Itatiba 3-Colonial,CPFL-PAULISTA,33050196000188,FEC,2022,1,0.40000000
2026-10-05,13563,VINHEDO 2 - MARAMBAIA,CPFL-PIRATINING,04172213000151,NumCon,2022,12,19936.00000000
2026-10-05,16452,Monte Mor 1,CPFL-PAULISTA,33050196000188,NumCon,2022,7,26297.00000000
2026-10-05,13808,Campinas 1-Centro,CPFL-PAULISTA,33050196000188,FEC,2022,2,0.03000000
2026-10-05,13837,Hortolandia 2-Morro Azul,CPFL-PAULISTA,33050196000188,FEC,2022,5,0.21000000
2026-10-05,13563,VINHEDO 2 - MARAMBAIA,CPFL-PIRATINING,04172213000151,NumCon,2022,9,19716.00000000
2026-10-05,13806,Campinas 8-Viracopos,CPFL-PAULISTA,33050196000188,NumCon,2022,3,20533.00000000
2026-10-05,16452,Monte Mor 1,CPFL-PAULISTA,33050196000188,DEC,2022,3,0.60000000
2026-10-05,13813,Campinas 16-Jardim Marajo,CPFL-PAULISTA,33050196000188,DEC,2022,8,0.39000000
2026-10-05,16452,Monte Mor 1,CPFL-PAULISTA,33050196000188,DEC,2022,7,0.53000000
2026-10-05,13830,Sumare 1,CPFL-PAULISTA,33050196000188,NumCon,2022,2,22938.00000000
2026-10-05,13837,Hortolandia 2-Morro Azul,CPFL-PAULISTA,33050196000188,FEC,2022,8,0.27000000
2026-10-05,13802,Valinhos 1,CPFL-PAULISTA,33050196000188,DEC,2022,5,0.39000000
2026-10-05,16665,INDAIATUBA 2 - MORADA DO SOL,CPFL-PIRATINING,04172213000151,FEC,2022,1,0.91000000
2026-10-05,13491,INDAIATUBA,CPFL-PIRATINING,04172213000151,DEC,2022,1,0.55000000
2026-10-05,15877,PORTO GOES,CPFL-PIRATINING,04172213000151,DEC,2022,11,0.50000000
2026-10-05,13808,Campinas 1-Centro,CPFL-PAULISTA,33050196000188,NumCon,2022,1,60978.00000000
2026-10-05,13497,ITUPEVA,CPFL-PIRATINING,04172213000151,FEC,2022,4,0.37000000
2026-10-05,13491,INDAIATUBA,CPFL-PIRATINING,04172213000151,FEC,2022,3,0.49000000
2026-10-05,13808,Campinas 1-Centro,CPFL-PAULISTA,33050196000188,NumCon,2022,12,61639.00000000
2026-10-05,16665,INDAIATUBA 2 - MORADA DO SOL,CPFL-PIRATINING,04172213000151,NumCon,2022,9,55942.00000000
2026-10-05,13824,Nova Odessa 2-Fazenda Velha,CPFL-PAULISTA,33050196000188,DEC,2022,4,0.29000000
2026-10-05,13808,Campinas 1-Centro,CPFL-PAULISTA,33050196000188,NumCon,2022,7,61732.00000000
2026-10-05,15877,PORTO GOES,CPFL-PIRATINING,04172213000151,DEC,2022,3,0.53000000
2026-10-05,13563,VINHEDO 2 - MARAMBAIA,CPFL-PIRATINING,04172213000151,FEC,2022,2,0.66000000
2026-10-05,15877,PORTO GOES,CPFL-PIRATINING,04172213000151,FEC,2022,4,0.59000000
2026-10-05,13503,LOUVEIRA,CPFL-PIRATINING,04172213000151,FEC,2022,8,0.28000000
2026-10-05,15877,PORTO GOES,CPFL-PIRATINING,04172213000151,FEC,2022,2,0.52000000
2026-10-05,13491,INDAIATUBA,CPFL-PIRATINING,04172213000151,DEC,2022,2,0.72000000
2026-10-05,13491,INDAIATUBA,CPFL-PIRATINING,04172213000151,NumCon,2022,5,59927.00000000
2026-10-05,13491,INDAIATUBA,CPFL-PIRATINING,04172213000151,DEC,2022,5,0.57000000
2026-10-05,13563,VINHEDO 2 - MARAMBAIA,CPFL-PIRATINING,04172213000151,NumCon,2022,1,19279.00000000
2026-10-05,13561,VINHEDO,CPFL-PIRATINING,04172213000151,NumCon,2022,11,23738.00000000
2026-10-05,13503,LOUVEIRA,CPFL-PIRATINING,04172213000151,FEC,2022,11,0.13000000
2026-10-05,16665,INDAIATUBA 2 - MORADA DO SOL,CPFL-PIRATINING,04172213000151,DEC,2022,9,0.33000000
2026-10-05,16665,INDAIATUBA 2 - MORADA DO SOL,CPFL-PIRATINING,04172213000151,NumCon,2022,11,56108.00000000
2026-10-05,13563,VINHEDO 2 - MARAMBAIA,CPFL-PIRATINING,04172213000151,NumCon,2022,4,19496.00000000
2026-10-05,13491,INDAIATUBA,CPFL-PIRATINING,04172213000151,FEC,2022,7,0.22000000
2026-10-05,13491,INDAIATUBA,CPFL-PIRATINING,04172213000151,FEC,2022,8,0.25000000
2026-10-05,13497,ITUPEVA,CPFL-PIRATINING,04172213000151,FEC,2022,3,0.52000000
2026-10-05,15877,PORTO GOES,CPFL-PIRATINING,04172213000151,NumCon,2022,1,63460.00000000
2026-10-05,13491,INDAIATUBA,CPFL-PIRATINING,04172213000151,DEC,2022,4,0.54000000
2026-10-05,13503,LOUVEIRA,CPFL-PIRATINING,04172213000151,FEC,2022,5,0.53000000
2026-10-05,13491,INDAIATUBA,CPFL-PIRATINING,04172213000151,DEC,2022,10,0.69000000
2026-10-05,13491,INDAIATUBA,CPFL-PIRATINING,04172213000151,NumCon,2022,3,59621.00000000
2026-10-05,13503,LOUVEIRA,CPFL-PIRATINING,04172213000151,NumCon,2022,1,17080.00000000
2026-10-05,13491,INDAIATUBA,CPFL-PIRATINING,04172213000151,FEC,2022,2,0.49000000
2026-10-05,13491,INDAIATUBA,CPFL-PIRATINING,04172213000151,FEC,2022,4,0.90000000
2026-10-05,15877,PORTO GOES,CPFL-PIRATINING,04172213000151,DEC,2022,8,0.19000000
2026-10-05,13503,LOUVEIRA,CPFL-PIRATINING,04172213000151,FEC,2022,7,0.33000000
2026-10-05,13503,LOUVEIRA,CPFL-PIRATINING,04172213000151,NumCon,2022,5,17212.00000000
2026-10-05,13503,LOUVEIRA,CPFL-PIRATINING,04172213000151,FEC,2022,3,0.33000000
2026-10-05,16665,INDAIATUBA 2 - MORADA DO SOL,CPFL-PIRATINING,04172213000151,NumCon,2022,8,55836.00000000
2026-10-05,13503,LOUVEIRA,CPFL-PIRATINING,04172213000151,FEC,2022,12,0.37000000
2026-10-05,13491,INDAIATUBA,CPFL-PIRATINING,04172213000151,DEC,2022,3,0.75000000
2026-10-05,16665,INDAIATUBA 2 - MORADA DO SOL,CPFL-PIRATINING,04172213000151,NumCon,2022,6,55506.00000000
2026-10-05,13563,VINHEDO 2 - MARAMBAIA,CPFL-PIRATINING,04172213000151,NumCon,2022,8,19681.00000000
2026-10-05,16665,INDAIATUBA 2 - MORADA DO SOL,CPFL-PIRATINING,04172213000151,FEC,2022,2,0.22000000
2026-10-05,13491,INDAIATUBA,CPFL-PIRATINING,04172213000151,DEC,2022,11,0.55000000
2026-10-05,15877,PORTO GOES,CPFL-PIRATINING,04172213000151,DEC,2022,12,0.40000000
2026-10-05,13563,VINHEDO 2 - MARAMBAIA,CPFL-PIRATINING,04172213000151,FEC,2022,3,0.22000000
2026-10-05,13491,INDAIATUBA,CPFL-PIRATINING,04172213000151,DEC,2022,8,0.28000000
2026-10-05,13563,VINHEDO 2 - MARAMBAIA,CPFL-PIRATINING,04172213000151,NumCon,2022,10,19767.00000000
2026-10-05,13503,LOUVEIRA,CPFL-PIRATINING,04172213000151,NumCon,2022,4,17176.00000000
2026-10-05,16665,INDAIATUBA 2 - MORADA DO SOL,CPFL-PIRATINING,04172213000151,FEC,2022,4,1.74000000
2026-10-05,13561,VINHEDO,CPFL-PIRATINING,04172213000151,FEC,2022,11,0.65000000
2026-10-05,16665,INDAIATUBA 2 - MORADA DO SOL,CPFL-PIRATINING,04172213000151,NumCon,2022,10,56059.00000000
2026-10-05,13491,INDAIATUBA,CPFL-PIRATINING,04172213000151,FEC,2022,5,0.31000000
2026-10-05,13497,ITUPEVA,CPFL-PIRATINING,04172213000151,NumCon,2022,10,41684.00000000
2026-10-05,13497,ITUPEVA,CPFL-PIRATINING,04172213000151,DEC,2022,5,0.51000000
2026-10-05,16665,INDAIATUBA 2 - MORADA DO SOL,CPFL-PIRATINING,04172213000151,FEC,2022,5,0.22000000
2026-10-05,13563,VINHEDO 2 - MARAMBAIA,CPFL-PIRATINING,04172213000151,NumCon,2022,6,19583.00000000
2026-10-05,15877,PORTO GOES,CPFL-PIRATINING,04172213000151,NumCon,2022,4,63838.00000000
2026-10-05,13491,INDAIATUBA,CPFL-PIRATINING,04172213000151,DEC,2022,9,0.52000000
2026-10-05,13497,ITUPEVA,CPFL-PIRATINING,04172213000151,DEC,2022,6,0.91000000
2026-10-05,13491,INDAIATUBA,CPFL-PIRATINING,04172213000151,DEC,2022,12,0.76000000
2026-10-05,13561,VINHEDO,CPFL-PIRATINING,04172213000151,FEC,2022,8,0.40000000
2026-10-05,13497,ITUPEVA,CPFL-PIRATINING,04172213000151,DEC,2022,1,0.95000000
2026-10-05,13491,INDAIATUBA,CPFL-PIRATINING,04172213000151,DEC,2022,6,0.75000000
2026-10-05,13491,INDAIATUBA,CPFL-PIRATINING,04172213000151,FEC,2022,12,0.50000000
2026-10-05,13503,LOUVEIRA,CPFL-PIRATINING,04172213000151,NumCon,2022,3,17171.00000000
2026-10-05,13563,VINHEDO 2 - MARAMBAIA,CPFL-PIRATINING,04172213000151,FEC,2022,7,0.44000000
2026-10-05,13497,ITUPEVA,CPFL-PIRATINING,04172213000151,DEC,2022,10,0.41000000
2026-10-05,15877,PORTO GOES,CPFL-PIRATINING,04172213000151,NumCon,2022,3,63756.00000000
2026-10-05,13497,ITUPEVA,CPFL-PIRATINING,04172213000151,DEC,2022,7,0.25000000
2026-10-05,16665,INDAIATUBA 2 - MORADA DO SOL,CPFL-PIRATINING,04172213000151,NumCon,2022,5,55390.00000000
2026-10-05,13491,INDAIATUBA,CPFL-PIRATINING,04172213000151,DEC,2022,7,0.31000000
2026-10-05,13563,VINHEDO 2 - MARAMBAIA,CPFL-PIRATINING,04172213000151,NumCon,2022,3,19440.00000000
2026-10-05,13503,LOUVEIRA,CPFL-PIRATINING,04172213000151,NumCon,2022,2,17105.00000000
2026-10-05,13563,VINHEDO 2 - MARAMBAIA,CPFL-PIRATINING,04172213000151,NumCon,2022,7,19606.00000000
2026-10-05,13561,VINHEDO,CPFL-PIRATINING,04172213000151,DEC,2022,9,0.27000000
2026-10-05,13563,VINHEDO 2 - MARAMBAIA,CPFL-PIRATINING,04172213000151,NumCon,2022,5,19534.00000000
2026-10-05,13497,ITUPEVA,CPFL-PIRATINING,04172213000151,DEC,2022,8,0.32000000
2026-10-05,13563,VINHEDO 2 - MARAMBAIA,CPFL-PIRATINING,04172213000151,NumCon,2022,11,19846.00000000
2026-10-05,13561,VINHEDO,CPFL-PIRATINING,04172213000151,NumCon,2022,10,23734.00000000
2026-10-05,13563,VINHEDO 2 - MARAMBAIA,CPFL-PIRATINING,04172213000151,DEC,2022,10,0.40000000
2026-10-05,13563,VINHEDO 2 - MARAMBAIA,CPFL-PIRATINING,04172213000151,DEC,2022,6,0.74000000
2026-10-05,13503,LOUVEIRA,CPFL-PIRATINING,04172213000151,NumCon,2022,11,17451.00000000
2026-10-05,13561,VINHEDO,CPFL-PIRATINING,04172213000151,DEC,2022,6,0.42000000
2026-10-05,13497,ITUPEVA,CPFL-PIRATINING,04172213000151,FEC,2022,10,0.20000000
2026-10-05,13497,ITUPEVA,CPFL-PIRATINING,04172213000151,FEC,2022,6,0.34000000
2026-10-05,13561,VINHEDO,CPFL-PIRATINING,04172213000151,FEC,2022,1,0.22000000
2026-10-05,13563,VINHEDO 2 - MARAMBAIA,CPFL-PIRATINING,04172213000151,FEC,2022,5,0.19000000
2026-10-05,13497,ITUPEVA,CPFL-PIRATINING,04172213000151,FEC,2022,9,0.26000000
2026-10-05,13561,VINHEDO,CPFL-PIRATINING,04172213000151,DEC,2022,7,0.19000000
2026-10-05,13497,ITUPEVA,CPFL-PIRATINING,04172213000151,FEC,2022,1,1.05000000
2026-10-05,13561,VINHEDO,CPFL-PIRATINING,04172213000151,NumCon,2022,6,23537.00000000
2026-10-05,13503,LOUVEIRA,CPFL-PIRATINING,04172213000151,NumCon,2022,7,17341.00000000
2026-10-05,13561,VINHEDO,CPFL-PIRATINING,04172213000151,DEC,2022,12,0.46000000
2026-10-05,13561,VINHEDO,CPFL-PIRATINING,04172213000151,NumCon,2022,9,23704.00000000
2026-10-05,13503,LOUVEIRA,CPFL-PIRATINING,04172213000151,NumCon,2022,9,17395.00000000
2026-10-05,13503,LOUVEIRA,CPFL-PIRATINING,04172213000151,NumCon,2022,12,17425.00000000
2026-10-05,13497,ITUPEVA,CPFL-PIRATINING,04172213000151,FEC,2022,7,0.29000000
2026-10-05,13561,VINHEDO,CPFL-PIRATINING,04172213000151,DEC,2022,3,0.54000000
2026-10-05,13561,VINHEDO,CPFL-PIRATINING,04172213000151,DEC,2022,11,0.36000000
2026-10-05,13561,VINHEDO,CPFL-PIRATINING,04172213000151,DEC,2022,8,0.69000000
2026-10-05,13561,VINHEDO,CPFL-PIRATINING,04172213000151,NumCon,2022,2,23325.00000000
2026-10-05,13561,VINHEDO,CPFL-PIRATINING,04172213000151,DEC,2022,1,0.53000000
2026-10-05,13561,VINHEDO,CPFL-PIRATINING,04172213000151,DEC,2022,4,0.38000000
2026-10-05,13497,ITUPEVA,CPFL-PIRATINING,04172213000151,DEC,2022,9,0.39000000
2026-10-05,13561,VINHEDO,CPFL-PIRATINING,04172213000151,DEC,2022,5,0.53000000
2026-10-05,16665,INDAIATUBA 2 - MORADA DO SOL,CPFL-PIRATINING,04172213000151,NumCon,2022,7,55716.00000000
2026-10-05,13561,VINHEDO,CPFL-PIRATINING,04172213000151,DEC,2022,2,0.15000000
2026-10-05,13497,ITUPEVA,CPFL-PIRATINING,04172213000151,NumCon,2022,7,41339.00000000
2026-10-05,13563,VINHEDO 2 - MARAMBAIA,CPFL-PIRATINING,04172213000151,DEC,2022,1,0.90000000
2026-10-05,13503,LOUVEIRA,CPFL-PIRATINING,04172213000151,DEC,2022,3,0.81000000
2026-10-05,13563,VINHEDO 2 - MARAMBAIA,CPFL-PIRATINING,04172213000151,DEC,2022,4,0.27000000
2026-10-05,13497,ITUPEVA,CPFL-PIRATINING,04172213000151,NumCon,2022,3,40856.00000000
2026-10-05,13503,LOUVEIRA,CPFL-PIRATINING,04172213000151,DEC,2022,11,0.45000000
2026-10-05,13563,VINHEDO 2 - MARAMBAIA,CPFL-PIRATINING,04172213000151,DEC,2022,5,0.32000000
2026-10-05,13563,VINHEDO 2 - MARAMBAIA,CPFL-PIRATINING,04172213000151,DEC,2022,2,0.55000000
2026-10-05,13503,LOUVEIRA,CPFL-PIRATINING,04172213000151,DEC,2022,9,0.45000000
2026-10-05,16665,INDAIATUBA 2 - MORADA DO SOL,CPFL-PIRATINING,04172213000151,NumCon,2022,3,55099.00000000
2026-10-05,13497,ITUPEVA,CPFL-PIRATINING,04172213000151,NumCon,2022,6,41239.00000000
2026-10-05,13503,LOUVEIRA,CPFL-PIRATINING,04172213000151,DEC,2022,8,0.41000000
2026-10-05,13561,VINHEDO,CPFL-PIRATINING,04172213000151,NumCon,2022,4,23382.00000000
2026-10-05,13497,ITUPEVA,CPFL-PIRATINING,04172213000151,NumCon,2022,11,41756.00000000
2026-10-05,13563,VINHEDO 2 - MARAMBAIA,CPFL-PIRATINING,04172213000151,DEC,2022,8,0.84000000
2026-10-05,13561,VINHEDO,CPFL-PIRATINING,04172213000151,NumCon,2022,1,23250.00000000
2026-10-05,13497,ITUPEVA,CPFL-PIRATINING,04172213000151,NumCon,2022,1,40629.00000000
2026-10-05,13563,VINHEDO 2 - MARAMBAIA,CPFL-PIRATINING,04172213000151,DEC,2022,7,0.51000000
2026-10-05,13497,ITUPEVA,CPFL-PIRATINING,04172213000151,NumCon,2022,4,40953.00000000
2026-10-05,13563,VINHEDO 2 - MARAMBAIA,CPFL-PIRATINING,04172213000151,DEC,2022,9,0.29000000
2026-10-05,13561,VINHEDO,CPFL-PIRATINING,04172213000151,DEC,2022,10,0.41000000
2026-10-05,13563,VINHEDO 2 - MARAMBAIA,CPFL-PIRATINING,04172213000151,DEC,2022,12,0.34000000
2026-10-05,13503,LOUVEIRA,CPFL-PIRATINING,04172213000151,DEC,2022,12,0.59000000
2026-10-05,13563,VINHEDO 2 - MARAMBAIA,CPFL-PIRATINING,04172213000151,DEC,2022,11,0.40000000
2026-10-05,13563,VINHEDO 2 - MARAMBAIA,CPFL-PIRATINING,04172213000151,DEC,2022,3,0.57000000
2026-10-05,16665,INDAIATUBA 2 - MORADA DO SOL,CPFL-PIRATINING,04172213000151,NumCon,2022,4,55223.00000000
2026-10-05,13497,ITUPEVA,CPFL-PIRATINING,04172213000151,NumCon,2022,5,41108.00000000
2026-10-05,13497,ITUPEVA,CPFL-PIRATINING,04172213000151,DEC,2022,3,0.72000000
2026-10-05,13497,ITUPEVA,CPFL-PIRATINING,04172213000151,DEC,2022,11,0.63000000
2026-10-05,13491,INDAIATUBA,CPFL-PIRATINING,04172213000151,FEC,2022,1,0.28000000
2026-10-05,13491,INDAIATUBA,CPFL-PIRATINING,04172213000151,FEC,2022,9,0.38000000
2026-10-05,13491,INDAIATUBA,CPFL-PIRATINING,04172213000151,NumCon,2022,8,60413.00000000
2026-10-05,15877,PORTO GOES,CPFL-PIRATINING,04172213000151,DEC,2022,9,0.36000000
2026-10-05,13491,INDAIATUBA,CPFL-PIRATINING,04172213000151,NumCon,2022,4,59748.00000000
2026-10-05,15877,PORTO GOES,CPFL-PIRATINING,04172213000151,DEC,2022,6,0.44000000
2026-10-05,13491,INDAIATUBA,CPFL-PIRATINING,04172213000151,FEC,2022,11,0.31000000
2026-10-05,15877,PORTO GOES,CPFL-PIRATINING,04172213000151,DEC,2022,1,0.53000000
2026-10-05,15877,PORTO GOES,CPFL-PIRATINING,04172213000151,DEC,2022,7,0.25000000
2026-10-05,13503,LOUVEIRA,CPFL-PIRATINING,04172213000151,FEC,2022,6,0.20000000
2026-10-05,13503,LOUVEIRA,CPFL-PIRATINING,04172213000151,FEC,2022,1,0.24000000
2026-10-05,13491,INDAIATUBA,CPFL-PIRATINING,04172213000151,FEC,2022,10,0.38000000
2026-10-05,13491,INDAIATUBA,CPFL-PIRATINING,04172213000151,NumCon,2022,12,61093.00000000
2026-10-05,13491,INDAIATUBA,CPFL-PIRATINING,04172213000151,NumCon,2022,1,59342.00000000
2026-10-05,13491,INDAIATUBA,CPFL-PIRATINING,04172213000151,NumCon,2022,11,60984.00000000
2026-10-05,13491,INDAIATUBA,CPFL-PIRATINING,04172213000151,NumCon,2022,9,60632.00000000
2026-10-05,13503,LOUVEIRA,CPFL-PIRATINING,04172213000151,FEC,2022,10,0.23000000
2026-10-05,13491,INDAIATUBA,CPFL-PIRATINING,04172213000151,FEC,2022,6,0.42000000
2026-10-05,13503,LOUVEIRA,CPFL-PIRATINING,04172213000151,FEC,2022,9,0.58000000
2026-10-05,16665,INDAIATUBA 2 - MORADA DO SOL,CPFL-PIRATINING,04172213000151,NumCon,2022,1,54957.00000000
2026-10-05,15877,PORTO GOES,CPFL-PIRATINING,04172213000151,DEC,2022,10,0.49000000
2026-10-05,15877,PORTO GOES,CPFL-PIRATINING,04172213000151,FEC,2022,9,0.43000000
2026-10-05,13491,INDAIATUBA,CPFL-PIRATINING,04172213000151,NumCon,2022,6,60129.00000000
2026-10-05,13503,LOUVEIRA,CPFL-PIRATINING,04172213000151,FEC,2022,4,0.42000000
2026-10-05,15877,PORTO GOES,CPFL-PIRATINING,04172213000151,FEC,2022,10,0.58000000
2026-10-05,13491,INDAIATUBA,CPFL-PIRATINING,04172213000151,NumCon,2022,7,60246.00000000
2026-10-05,15877,PORTO GOES,CPFL-PIRATINING,04172213000151,FEC,2022,6,0.51000000
2026-10-05,15877,PORTO GOES,CPFL-PIRATINING,04172213000151,FEC,2022,11,0.26000000
2026-10-05,13491,INDAIATUBA,CPFL-PIRATINING,04172213000151,NumCon,2022,2,59401.00000000
2026-10-05,16665,INDAIATUBA 2 - MORADA DO SOL,CPFL-PIRATINING,04172213000151,NumCon,2022,2,54224.00000000
2026-10-05,13503,LOUVEIRA,CPFL-PIRATINING,04172213000151,FEC,2022,2,0.30000000
2026-10-05,13491,INDAIATUBA,CPFL-PIRATINING,04172213000151,NumCon,2022,10,60855.00000000
2026-10-05,15877,PORTO GOES,CPFL-PIRATINING,04172213000151,FEC,2022,5,0.96000000
2026-10-05,15877,PORTO GOES,CPFL-PIRATINING,04172213000151,FEC,2022,1,0.37000000
2026-10-05,13563,VINHEDO 2 - MARAMBAIA,CPFL-PIRATINING,04172213000151,FEC,2022,6,0.47000000
2026-10-05,15877,PORTO GOES,CPFL-PIRATINING,04172213000151,FEC,2022,12,0.62000000
2026-10-05,16665,INDAIATUBA 2 - MORADA DO SOL,CPFL-PIRATINING,04172213000151,NumCon,2022,12,56200.00000000
2026-10-05,15877,PORTO GOES,CPFL-PIRATINING,04172213000151,FEC,2022,8,0.10000000
2026-10-05,13563,VINHEDO 2 - MARAMBAIA,CPFL-PIRATINING,04172213000151,FEC,2022,1,0.46000000
2026-10-05,13563,VINHEDO 2 - MARAMBAIA,CPFL-PIRATINING,04172213000151,FEC,2022,10,0.87000000
2026-10-05,13563,VINHEDO 2 - MARAMBAIA,CPFL-PIRATINING,04172213000151,FEC,2022,9,0.16000000
2026-10-05,13561,VINHEDO,CPFL-PIRATINING,04172213000151,NumCon,2022,12,23747.00000000
2026-10-05,15877,PORTO GOES,CPFL-PIRATINING,04172213000151,FEC,2022,7,0.15000000
2026-10-05,15877,PORTO GOES,CPFL-PIRATINING,04172213000151,FEC,2022,3,0.21000000
2026-10-05,13503,LOUVEIRA,CPFL-PIRATINING,04172213000151,NumCon,2022,6,17302.00000000
2026-10-05,13497,ITUPEVA,CPFL-PIRATINING,04172213000151,FEC,2022,8,0.30000000
2026-10-05,13497,ITUPEVA,CPFL-PIRATINING,04172213000151,FEC,2022,11,0.57000000
2026-10-05,13561,VINHEDO,CPFL-PIRATINING,04172213000151,NumCon,2022,8,23647.00000000
2026-10-05,13503,LOUVEIRA,CPFL-PIRATINING,04172213000151,NumCon,2022,8,17390.00000000
2026-10-05,13563,VINHEDO 2 - MARAMBAIA,CPFL-PIRATINING,04172213000151,FEC,2022,12,0.20000000
2026-10-05,13503,LOUVEIRA,CPFL-PIRATINING,04172213000151,NumCon,2022,10,17434.00000000
2026-10-05,13561,VINHEDO,CPFL-PIRATINING,04172213000151,FEC,2022,10,0.16000000
2026-10-05,13561,VINHEDO,CPFL-PIRATINING,04172213000151,FEC,2022,6,0.40000000
2026-10-05,13561,VINHEDO,CPFL-PIRATINING,04172213000151,NumCon,2022,5,23449.00000000
2026-10-05,13563,VINHEDO 2 - MARAMBAIA,CPFL-PIRATINING,04172213000151,FEC,2022,4,0.08000000
2026-10-05,13561,VINHEDO,CPFL-PIRATINING,04172213000151,FEC,2022,9,0.16000000
2026-10-05,15877,PORTO GOES,CPFL-PIRATINING,04172213000151,NumCon,2022,5,63883.00000000
2026-10-05,15877,PORTO GOES,CPFL-PIRATINING,04172213000151,NumCon,2022,10,64780.00000000
2026-10-05,13561,VINHEDO,CPFL-PIRATINING,04172213000151,FEC,2022,5,0.23000000
2026-10-05,15877,PORTO GOES,CPFL-PIRATINING,04172213000151,NumCon,2022,6,64136.00000000
2026-10-05,16722,CEMIRIM,CEMIRIM,52777034000190,NumCon,2022,6,16077.00000000
2026-10-05,16722,CEMIRIM,CEMIRIM,52777034000190,NumCon,2022,5,16059.00000000
2026-10-05,16722,CEMIRIM,CEMIRIM,52777034000190,NumCon,2022,4,16026.00000000
2026-10-05,16722,CEMIRIM,CEMIRIM,52777034000190,NumCon,2022,9,16220.00000000
2026-10-05,16722,CEMIRIM,CEMIRIM,52777034000190,NumCon,2022,11,16305.00000000
2026-10-05,16665,INDAIATUBA 2 - MORADA DO SOL,CPFL-PIRATINING,04172213000151,DEC,2022,4,0.98000000
2026-10-05,13561,VINHEDO,CPFL-PIRATINING,04172213000151,FEC,2022,12,0.29000000
2026-10-05,16722,CEMIRIM,CEMIRIM,52777034000190,NumCon,2022,1,15904.00000000
2026-10-05,15877,PORTO GOES,CPFL-PIRATINING,04172213000151,NumCon,2022,8,64481.00000000
2026-10-05,16722,CEMIRIM,CEMIRIM,52777034000190,NumCon,2022,7,16149.00000000
2026-10-05,16722,CEMIRIM,CEMIRIM,52777034000190,NumCon,2022,8,16184.00000000
2026-10-05,16722,CEMIRIM,CEMIRIM,52777034000190,NumCon,2022,2,15938.00000000
2026-10-05,16722,CEMIRIM,CEMIRIM,52777034000190,NumCon,2022,10,16263.00000000
2026-10-05,16722,CEMIRIM,CEMIRIM,52777034000190,NumCon,2022,12,16329.00000000
2026-10-05,16722,CEMIRIM,CEMIRIM,52777034000190,NumCon,2022,3,15979.00000000
2026-10-05,15877,PORTO GOES,CPFL-PIRATINING,04172213000151,NumCon,2022,11,64974.00000000
2026-10-05,13563,VINHEDO 2 - MARAMBAIA,CPFL-PIRATINING,04172213000151,FEC,2022,8,0.33000000
2026-10-05,16665,INDAIATUBA 2 - MORADA DO SOL,CPFL-PIRATINING,04172213000151,DEC,2022,3,0.42000000
2026-10-05,16722,CEMIRIM,CEMIRIM,52777034000190,DEC,2022,5,0.95000000
2026-10-05,16722,CEMIRIM,CEMIRIM,52777034000190,DEC,2022,4,0.85000000
2026-10-05,16722,CEMIRIM,CEMIRIM,52777034000190,DEC,2022,11,1.66000000
2026-10-05,16722,CEMIRIM,CEMIRIM,52777034000190,DEC,2022,9,0.27000000
2026-10-05,16722,CEMIRIM,CEMIRIM,52777034000190,DEC,2022,6,0.28000000
2026-10-05,16722,CEMIRIM,CEMIRIM,52777034000190,FEC,2022,3,0.37000000
2026-10-05,16722,CEMIRIM,CEMIRIM,52777034000190,FEC,2022,6,0.42000000
2026-10-05,16722,CEMIRIM,CEMIRIM,52777034000190,FEC,2022,9,0.14000000
2026-10-05,16722,CEMIRIM,CEMIRIM,52777034000190,FEC,2022,12,1.17000000
2026-10-05,16665,INDAIATUBA 2 - MORADA DO SOL,CPFL-PIRATINING,04172213000151,DEC,2022,8,0.45000000
2026-10-05,13561,VINHEDO,CPFL-PIRATINING,04172213000151,NumCon,2022,3,23385.00000000
2026-10-05,16722,CEMIRIM,CEMIRIM,52777034000190,FEC,2022,1,0.41000000
2026-10-05,16722,CEMIRIM,CEMIRIM,52777034000190,FEC,2022,10,0.66000000
2026-10-05,16722,CEMIRIM,CEMIRIM,52777034000190,FEC,2022,5,0.60000000
2026-10-05,16722,CEMIRIM,CEMIRIM,52777034000190,FEC,2022,4,0.94000000
2026-10-05,16722,CEMIRIM,CEMIRIM,52777034000190,FEC,2022,11,1.55000000
2026-10-05,16722,CEMIRIM,CEMIRIM,52777034000190,FEC,2022,7,0.69000000
2026-10-05,16722,CEMIRIM,CEMIRIM,52777034000190,FEC,2022,8,0.21000000
2026-10-05,16722,CEMIRIM,CEMIRIM,52777034000190,FEC,2022,2,0.17000000
2026-10-05,16722,CEMIRIM,CEMIRIM,52777034000190,DEC,2022,10,1.17000000
2026-10-05,16722,CEMIRIM,CEMIRIM,52777034000190,DEC,2022,12,1.07000000
2026-10-05,16722,CEMIRIM,CEMIRIM,52777034000190,DEC,2022,3,0.90000000
2026-10-05,13561,VINHEDO,CPFL-PIRATINING,04172213000151,FEC,2022,2,0.06000000
2026-10-05,16722,CEMIRIM,CEMIRIM,52777034000190,DEC,2022,1,0.64000000
2026-10-05,16722,CEMIRIM,CEMIRIM,52777034000190,DEC,2022,7,2.27000000
2026-10-05,16722,CEMIRIM,CEMIRIM,52777034000190,DEC,2022,8,0.34000000
2026-10-05,16722,CEMIRIM,CEMIRIM,52777034000190,DEC,2022,2,0.19000000
2026-10-05,13561,VINHEDO,CPFL-PIRATINING,04172213000151,FEC,2022,3,0.28000000
2026-10-05,13561,VINHEDO,CPFL-PIRATINING,04172213000151,NumCon,2022,7,23592.00000000
2026-10-05,16665,INDAIATUBA 2 - MORADA DO SOL,CPFL-PIRATINING,04172213000151,DEC,2022,12,0.42000000
2026-10-05,13561,VINHEDO,CPFL-PIRATINING,04172213000151,FEC,2022,7,0.06000000
2026-10-05,15877,PORTO GOES,CPFL-PIRATINING,04172213000151,NumCon,2022,2,63582.00000000
2026-10-05,16665,INDAIATUBA 2 - MORADA DO SOL,CPFL-PIRATINING,04172213000151,DEC,2022,5,0.30000000
2026-10-05,15877,PORTO GOES,CPFL-PIRATINING,04172213000151,NumCon,2022,9,64636.00000000
2026-10-05,13563,VINHEDO 2 - MARAMBAIA,CPFL-PIRATINING,04172213000151,FEC,2022,11,0.15000000
2026-10-05,13561,VINHEDO,CPFL-PIRATINING,04172213000151,FEC,2022,4,0.30000000
2026-10-05,15877,PORTO GOES,CPFL-PIRATINING,04172213000151,NumCon,2022,12,65114.00000000
2026-10-05,15877,PORTO GOES,CPFL-PIRATINING,04172213000151,NumCon,2022,7,64267.00000000
2026-10-05,13497,ITUPEVA,CPFL-PIRATINING,04172213000151,DEC,2023,1,0.68000000
2026-10-05,13503,LOUVEIRA,CPFL-PIRATINING,04172213000151,DEC,2023,5,0.34000000
2026-10-05,15877,PORTO GOES,CPFL-PIRATINING,04172213000151,NumCon,2023,4,65891.00000000
2026-10-05,15877,PORTO GOES,CPFL-PIRATINING,04172213000151,NumCon,2023,5,66255.00000000
2026-10-05,13503,LOUVEIRA,CPFL-PIRATINING,04172213000151,DEC,2023,8,0.40000000
2026-10-05,15877,PORTO GOES,CPFL-PIRATINING,04172213000151,NumCon,2023,2,65310.00000000
2026-10-05,15877,PORTO GOES,CPFL-PIRATINING,04172213000151,NumCon,2023,12,67296.00000000
2026-10-05,13563,VINHEDO 2 - MARAMBAIA,CPFL-PIRATINING,04172213000151,DEC,2023,11,0.97000000
2026-10-05,13503,LOUVEIRA,CPFL-PIRATINING,04172213000151,DEC,2023,11,0.59000000
2026-10-05,15877,PORTO GOES,CPFL-PIRATINING,04172213000151,NumCon,2023,1,65209.00000000
2026-10-05,15877,PORTO GOES,CPFL-PIRATINING,04172213000151,DEC,2023,10,0.39000000
2026-10-05,13563,VINHEDO 2 - MARAMBAIA,CPFL-PIRATINING,04172213000151,FEC,2023,12,0.23000000
2026-10-05,13497,ITUPEVA,CPFL-PIRATINING,04172213000151,NumCon,2023,11,42830.00000000
2026-10-05,13497,ITUPEVA,CPFL-PIRATINING,04172213000151,DEC,2023,2,0.61000000
2026-10-05,15877,PORTO GOES,CPFL-PIRATINING,04172213000151,NumCon,2023,10,66808.00000000
2026-10-05,13491,INDAIATUBA,CPFL-PIRATINING,04172213000151,FEC,2023,5,0.31000000
2026-10-05,16665,INDAIATUBA 2 - MORADA DO SOL,CPFL-PIRATINING,04172213000151,FEC,2023,4,0.20000000
2026-10-05,13561,VINHEDO,CPFL-PIRATINING,04172213000151,FEC,2023,12,0.42000000
2026-10-05,13561,VINHEDO,CPFL-PIRATINING,04172213000151,NumCon,2023,2,23844.00000000
2026-10-05,16665,INDAIATUBA 2 - MORADA DO SOL,CPFL-PIRATINING,04172213000151,DEC,2023,1,0.21000000
2026-10-05,16665,INDAIATUBA 2 - MORADA DO SOL,CPFL-PIRATINING,04172213000151,FEC,2023,11,0.39000000
2026-10-05,13497,ITUPEVA,CPFL-PIRATINING,04172213000151,DEC,2023,9,0.64000000
2026-10-05,15877,PORTO GOES,CPFL-PIRATINING,04172213000151,DEC,2023,8,0.38000000
2026-10-05,13561,VINHEDO,CPFL-PIRATINING,04172213000151,FEC,2023,4,0.22000000
2026-10-05,16665,INDAIATUBA 2 - MORADA DO SOL,CPFL-PIRATINING,04172213000151,FEC,2023,3,1.01000000
2026-10-05,16665,INDAIATUBA 2 - MORADA DO SOL,CPFL-PIRATINING,04172213000151,FEC,2023,5,0.24000000
2026-10-05,13561,VINHEDO,CPFL-PIRATINING,04172213000151,FEC,2023,9,0.78000000
2026-10-05,16665,INDAIATUBA 2 - MORADA DO SOL,CPFL-PIRATINING,04172213000151,DEC,2023,9,0.14000000
2026-10-05,13491,INDAIATUBA,CPFL-PIRATINING,04172213000151,NumCon,2023,3,61484.00000000
2026-10-05,13561,VINHEDO,CPFL-PIRATINING,04172213000151,FEC,2023,1,0.47000000
2026-10-05,13561,VINHEDO,CPFL-PIRATINING,04172213000151,NumCon,2023,5,23970.00000000
2026-10-05,13497,ITUPEVA,CPFL-PIRATINING,04172213000151,DEC,2023,11,0.49000000
2026-10-05,13561,VINHEDO,CPFL-PIRATINING,04172213000151,FEC,2023,2,0.40000000
2026-10-05,13503,LOUVEIRA,CPFL-PIRATINING,04172213000151,DEC,2023,4,0.69000000
2026-10-05,13497,ITUPEVA,CPFL-PIRATINING,04172213000151,NumCon,2023,10,42762.00000000
2026-10-05,13491,INDAIATUBA,CPFL-PIRATINING,04172213000151,NumCon,2023,6,61819.00000000
2026-10-05,13561,VINHEDO,CPFL-PIRATINING,04172213000151,NumCon,2023,10,24207.00000000
2026-10-05,13497,ITUPEVA,CPFL-PIRATINING,04172213000151,NumCon,2023,5,42413.00000000
2026-10-05,13563,VINHEDO 2 - MARAMBAIA,CPFL-PIRATINING,04172213000151,DEC,2023,5,0.13000000
2026-10-05,13503,LOUVEIRA,CPFL-PIRATINING,04172213000151,DEC,2023,6,0.29000000
2026-10-05,13561,VINHEDO,CPFL-PIRATINING,04172213000151,NumCon,2023,1,23790.00000000
2026-10-05,13563,VINHEDO 2 - MARAMBAIA,CPFL-PIRATINING,04172213000151,FEC,2023,1,0.28000000
2026-10-05,13497,ITUPEVA,CPFL-PIRATINING,04172213000151,NumCon,2023,4,42268.00000000
2026-10-05,13563,VINHEDO 2 - MARAMBAIA,CPFL-PIRATINING,04172213000151,FEC,2023,6,0.17000000
2026-10-05,13491,INDAIATUBA,CPFL-PIRATINING,04172213000151,DEC,2023,8,0.32000000
2026-10-05,13491,INDAIATUBA,CPFL-PIRATINING,04172213000151,NumCon,2023,11,62360.00000000
2026-10-05,15877,PORTO GOES,CPFL-PIRATINING,04172213000151,DEC,2023,4,0.46000000
2026-10-05,16722,CEMIRIM,CEMIRIM,52777034000190,FEC,2023,8,1.21000000
2026-10-05,13561,VINHEDO,CPFL-PIRATINING,04172213000151,FEC,2023,5,0.13000000
2026-10-05,16722,CEMIRIM,CEMIRIM,52777034000190,FEC,2023,9,0.90000000
2026-10-05,16722,CEMIRIM,CEMIRIM,52777034000190,FEC,2023,1,0.37000000
2026-10-05,13491,INDAIATUBA,CPFL-PIRATINING,04172213000151,DEC,2023,5,0.34000000
2026-10-05,13563,VINHEDO 2 - MARAMBAIA,CPFL-PIRATINING,04172213000151,FEC,2023,2,0.10000000
2026-10-05,13561,VINHEDO,CPFL-PIRATINING,04172213000151,NumCon,2023,12,24206.00000000
2026-10-05,16722,CEMIRIM,CEMIRIM,52777034000190,FEC,2023,2,0.49000000
2026-10-05,13497,ITUPEVA,CPFL-PIRATINING,04172213000151,NumCon,2023,2,41912.00000000
2026-10-05,16722,CEMIRIM,CEMIRIM,52777034000190,FEC,2023,12,0.16000000
2026-10-05,13497,ITUPEVA,CPFL-PIRATINING,04172213000151,DEC,2023,4,0.79000000
2026-10-05,13491,INDAIATUBA,CPFL-PIRATINING,04172213000151,DEC,2023,2,0.62000000
2026-10-05,13491,INDAIATUBA,CPFL-PIRATINING,04172213000151,DEC,2023,6,0.50000000
2026-10-05,13563,VINHEDO 2 - MARAMBAIA,CPFL-PIRATINING,04172213000151,FEC,2023,9,0.40000000
2026-10-05,13561,VINHEDO,CPFL-PIRATINING,04172213000151,NumCon,2023,4,23920.00000000
2026-10-05,13491,INDAIATUBA,CPFL-PIRATINING,04172213000151,DEC,2023,1,0.49000000
2026-10-05,13561,VINHEDO,CPFL-PIRATINING,04172213000151,FEC,2023,11,0.30000000
2026-10-05,13563,VINHEDO 2 - MARAMBAIA,CPFL-PIRATINING,04172213000151,DEC,2023,9,0.65000000
2026-10-05,13561,VINHEDO,CPFL-PIRATINING,04172213000151,NumCon,2023,3,23879.00000000
2026-10-05,13491,INDAIATUBA,CPFL-PIRATINING,04172213000151,DEC,2023,9,0.62000000
2026-10-05,16722,CEMIRIM,CEMIRIM,52777034000190,FEC,2023,3,0.29000000
2026-10-05,13497,ITUPEVA,CPFL-PIRATINING,04172213000151,NumCon,2023,1,41889.00000000
2026-10-05,13563,VINHEDO 2 - MARAMBAIA,CPFL-PIRATINING,04172213000151,DEC,2023,1,0.40000000
2026-10-05,13503,LOUVEIRA,CPFL-PIRATINING,04172213000151,DEC,2023,7,0.15000000
2026-10-05,13561,VINHEDO,CPFL-PIRATINING,04172213000151,FEC,2023,3,0.14000000
2026-10-05,13563,VINHEDO 2 - MARAMBAIA,CPFL-PIRATINING,04172213000151,DEC,2023,6,0.19000000
2026-10-05,13563,VINHEDO 2 - MARAMBAIA,CPFL-PIRATINING,04172213000151,DEC,2023,2,0.35000000
2026-10-05,15877,PORTO GOES,CPFL-PIRATINING,04172213000151,FEC,2023,12,0.25000000
2026-10-05,13563,VINHEDO 2 - MARAMBAIA,CPFL-PIRATINING,04172213000151,DEC,2023,7,0.21000000
2026-10-05,13563,VINHEDO 2 - MARAMBAIA,CPFL-PIRATINING,04172213000151,DEC,2023,4,0.44000000
2026-10-05,13563,VINHEDO 2 - MARAMBAIA,CPFL-PIRATINING,04172213000151,FEC,2023,11,0.79000000
2026-10-05,13563,VINHEDO 2 - MARAMBAIA,CPFL-PIRATINING,04172213000151,FEC,2023,5,0.06000000
2026-10-05,15877,PORTO GOES,CPFL-PIRATINING,04172213000151,FEC,2023,10,0.17000000
2026-10-05,15877,PORTO GOES,CPFL-PIRATINING,04172213000151,FEC,2023,11,0.22000000
2026-10-05,15877,PORTO GOES,CPFL-PIRATINING,04172213000151,FEC,2023,2,0.57000000
2026-10-05,15877,PORTO GOES,CPFL-PIRATINING,04172213000151,FEC,2023,6,0.16000000
2026-10-05,15877,PORTO GOES,CPFL-PIRATINING,04172213000151,FEC,2023,1,0.31000000
2026-10-05,13563,VINHEDO 2 - MARAMBAIA,CPFL-PIRATINING,04172213000151,FEC,2023,8,0.21000000
2026-10-05,13561,VINHEDO,CPFL-PIRATINING,04172213000151,NumCon,2023,9,24155.00000000
2026-10-05,15877,PORTO GOES,CPFL-PIRATINING,04172213000151,FEC,2023,8,0.24000000
2026-10-05,15877,PORTO GOES,CPFL-PIRATINING,04172213000151,FEC,2023,7,0.07000000
2026-10-05,13563,VINHEDO 2 - MARAMBAIA,CPFL-PIRATINING,04172213000151,FEC,2023,7,0.13000000
2026-10-05,13563,VINHEDO 2 - MARAMBAIA,CPFL-PIRATINING,04172213000151,DEC,2023,10,1.16000000
2026-10-05,13563,VINHEDO 2 - MARAMBAIA,CPFL-PIRATINING,04172213000151,FEC,2023,4,0.16000000
2026-10-05,16722,CEMIRIM,CEMIRIM,52777034000190,NumCon,2023,12,16839.00000000
2026-10-05,16722,CEMIRIM,CEMIRIM,52777034000190,NumCon,2023,7,16632.00000000
2026-10-05,13561,VINHEDO,CPFL-PIRATINING,04172213000151,FEC,2023,10,0.40000000
2026-10-05,15877,PORTO GOES,CPFL-PIRATINING,04172213000151,FEC,2023,9,0.57000000
2026-10-05,13491,INDAIATUBA,CPFL-PIRATINING,04172213000151,DEC,2023,10,0.36000000
2026-10-05,16722,CEMIRIM,CEMIRIM,52777034000190,NumCon,2023,1,16345.00000000
2026-10-05,13497,ITUPEVA,CPFL-PIRATINING,04172213000151,NumCon,2023,12,42961.00000000
2026-10-05,15877,PORTO GOES,CPFL-PIRATINING,04172213000151,FEC,2023,4,0.35000000
2026-10-05,16722,CEMIRIM,CEMIRIM,52777034000190,NumCon,2023,2,16386.00000000
2026-10-05,16722,CEMIRIM,CEMIRIM,52777034000190,NumCon,2023,4,16478.00000000
2026-10-05,13563,VINHEDO 2 - MARAMBAIA,CPFL-PIRATINING,04172213000151,DEC,2023,8,0.51000000
2026-10-05,13491,INDAIATUBA,CPFL-PIRATINING,04172213000151,DEC,2023,12,0.35000000
2026-10-05,16722,CEMIRIM,CEMIRIM,52777034000190,NumCon,2023,6,16559.00000000
2026-10-05,16722,CEMIRIM,CEMIRIM,52777034000190,NumCon,2023,9,16703.00000000
2026-10-05,16722,CEMIRIM,CEMIRIM,52777034000190,NumCon,2023,10,16743.00000000
2026-10-05,16722,CEMIRIM,CEMIRIM,52777034000190,NumCon,2023,11,16797.00000000
2026-10-05,16722,CEMIRIM,CEMIRIM,52777034000190,NumCon,2023,5,16521.00000000
2026-10-05,13491,INDAIATUBA,CPFL-PIRATINING,04172213000151,DEC,2023,3,0.61000000
2026-10-05,13491,INDAIATUBA,CPFL-PIRATINING,04172213000151,DEC,2023,11,0.34000000
2026-10-05,13497,ITUPEVA,CPFL-PIRATINING,04172213000151,NumCon,2023,3,42073.00000000
2026-10-05,16722,CEMIRIM,CEMIRIM,52777034000190,NumCon,2023,3,16435.00000000
2026-10-05,13491,INDAIATUBA,CPFL-PIRATINING,04172213000151,DEC,2023,4,0.30000000
2026-10-05,15877,PORTO GOES,CPFL-PIRATINING,04172213000151,FEC,2023,3,0.32000000
2026-10-05,13497,ITUPEVA,CPFL-PIRATINING,04172213000151,NumCon,2023,7,42570.00000000
2026-10-05,15877,PORTO GOES,CPFL-PIRATINING,04172213000151,FEC,2023,5,0.28000000
2026-10-05,13563,VINHEDO 2 - MARAMBAIA,CPFL-PIRATINING,04172213000151,DEC,2023,12,0.27000000
2026-10-05,16722,CEMIRIM,CEMIRIM,52777034000190,NumCon,2023,8,16669.00000000
2026-10-05,13561,VINHEDO,CPFL-PIRATINING,04172213000151,NumCon,2023,8,24120.00000000
2026-10-05,13497,ITUPEVA,CPFL-PIRATINING,04172213000151,NumCon,2023,9,42731.00000000
2026-10-05,16665,INDAIATUBA 2 - MORADA DO SOL,CPFL-PIRATINING,04172213000151,DEC,2023,8,0.24000000
2026-10-05,13491,INDAIATUBA,CPFL-PIRATINING,04172213000151,DEC,2023,7,0.28000000
2026-10-05,13561,VINHEDO,CPFL-PIRATINING,04172213000151,NumCon,2023,7,24078.00000000
2026-10-05,13497,ITUPEVA,CPFL-PIRATINING,04172213000151,DEC,2023,6,0.40000000
2026-10-05,13497,ITUPEVA,CPFL-PIRATINING,04172213000151,NumCon,2023,6,42508.00000000
2026-10-05,16722,CEMIRIM,CEMIRIM,52777034000190,DEC,2023,1,0.61000000
2026-10-05,16722,CEMIRIM,CEMIRIM,52777034000190,DEC,2023,8,3.29000000
2026-10-05,13497,ITUPEVA,CPFL-PIRATINING,04172213000151,DEC,2023,7,0.26000000
2026-10-05,16722,CEMIRIM,CEMIRIM,52777034000190,DEC,2023,12,0.27000000
2026-10-05,13561,VINHEDO,CPFL-PIRATINING,04172213000151,NumCon,2023,6,24010.00000000
2026-10-05,13503,LOUVEIRA,CPFL-PIRATINING,04172213000151,DEC,2023,10,0.61000000
2026-10-05,16722,CEMIRIM,CEMIRIM,52777034000190,DEC,2023,2,0.60000000
2026-10-05,16722,CEMIRIM,CEMIRIM,52777034000190,DEC,2023,7,1.79000000
2026-10-05,16722,CEMIRIM,CEMIRIM,52777034000190,DEC,2023,3,0.38000000
2026-10-05,16722,CEMIRIM,CEMIRIM,52777034000190,DEC,2023,11,3.41000000
2026-10-05,16722,CEMIRIM,CEMIRIM,52777034000190,DEC,2023,6,0.15000000
2026-10-05,16722,CEMIRIM,CEMIRIM,52777034000190,DEC,2023,5,0.35000000
2026-10-05,16722,CEMIRIM,CEMIRIM,52777034000190,DEC,2023,10,2.52000000
2026-10-05,13491,INDAIATUBA,CPFL-PIRATINING,04172213000151,FEC,2023,6,0.37000000
2026-10-05,16722,CEMIRIM,CEMIRIM,52777034000190,DEC,2023,9,2.60000000
2026-10-05,16722,CEMIRIM,CEMIRIM,52777034000190,DEC,2023,4,0.80000000
2026-10-05,13503,LOUVEIRA,CPFL-PIRATINING,04172213000151,DEC,2023,3,0.75000000
2026-10-05,13491,INDAIATUBA,CPFL-PIRATINING,04172213000151,NumCon,2023,9,62513.00000000
2026-10-05,16722,CEMIRIM,CEMIRIM,52777034000190,FEC,2023,5,0.21000000
2026-10-05,16722,CEMIRIM,CEMIRIM,52777034000190,FEC,2023,6,0.10000000
2026-10-05,16722,CEMIRIM,CEMIRIM,52777034000190,FEC,2023,11,2.02000000
2026-10-05,13491,INDAIATUBA,CPFL-PIRATINING,04172213000151,FEC,2023,8,0.11000000
2026-10-05,13491,INDAIATUBA,CPFL-PIRATINING,04172213000151,FEC,2023,7,0.37000000
2026-10-05,13491,INDAIATUBA,CPFL-PIRATINING,04172213000151,NumCon,2023,7,61978.00000000
2026-10-05,16722,CEMIRIM,CEMIRIM,52777034000190,FEC,2023,4,0.48000000
2026-10-05,16722,CEMIRIM,CEMIRIM,52777034000190,FEC,2023,7,0.70000000
2026-10-05,16722,CEMIRIM,CEMIRIM,52777034000190,FEC,2023,10,0.92000000
2026-10-05,13563,VINHEDO 2 - MARAMBAIA,CPFL-PIRATINING,04172213000151,DEC,2023,3,0.31000000
2026-10-05,13497,ITUPEVA,CPFL-PIRATINING,04172213000151,NumCon,2023,8,42736.00000000
2026-10-05,13503,LOUVEIRA,CPFL-PIRATINING,04172213000151,DEC,2023,12,1.15000000
2026-10-05,13497,ITUPEVA,CPFL-PIRATINING,04172213000151,DEC,2023,10,1.03000000
2026-10-05,13561,VINHEDO,CPFL-PIRATINING,04172213000151,DEC,2023,11,0.99000000
2026-10-05,13561,VINHEDO,CPFL-PIRATINING,04172213000151,DEC,2023,9,0.49000000
2026-10-05,13491,INDAIATUBA,CPFL-PIRATINING,04172213000151,FEC,2023,4,0.20000000
2026-10-05,13503,LOUVEIRA,CPFL-PIRATINING,04172213000151,NumCon,2023,3,17537.00000000
2026-10-05,13503,LOUVEIRA,CPFL-PIRATINING,04172213000151,NumCon,2023,8,17560.00000000
2026-10-05,16665,INDAIATUBA 2 - MORADA DO SOL,CPFL-PIRATINING,04172213000151,DEC,2023,12,0.46000000
2026-10-05,15877,PORTO GOES,CPFL-PIRATINING,04172213000151,DEC,2023,7,0.17000000
2026-10-05,13561,VINHEDO,CPFL-PIRATINING,04172213000151,DEC,2023,1,0.76000000
2026-10-05,15877,PORTO GOES,CPFL-PIRATINING,04172213000151,DEC,2023,5,0.18000000
2026-10-05,13561,VINHEDO,CPFL-PIRATINING,04172213000151,NumCon,2023,11,24205.00000000
2026-10-05,13561,VINHEDO,CPFL-PIRATINING,04172213000151,DEC,2023,2,0.86000000
2026-10-05,13503,LOUVEIRA,CPFL-PIRATINING,04172213000151,FEC,2023,12,0.52000000
2026-10-05,13503,LOUVEIRA,CPFL-PIRATINING,04172213000151,FEC,2023,5,0.35000000
2026-10-05,13491,INDAIATUBA,CPFL-PIRATINING,04172213000151,NumCon,2023,10,62521.00000000
2026-10-05,13561,VINHEDO,CPFL-PIRATINING,04172213000151,DEC,2023,6,0.39000000
2026-10-05,15877,PORTO GOES,CPFL-PIRATINING,04172213000151,DEC,2023,11,0.25000000
2026-10-05,13497,ITUPEVA,CPFL-PIRATINING,04172213000151,DEC,2023,12,0.60000000
2026-10-05,13503,LOUVEIRA,CPFL-PIRATINING,04172213000151,NumCon,2023,5,17576.00000000
2026-10-05,16665,INDAIATUBA 2 - MORADA DO SOL,CPFL-PIRATINING,04172213000151,DEC,2023,4,0.31000000
2026-10-05,13503,LOUVEIRA,CPFL-PIRATINING,04172213000151,NumCon,2023,2,17494.00000000
2026-10-05,13497,ITUPEVA,CPFL-PIRATINING,04172213000151,FEC,2023,6,0.48000000
2026-10-05,13561,VINHEDO,CPFL-PIRATINING,04172213000151,DEC,2023,4,0.41000000
2026-10-05,16665,INDAIATUBA 2 - MORADA DO SOL,CPFL-PIRATINING,04172213000151,DEC,2023,11,0.49000000
2026-10-05,13497,ITUPEVA,CPFL-PIRATINING,04172213000151,DEC,2023,5,0.45000000
2026-10-05,13561,VINHEDO,CPFL-PIRATINING,04172213000151,DEC,2023,5,0.39000000
2026-10-05,13497,ITUPEVA,CPFL-PIRATINING,04172213000151,FEC,2023,1,0.48000000
2026-10-05,16665,INDAIATUBA 2 - MORADA DO SOL,CPFL-PIRATINING,04172213000151,NumCon,2023,10,57042.00000000
2026-10-05,16665,INDAIATUBA 2 - MORADA DO SOL,CPFL-PIRATINING,04172213000151,NumCon,2023,3,56411.00000000
2026-10-05,13497,ITUPEVA,CPFL-PIRATINING,04172213000151,FEC,2023,7,0.21000000
2026-10-05,13497,ITUPEVA,CPFL-PIRATINING,04172213000151,FEC,2023,8,0.28000000
2026-10-05,13561,VINHEDO,CPFL-PIRATINING,04172213000151,DEC,2023,3,0.36000000
2026-10-05,13561,VINHEDO,CPFL-PIRATINING,04172213000151,DEC,2023,8,0.39000000
2026-10-05,13497,ITUPEVA,CPFL-PIRATINING,04172213000151,DEC,2023,3,0.55000000
2026-10-05,16665,INDAIATUBA 2 - MORADA DO SOL,CPFL-PIRATINING,04172213000151,DEC,2023,10,0.28000000
2026-10-05,15877,PORTO GOES,CPFL-PIRATINING,04172213000151,DEC,2023,3,0.51000000
2026-10-05,13491,INDAIATUBA,CPFL-PIRATINING,04172213000151,NumCon,2023,5,61648.00000000
2026-10-05,16665,INDAIATUBA 2 - MORADA DO SOL,CPFL-PIRATINING,04172213000151,DEC,2023,6,0.23000000
2026-10-05,13503,LOUVEIRA,CPFL-PIRATINING,04172213000151,FEC,2023,7,0.30000000
2026-10-05,13503,LOUVEIRA,CPFL-PIRATINING,04172213000151,FEC,2023,2,0.90000000
2026-10-05,13503,LOUVEIRA,CPFL-PIRATINING,04172213000151,FEC,2023,8,0.42000000
2026-10-05,13503,LOUVEIRA,CPFL-PIRATINING,04172213000151,FEC,2023,10,0.36000000
2026-10-05,15877,PORTO GOES,CPFL-PIRATINING,04172213000151,DEC,2023,6,0.26000000
2026-10-05,13491,INDAIATUBA,CPFL-PIRATINING,04172213000151,NumCon,2023,1,61202.00000000
2026-10-05,16665,INDAIATUBA 2 - MORADA DO SOL,CPFL-PIRATINING,04172213000151,NumCon,2023,6,56756.00000000
2026-10-05,13491,INDAIATUBA,CPFL-PIRATINING,04172213000151,FEC,2023,3,0.37000000
2026-10-05,16665,INDAIATUBA 2 - MORADA DO SOL,CPFL-PIRATINING,04172213000151,DEC,2023,3,0.67000000
2026-10-05,16665,INDAIATUBA 2 - MORADA DO SOL,CPFL-PIRATINING,04172213000151,NumCon,2023,8,57191.00000000
2026-10-05,13503,LOUVEIRA,CPFL-PIRATINING,04172213000151,FEC,2023,9,0.56000000
2026-10-05,13503,LOUVEIRA,CPFL-PIRATINING,04172213000151,FEC,2023,6,0.26000000
2026-10-05,13503,LOUVEIRA,CPFL-PIRATINING,04172213000151,FEC,2023,1,0.47000000
2026-10-05,13491,INDAIATUBA,CPFL-PIRATINING,04172213000151,NumCon,2023,12,62295.00000000
2026-10-05,13561,VINHEDO,CPFL-PIRATINING,04172213000151,DEC,2023,7,0.11000000
2026-10-05,13491,INDAIATUBA,CPFL-PIRATINING,04172213000151,NumCon,2023,4,61545.00000000
2026-10-05,13503,LOUVEIRA,CPFL-PIRATINING,04172213000151,FEC,2023,3,0.38000000
2026-10-05,16665,INDAIATUBA 2 - MORADA DO SOL,CPFL-PIRATINING,04172213000151,NumCon,2023,4,56487.00000000
2026-10-05,15877,PORTO GOES,CPFL-PIRATINING,04172213000151,NumCon,2023,9,66785.00000000
2026-10-05,16665,INDAIATUBA 2 - MORADA DO SOL,CPFL-PIRATINING,04172213000151,NumCon,2023,12,57507.00000000
2026-10-05,13503,LOUVEIRA,CPFL-PIRATINING,04172213000151,NumCon,2023,6,17602.00000000
2026-10-05,13491,INDAIATUBA,CPFL-PIRATINING,04172213000151,NumCon,2023,2,61283.00000000
2026-10-05,13503,LOUVEIRA,CPFL-PIRATINING,04172213000151,FEC,2023,4,0.39000000
2026-10-05,13503,LOUVEIRA,CPFL-PIRATINING,04172213000151,NumCon,2023,7,17639.00000000
2026-10-05,16665,INDAIATUBA 2 - MORADA DO SOL,CPFL-PIRATINING,04172213000151,NumCon,2023,2,56262.00000000
2026-10-05,15877,PORTO GOES,CPFL-PIRATINING,04172213000151,NumCon,2023,11,67286.00000000
2026-10-05,13503,LOUVEIRA,CPFL-PIRATINING,04172213000151,FEC,2023,11,0.36000000
2026-10-05,13563,VINHEDO 2 - MARAMBAIA,CPFL-PIRATINING,04172213000151,NumCon,2023,7,20263.00000000
2026-10-05,16665,INDAIATUBA 2 - MORADA DO SOL,CPFL-PIRATINING,04172213000151,NumCon,2023,9,57044.00000000
2026-10-05,13503,LOUVEIRA,CPFL-PIRATINING,04172213000151,DEC,2023,2,0.81000000
2026-10-05,16665,INDAIATUBA 2 - MORADA DO SOL,CPFL-PIRATINING,04172213000151,DEC,2023,5,0.29000000
2026-10-05,13491,INDAIATUBA,CPFL-PIRATINING,04172213000151,NumCon,2023,8,61986.00000000
2026-10-05,15877,PORTO GOES,CPFL-PIRATINING,04172213000151,DEC,2023,2,0.85000000
2026-10-05,13491,INDAIATUBA,CPFL-PIRATINING,04172213000151,FEC,2023,9,0.28000000
2026-10-05,13503,LOUVEIRA,CPFL-PIRATINING,04172213000151,NumCon,2023,10,17677.00000000
2026-10-05,13497,ITUPEVA,CPFL-PIRATINING,04172213000151,FEC,2023,4,0.42000000
2026-10-05,15877,PORTO GOES,CPFL-PIRATINING,04172213000151,DEC,2023,1,0.47000000
2026-10-05,13503,LOUVEIRA,CPFL-PIRATINING,04172213000151,NumCon,2023,12,17670.00000000
2026-10-05,13563,VINHEDO 2 - MARAMBAIA,CPFL-PIRATINING,04172213000151,NumCon,2023,9,20380.00000000
2026-10-05,13563,VINHEDO 2 - MARAMBAIA,CPFL-PIRATINING,04172213000151,NumCon,2023,11,20560.00000000
2026-10-05,13503,LOUVEIRA,CPFL-PIRATINING,04172213000151,NumCon,2023,4,17549.00000000
2026-10-05,16665,INDAIATUBA 2 - MORADA DO SOL,CPFL-PIRATINING,04172213000151,NumCon,2023,11,57564.00000000
2026-10-05,13563,VINHEDO 2 - MARAMBAIA,CPFL-PIRATINING,04172213000151,NumCon,2023,6,20264.00000000
2026-10-05,13503,LOUVEIRA,CPFL-PIRATINING,04172213000151,NumCon,2023,1,17499.00000000
2026-10-05,13563,VINHEDO 2 - MARAMBAIA,CPFL-PIRATINING,04172213000151,NumCon,2023,3,20106.00000000
2026-10-05,16665,INDAIATUBA 2 - MORADA DO SOL,CPFL-PIRATINING,04172213000151,FEC,2023,8,0.08000000
2026-10-05,15877,PORTO GOES,CPFL-PIRATINING,04172213000151,NumCon,2023,6,66484.00000000
2026-10-05,13561,VINHEDO,CPFL-PIRATINING,04172213000151,DEC,2023,12,0.89000000
2026-10-05,16665,INDAIATUBA 2 - MORADA DO SOL,CPFL-PIRATINING,04172213000151,FEC,2023,1,0.15000000
2026-10-05,16665,INDAIATUBA 2 - MORADA DO SOL,CPFL-PIRATINING,04172213000151,NumCon,2023,7,56802.00000000
2026-10-05,13497,ITUPEVA,CPFL-PIRATINING,04172213000151,FEC,2023,9,0.32000000
2026-10-05,13561,VINHEDO,CPFL-PIRATINING,04172213000151,DEC,2023,10,0.96000000
2026-10-05,13497,ITUPEVA,CPFL-PIRATINING,04172213000151,FEC,2023,3,0.40000000
2026-10-05,13563,VINHEDO 2 - MARAMBAIA,CPFL-PIRATINING,04172213000151,NumCon,2023,2,20058.00000000
2026-10-05,16665,INDAIATUBA 2 - MORADA DO SOL,CPFL-PIRATINING,04172213000151,FEC,2023,9,0.24000000
2026-10-05,13503,LOUVEIRA,CPFL-PIRATINING,04172213000151,NumCon,2023,11,17644.00000000
2026-10-05,16665,INDAIATUBA 2 - MORADA DO SOL,CPFL-PIRATINING,04172213000151,DEC,2023,2,0.66000000
2026-10-05,15877,PORTO GOES,CPFL-PIRATINING,04172213000151,DEC,2023,12,0.38000000
2026-10-05,16665,INDAIATUBA 2 - MORADA DO SOL,CPFL-PIRATINING,04172213000151,FEC,2023,10,0.12000000
2026-10-05,13563,VINHEDO 2 - MARAMBAIA,CPFL-PIRATINING,04172213000151,NumCon,2023,5,20222.00000000
2026-10-05,16665,INDAIATUBA 2 - MORADA DO SOL,CPFL-PIRATINING,04172213000151,NumCon,2023,5,56690.00000000
2026-10-05,13503,LOUVEIRA,CPFL-PIRATINING,04172213000151,NumCon,2023,9,17600.00000000
2026-10-05,16665,INDAIATUBA 2 - MORADA DO SOL,CPFL-PIRATINING,04172213000151,FEC,2023,6,0.17000000
2026-10-05,13563,VINHEDO 2 - MARAMBAIA,CPFL-PIRATINING,04172213000151,NumCon,2023,10,20337.00000000
2026-10-05,16665,INDAIATUBA 2 - MORADA DO SOL,CPFL-PIRATINING,04172213000151,NumCon,2023,1,56214.00000000
2026-10-05,15877,PORTO GOES,CPFL-PIRATINING,04172213000151,NumCon,2023,3,65609.00000000
2026-10-05,13563,VINHEDO 2 - MARAMBAIA,CPFL-PIRATINING,04172213000151,NumCon,2023,12,20623.00000000
2026-10-05,13491,INDAIATUBA,CPFL-PIRATINING,04172213000151,FEC,2023,11,0.15000000
2026-10-05,13563,VINHEDO 2 - MARAMBAIA,CPFL-PIRATINING,04172213000151,NumCon,2023,1,20017.00000000
2026-10-05,15877,PORTO GOES,CPFL-PIRATINING,04172213000151,NumCon,2023,8,66967.00000000
2026-10-05,13561,VINHEDO,CPFL-PIRATINING,04172213000151,FEC,2023,8,0.15000000
2026-10-05,13563,VINHEDO 2 - MARAMBAIA,CPFL-PIRATINING,04172213000151,NumCon,2023,4,20167.00000000
2026-10-05,13563,VINHEDO 2 - MARAMBAIA,CPFL-PIRATINING,04172213000151,NumCon,2023,8,20359.00000000
2026-10-05,15877,PORTO GOES,CPFL-PIRATINING,04172213000151,DEC,2023,9,0.62000000
2026-10-05,13805,Campinas 3-Trevo,CPFL-PAULISTA,33050196000188,FEC,2023,5,0.08000000
2026-10-05,13497,ITUPEVA,CPFL-PIRATINING,04172213000151,FEC,2023,11,0.20000000
2026-10-05,13563,VINHEDO 2 - MARAMBAIA,CPFL-PIRATINING,04172213000151,FEC,2023,3,0.12000000
2026-10-05,13841,Rio das Pedras 1,CPFL-PAULISTA,33050196000188,FEC,2023,6,0.02000000
2026-10-05,13491,INDAIATUBA,CPFL-PIRATINING,04172213000151,FEC,2023,10,0.33000000
2026-10-05,13497,ITUPEVA,CPFL-PIRATINING,04172213000151,FEC,2023,10,0.40000000
2026-10-05,13503,LOUVEIRA,CPFL-PIRATINING,04172213000151,DEC,2023,1,1.15000000
2026-10-05,13497,ITUPEVA,CPFL-PIRATINING,04172213000151,FEC,2023,2,0.48000000
2026-10-05,16665,INDAIATUBA 2 - MORADA DO SOL,CPFL-PIRATINING,04172213000151,FEC,2023,7,0.77000000
2026-10-05,13814,Campinas 15-Dic,CPFL-PAULISTA,33050196000188,FEC,2023,5,0.68000000
2026-10-05,16665,INDAIATUBA 2 - MORADA DO SOL,CPFL-PIRATINING,04172213000151,FEC,2023,2,0.72000000
2026-10-05,13563,VINHEDO 2 - MARAMBAIA,CPFL-PIRATINING,04172213000151,FEC,2023,10,0.28000000
2026-10-05,13491,INDAIATUBA,CPFL-PIRATINING,04172213000151,FEC,2023,2,0.41000000
2026-10-05,13491,INDAIATUBA,CPFL-PIRATINING,04172213000151,FEC,2023,12,0.23000000
2026-10-05,13805,Campinas 3-Trevo,CPFL-PAULISTA,33050196000188,FEC,2023,3,0.22000000
2026-10-05,16434,Amparo 1,CPFL-PAULISTA,33050196000188,FEC,2023,2,0.39000000
2026-10-05,16665,INDAIATUBA 2 - MORADA DO SOL,CPFL-PIRATINING,04172213000151,FEC,2023,12,0.27000000
2026-10-05,13497,ITUPEVA,CPFL-PIRATINING,04172213000151,FEC,2023,5,0.26000000
2026-10-05,13561,VINHEDO,CPFL-PIRATINING,04172213000151,FEC,2023,6,0.17000000
2026-10-05,16441,Campinas 7-Tanquinho,CPFL-PAULISTA,33050196000188,FEC,2023,1,0.31000000
2026-10-05,13805,Campinas 3-Trevo,CPFL-PAULISTA,33050196000188,FEC,2023,10,0.23000000
2026-10-05,13814,Campinas 15-Dic,CPFL-PAULISTA,33050196000188,FEC,2023,7,0.66000000
2026-10-05,13497,ITUPEVA,CPFL-PIRATINING,04172213000151,FEC,2023,12,0.21000000
2026-10-05,13503,LOUVEIRA,CPFL-PIRATINING,04172213000151,DEC,2023,9,0.76000000
2026-10-05,13497,ITUPEVA,CPFL-PIRATINING,04172213000151,DEC,2023,8,0.30000000
2026-10-05,13586,SANTO ANTONIO DA POSSE,ELEKTRO,02328280000197,FEC,2023,9,0.43000000
2026-10-05,16434,Amparo 1,CPFL-PAULISTA,33050196000188,FEC,2023,3,0.20000000
2026-10-05,13807,Campinas 6-Taquaral,CPFL-PAULISTA,33050196000188,FEC,2023,8,0.15000000
2026-10-05,13491,INDAIATUBA,CPFL-PIRATINING,04172213000151,FEC,2023,1,0.33000000
2026-10-05,13586,SANTO ANTONIO DA POSSE,ELEKTRO,02328280000197,NumCon,2023,5,9506.00000000
2026-10-05,15877,PORTO GOES,CPFL-PIRATINING,04172213000151,NumCon,2023,7,66700.00000000
2026-10-05,13561,VINHEDO,CPFL-PIRATINING,04172213000151,FEC,2023,7,0.10000000
2026-10-05,16452,Monte Mor 1,CPFL-PAULISTA,33050196000188,FEC,2023,8,0.26000000
2026-10-05,13793,Nova Odessa 1,CPFL-PAULISTA,33050196000188,NumCon,2023,7,17202.00000000
2026-10-05,13832,Sumare 6-Orquidea,CPFL-PAULISTA,33050196000188,FEC,2023,2,0.23000000
2026-10-05,13843,Piracicaba 4-Unileste,CPFL-PAULISTA,33050196000188,NumCon,2023,8,18184.00000000
2026-10-05,13799,Campinas 2-Souzas,CPFL-PAULISTA,33050196000188,NumCon,2023,8,14445.00000000
2026-10-05,13831,Sumare 5-Nova Veneza,CPFL-PAULISTA,33050196000188,NumCon,2023,5,31756.00000000
2026-10-05,16665,INDAIATUBA 2 - MORADA DO SOL,CPFL-PIRATINING,04172213000151,DEC,2023,7,0.51000000
2026-10-05,13457,ARTUR NOGUEIRA,ELEKTRO,02328280000197,FEC,2023,4,0.32000000
2026-10-05,13812,Campinas 14-Bandeirantes,CPFL-PAULISTA,33050196000188,FEC,2023,10,1.02000000
2026-10-05,13809,Campinas 10-Chapadão,CPFL-PAULISTA,33050196000188,DEC,2023,11,0.46000000
2026-10-05,13843,Piracicaba 4-Unileste,CPFL-PAULISTA,33050196000188,NumCon,2023,3,17592.00000000
2026-10-05,13807,Campinas 6-Taquaral,CPFL-PAULISTA,33050196000188,FEC,2023,6,0.06000000
2026-10-05,13833,Sumare 2-Tres M,CPFL-PAULISTA,33050196000188,FEC,2023,12,0.07000000
2026-10-05,13799,Campinas 2-Souzas,CPFL-PAULISTA,33050196000188,NumCon,2023,2,13609.00000000
2026-10-05,13811,Campinas 4-Boa Vista,CPFL-PAULISTA,33050196000188,FEC,2023,6,0.19000000
2026-10-05,13843,Piracicaba 4-Unileste,CPFL-PAULISTA,33050196000188,NumCon,2023,11,18242.00000000
2026-10-05,13586,SANTO ANTONIO DA POSSE,ELEKTRO,02328280000197,NumCon,2023,11,9546.00000000
2026-10-05,13832,Sumare 6-Orquidea,CPFL-PAULISTA,33050196000188,DEC,2023,4,0.32000000
2026-10-05,13843,Piracicaba 4-Unileste,CPFL-PAULISTA,33050196000188,NumCon,2023,6,18027.00000000
2026-10-05,13799,Campinas 2-Souzas,CPFL-PAULISTA,33050196000188,DEC,2023,7,0.86000000
2026-10-05,16434,Amparo 1,CPFL-PAULISTA,33050196000188,FEC,2023,7,0.14000000
2026-10-05,13831,Sumare 5-Nova Veneza,CPFL-PAULISTA,33050196000188,DEC,2023,10,0.25000000
2026-10-05,13833,Sumare 2-Tres M,CPFL-PAULISTA,33050196000188,NumCon,2023,10,17850.00000000
2026-10-05,13799,Campinas 2-Souzas,CPFL-PAULISTA,33050196000188,DEC,2023,2,1.10000000
2026-10-05,13832,Sumare 6-Orquidea,CPFL-PAULISTA,33050196000188,DEC,2023,12,0.47000000
2026-10-05,13824,Nova Odessa 2-Fazenda Velha,CPFL-PAULISTA,33050196000188,NumCon,2023,7,17920.00000000
2026-10-05,13843,Piracicaba 4-Unileste,CPFL-PAULISTA,33050196000188,NumCon,2023,1,17531.00000000
2026-10-05,13843,Piracicaba 4-Unileste,CPFL-PAULISTA,33050196000188,NumCon,2023,5,17980.00000000
2026-10-05,13824,Nova Odessa 2-Fazenda Velha,CPFL-PAULISTA,33050196000188,NumCon,2023,8,17960.00000000
2026-10-05,13799,Campinas 2-Souzas,CPFL-PAULISTA,33050196000188,NumCon,2023,3,14359.00000000
2026-10-05,13457,ARTUR NOGUEIRA,ELEKTRO,02328280000197,FEC,2023,5,0.15000000
2026-10-05,13830,Sumare 1,CPFL-PAULISTA,33050196000188,NumCon,2023,1,24222.00000000
2026-10-05,13824,Nova Odessa 2-Fazenda Velha,CPFL-PAULISTA,33050196000188,NumCon,2023,3,17657.00000000
2026-10-05,13841,Rio das Pedras 1,CPFL-PAULISTA,33050196000188,FEC,2023,8,0.30000000
2026-10-05,13799,Campinas 2-Souzas,CPFL-PAULISTA,33050196000188,DEC,2023,1,1.79000000
2026-10-05,13837,Hortolandia 2-Morro Azul,CPFL-PAULISTA,33050196000188,FEC,2023,10,0.05000000
2026-10-05,13793,Nova Odessa 1,CPFL-PAULISTA,33050196000188,NumCon,2023,3,17160.00000000
2026-10-05,13799,Campinas 2-Souzas,CPFL-PAULISTA,33050196000188,NumCon,2023,10,14332.00000000
2026-10-05,16434,Amparo 1,CPFL-PAULISTA,33050196000188,FEC,2023,11,0.20000000
2026-10-05,13809,Campinas 10-Chapadão,CPFL-PAULISTA,33050196000188,DEC,2023,3,0.41000000
2026-10-05,13837,Hortolandia 2-Morro Azul,CPFL-PAULISTA,33050196000188,FEC,2023,3,0.25000000
2026-10-05,13799,Campinas 2-Souzas,CPFL-PAULISTA,33050196000188,NumCon,2023,7,14374.00000000
2026-10-05,16434,Amparo 1,CPFL-PAULISTA,33050196000188,NumCon,2023,3,35219.00000000
2026-10-05,13796,Itatiba 2-Cruzeiro,CPFL-PAULISTA,33050196000188,DEC,2023,5,0.43000000
2026-10-05,13809,Campinas 10-Chapadão,CPFL-PAULISTA,33050196000188,DEC,2023,10,0.43000000
2026-10-05,13829,Santa Barbara 2-Barbarense,CPFL-PAULISTA,33050196000188,FEC,2023,2,0.30000000
2026-10-05,13818,Paulinia 2-Morumbi,CPFL-PAULISTA,33050196000188,FEC,2023,10,0.40000000
2026-10-05,13805,Campinas 3-Trevo,CPFL-PAULISTA,33050196000188,FEC,2023,2,0.39000000
2026-10-05,13831,Sumare 5-Nova Veneza,CPFL-PAULISTA,33050196000188,DEC,2023,3,0.48000000
2026-10-05,13832,Sumare 6-Orquidea,CPFL-PAULISTA,33050196000188,DEC,2023,9,0.48000000
2026-10-05,13812,Campinas 14-Bandeirantes,CPFL-PAULISTA,33050196000188,FEC,2023,6,0.21000000
2026-10-05,13840,Capivari 1,CPFL-PAULISTA,33050196000188,NumCon,2023,9,26905.00000000
2026-10-05,13843,Piracicaba 4-Unileste,CPFL-PAULISTA,33050196000188,NumCon,2023,7,17995.00000000
2026-10-05,13832,Sumare 6-Orquidea,CPFL-PAULISTA,33050196000188,DEC,2023,1,0.26000000
2026-10-05,13793,Nova Odessa 1,CPFL-PAULISTA,33050196000188,NumCon,2023,8,17219.00000000
2026-10-05,13807,Campinas 6-Taquaral,CPFL-PAULISTA,33050196000188,NumCon,2023,2,38686.00000000
2026-10-05,13806,Campinas 8-Viracopos,CPFL-PAULISTA,33050196000188,DEC,2023,8,0.53000000
2026-10-05,13805,Campinas 3-Trevo,CPFL-PAULISTA,33050196000188,FEC,2023,11,0.13000000
2026-10-05,13822,Americana 2-Campo Verde,CPFL-PAULISTA,33050196000188,NumCon,2023,11,25198.00000000
2026-10-05,13805,Campinas 3-Trevo,CPFL-PAULISTA,33050196000188,FEC,2023,1,0.11000000
2026-10-05,13833,Sumare 2-Tres M,CPFL-PAULISTA,33050196000188,FEC,2023,10,0.02000000
2026-10-05,16461,Santa Barbara Doeste 1,CPFL-PAULISTA,33050196000188,FEC,2023,6,0.12000000
2026-10-05,13821,Americana 5-Ipe,CPFL-PAULISTA,33050196000188,FEC,2023,9,0.11000000
2026-10-05,13799,Campinas 2-Souzas,CPFL-PAULISTA,33050196000188,NumCon,2023,1,14328.00000000
2026-10-05,13833,Sumare 2-Tres M,CPFL-PAULISTA,33050196000188,FEC,2023,9,0.11000000
2026-10-05,13821,Americana 5-Ipe,CPFL-PAULISTA,33050196000188,FEC,2023,2,0.11000000
2026-10-05,13800,Campinas 9-Paineiras,CPFL-PAULISTA,33050196000188,NumCon,2023,1,27988.00000000
2026-10-05,13812,Campinas 14-Bandeirantes,CPFL-PAULISTA,33050196000188,FEC,2023,3,0.31000000
2026-10-05,13806,Campinas 8-Viracopos,CPFL-PAULISTA,33050196000188,DEC,2023,5,0.26000000
2026-10-05,13813,Campinas 16-Jardim Marajo,CPFL-PAULISTA,33050196000188,FEC,2023,3,0.21000000
2026-10-05,13813,Campinas 16-Jardim Marajo,CPFL-PAULISTA,33050196000188,FEC,2023,4,0.11000000
2026-10-05,13818,Paulinia 2-Morumbi,CPFL-PAULISTA,33050196000188,FEC,2023,3,0.15000000
2026-10-05,13793,Nova Odessa 1,CPFL-PAULISTA,33050196000188,NumCon,2023,10,17239.00000000
2026-10-05,13805,Campinas 3-Trevo,CPFL-PAULISTA,33050196000188,FEC,2023,12,0.15000000
2026-10-05,13822,Americana 2-Campo Verde,CPFL-PAULISTA,33050196000188,NumCon,2023,6,25192.00000000
2026-10-05,13840,Capivari 1,CPFL-PAULISTA,33050196000188,NumCon,2023,1,26602.00000000
2026-10-05,13457,ARTUR NOGUEIRA,ELEKTRO,02328280000197,FEC,2023,6,0.09000000
2026-10-05,13829,Santa Barbara 2-Barbarense,CPFL-PAULISTA,33050196000188,FEC,2023,8,0.07000000
2026-10-05,13799,Campinas 2-Souzas,CPFL-PAULISTA,33050196000188,FEC,2023,2,0.51000000
2026-10-05,13826,Americana 4-Jardim,CPFL-PAULISTA,33050196000188,DEC,2023,10,0.20000000
2026-10-05,16441,Campinas 7-Tanquinho,CPFL-PAULISTA,33050196000188,FEC,2023,12,0.41000000
2026-10-05,13586,SANTO ANTONIO DA POSSE,ELEKTRO,02328280000197,NumCon,2023,6,9514.00000000
2026-10-05,13811,Campinas 4-Boa Vista,CPFL-PAULISTA,33050196000188,FEC,2023,8,0.25000000
2026-10-05,13840,Capivari 1,CPFL-PAULISTA,33050196000188,FEC,2023,5,0.27000000
2026-10-05,13830,Sumare 1,CPFL-PAULISTA,33050196000188,FEC,2023,11,0.42000000
2026-10-05,13826,Americana 4-Jardim,CPFL-PAULISTA,33050196000188,DEC,2023,8,0.15000000
2026-10-05,13796,Itatiba 2-Cruzeiro,CPFL-PAULISTA,33050196000188,DEC,2023,6,0.30000000
2026-10-05,13834,Sumare 4-Nova Aparecida,CPFL-PAULISTA,33050196000188,DEC,2023,11,0.45000000
2026-10-05,16433,Americana 1,CPFL-PAULISTA,33050196000188,DEC,2023,4,0.15000000
2026-10-05,13821,Americana 5-Ipe,CPFL-PAULISTA,33050196000188,FEC,2023,3,0.20000000
2026-10-05,13817,Campinas 11-Barao Geraldo,CPFL-PAULISTA,33050196000188,FEC,2023,9,0.06000000
2026-10-05,13799,Campinas 2-Souzas,CPFL-PAULISTA,33050196000188,NumCon,2023,12,14116.00000000
2026-10-05,13799,Campinas 2-Souzas,CPFL-PAULISTA,33050196000188,NumCon,2023,5,14384.00000000
2026-10-05,13809,Campinas 10-Chapadão,CPFL-PAULISTA,33050196000188,DEC,2023,4,0.49000000
2026-10-05,13833,Sumare 2-Tres M,CPFL-PAULISTA,33050196000188,FEC,2023,11,0.05000000
2026-10-05,13799,Campinas 2-Souzas,CPFL-PAULISTA,33050196000188,FEC,2023,4,0.24000000
2026-10-05,16434,Amparo 1,CPFL-PAULISTA,33050196000188,FEC,2023,12,0.22000000
2026-10-05,13840,Capivari 1,CPFL-PAULISTA,33050196000188,FEC,2023,7,0.09000000
2026-10-05,13832,Sumare 6-Orquidea,CPFL-PAULISTA,33050196000188,NumCon,2023,6,20831.00000000
2026-10-05,13821,Americana 5-Ipe,CPFL-PAULISTA,33050196000188,FEC,2023,10,0.20000000
2026-10-05,13808,Campinas 1-Centro,CPFL-PAULISTA,33050196000188,FEC,2023,12,0.19000000
2026-10-05,13824,Nova Odessa 2-Fazenda Velha,CPFL-PAULISTA,33050196000188,NumCon,2023,12,18094.00000000
2026-10-05,13836,Hortolandia 1,CPFL-PAULISTA,33050196000188,DEC,2023,6,0.24000000
2026-10-05,16441,Campinas 7-Tanquinho,CPFL-PAULISTA,33050196000188,NumCon,2023,5,21527.00000000
2026-10-05,16433,Americana 1,CPFL-PAULISTA,33050196000188,DEC,2023,11,0.33000000
2026-10-05,13821,Americana 5-Ipe,CPFL-PAULISTA,33050196000188,FEC,2023,5,0.56000000
2026-10-05,13814,Campinas 15-Dic,CPFL-PAULISTA,33050196000188,NumCon,2023,9,29370.00000000
2026-10-05,13586,SANTO ANTONIO DA POSSE,ELEKTRO,02328280000197,NumCon,2023,9,9541.00000000
2026-10-05,16441,Campinas 7-Tanquinho,CPFL-PAULISTA,33050196000188,FEC,2023,5,0.15000000
2026-10-05,13812,Campinas 14-Bandeirantes,CPFL-PAULISTA,33050196000188,NumCon,2023,12,38174.00000000
2026-10-05,13821,Americana 5-Ipe,CPFL-PAULISTA,33050196000188,FEC,2023,7,0.37000000
2026-10-05,16434,Amparo 1,CPFL-PAULISTA,33050196000188,FEC,2023,9,0.56000000
2026-10-05,13826,Americana 4-Jardim,CPFL-PAULISTA,33050196000188,NumCon,2023,11,43113.00000000
2026-10-05,13796,Itatiba 2-Cruzeiro,CPFL-PAULISTA,33050196000188,FEC,2023,1,0.36000000
2026-10-05,13824,Nova Odessa 2-Fazenda Velha,CPFL-PAULISTA,33050196000188,DEC,2023,8,0.51000000
2026-10-05,13813,Campinas 16-Jardim Marajo,CPFL-PAULISTA,33050196000188,NumCon,2023,5,61521.00000000
2026-10-05,13831,Sumare 5-Nova Veneza,CPFL-PAULISTA,33050196000188,NumCon,2023,7,31775.00000000
2026-10-05,13824,Nova Odessa 2-Fazenda Velha,CPFL-PAULISTA,33050196000188,FEC,2023,4,0.24000000
2026-10-05,13586,SANTO ANTONIO DA POSSE,ELEKTRO,02328280000197,NumCon,2023,4,9501.00000000
2026-10-05,13811,Campinas 4-Boa Vista,CPFL-PAULISTA,33050196000188,FEC,2023,4,0.17000000
2026-10-05,13799,Campinas 2-Souzas,CPFL-PAULISTA,33050196000188,DEC,2023,4,0.84000000
2026-10-05,13826,Americana 4-Jardim,CPFL-PAULISTA,33050196000188,DEC,2023,4,0.13000000
2026-10-05,13808,Campinas 1-Centro,CPFL-PAULISTA,33050196000188,FEC,2023,1,0.04000000
2026-10-05,13821,Americana 5-Ipe,CPFL-PAULISTA,33050196000188,FEC,2023,6,0.22000000
2026-10-05,13832,Sumare 6-Orquidea,CPFL-PAULISTA,33050196000188,DEC,2023,2,0.31000000
2026-10-05,16461,Santa Barbara Doeste 1,CPFL-PAULISTA,33050196000188,FEC,2023,10,0.08000000
2026-10-05,13832,Sumare 6-Orquidea,CPFL-PAULISTA,33050196000188,NumCon,2023,11,21024.00000000
2026-10-05,13805,Campinas 3-Trevo,CPFL-PAULISTA,33050196000188,FEC,2023,4,0.18000000
2026-10-05,16441,Campinas 7-Tanquinho,CPFL-PAULISTA,33050196000188,FEC,2023,6,0.09000000
2026-10-05,13840,Capivari 1,CPFL-PAULISTA,33050196000188,DEC,2023,2,0.36000000
2026-10-05,16441,Campinas 7-Tanquinho,CPFL-PAULISTA,33050196000188,FEC,2023,4,0.13000000
2026-10-05,13824,Nova Odessa 2-Fazenda Velha,CPFL-PAULISTA,33050196000188,NumCon,2023,5,17776.00000000
2026-10-05,16440,Campinas 5-Andorinha,CPFL-PAULISTA,33050196000188,NumCon,2023,5,70238.00000000
2026-10-05,16441,Campinas 7-Tanquinho,CPFL-PAULISTA,33050196000188,NumCon,2023,3,21430.00000000
2026-10-05,13840,Capivari 1,CPFL-PAULISTA,33050196000188,NumCon,2023,7,26804.00000000
2026-10-05,13833,Sumare 2-Tres M,CPFL-PAULISTA,33050196000188,DEC,2023,2,0.58000000
2026-10-05,13840,Capivari 1,CPFL-PAULISTA,33050196000188,DEC,2023,3,0.24000000
2026-10-05,13807,Campinas 6-Taquaral,CPFL-PAULISTA,33050196000188,NumCon,2023,12,39255.00000000
2026-10-05,13834,Sumare 4-Nova Aparecida,CPFL-PAULISTA,33050196000188,DEC,2023,6,0.51000000
2026-10-05,13796,Itatiba 2-Cruzeiro,CPFL-PAULISTA,33050196000188,NumCon,2023,12,19409.00000000
2026-10-05,13837,Hortolandia 2-Morro Azul,CPFL-PAULISTA,33050196000188,NumCon,2023,10,31977.00000000
2026-10-05,13832,Sumare 6-Orquidea,CPFL-PAULISTA,33050196000188,DEC,2023,7,0.33000000
2026-10-05,13813,Campinas 16-Jardim Marajo,CPFL-PAULISTA,33050196000188,FEC,2023,2,0.17000000
2026-10-05,13817,Campinas 11-Barao Geraldo,CPFL-PAULISTA,33050196000188,NumCon,2023,9,11068.00000000
2026-10-05,13829,Santa Barbara 2-Barbarense,CPFL-PAULISTA,33050196000188,FEC,2023,3,0.26000000
2026-10-05,13797,Itatiba 3-Colonial,CPFL-PAULISTA,33050196000188,DEC,2023,3,0.42000000
2026-10-05,16434,Amparo 1,CPFL-PAULISTA,33050196000188,FEC,2023,5,0.10000000
2026-10-05,13835,Sumare 3-Quilombo,CPFL-PAULISTA,33050196000188,NumCon,2023,11,30109.00000000
2026-10-05,13796,Itatiba 2-Cruzeiro,CPFL-PAULISTA,33050196000188,FEC,2023,8,0.42000000
2026-10-05,13824,Nova Odessa 2-Fazenda Velha,CPFL-PAULISTA,33050196000188,DEC,2023,9,0.63000000
2026-10-05,13826,Americana 4-Jardim,CPFL-PAULISTA,33050196000188,DEC,2023,5,0.07000000
2026-10-05,13812,Campinas 14-Bandeirantes,CPFL-PAULISTA,33050196000188,NumCon,2023,6,38073.00000000
2026-10-05,13808,Campinas 1-Centro,CPFL-PAULISTA,33050196000188,NumCon,2023,4,61746.00000000
2026-10-05,13796,Itatiba 2-Cruzeiro,CPFL-PAULISTA,33050196000188,NumCon,2023,3,19478.00000000
2026-10-05,13817,Campinas 11-Barao Geraldo,CPFL-PAULISTA,33050196000188,FEC,2023,7,0.14000000
2026-10-05,16440,Campinas 5-Andorinha,CPFL-PAULISTA,33050196000188,NumCon,2023,1,69907.00000000
2026-10-05,13821,Americana 5-Ipe,CPFL-PAULISTA,33050196000188,FEC,2023,4,0.04000000
2026-10-05,13797,Itatiba 3-Colonial,CPFL-PAULISTA,33050196000188,DEC,2023,12,0.78000000
2026-10-05,13835,Sumare 3-Quilombo,CPFL-PAULISTA,33050196000188,NumCon,2023,12,30134.00000000
2026-10-05,13840,Capivari 1,CPFL-PAULISTA,33050196000188,NumCon,2023,5,26704.00000000
2026-10-05,16434,Amparo 1,CPFL-PAULISTA,33050196000188,NumCon,2023,7,35228.00000000
2026-10-05,13836,Hortolandia 1,CPFL-PAULISTA,33050196000188,DEC,2023,7,0.40000000
2026-10-05,13824,Nova Odessa 2-Fazenda Velha,CPFL-PAULISTA,33050196000188,NumCon,2023,9,18012.00000000
2026-10-05,16441,Campinas 7-Tanquinho,CPFL-PAULISTA,33050196000188,NumCon,2023,8,21541.00000000
2026-10-05,13796,Itatiba 2-Cruzeiro,CPFL-PAULISTA,33050196000188,FEC,2023,10,0.38000000
2026-10-05,13800,Campinas 9-Paineiras,CPFL-PAULISTA,33050196000188,FEC,2023,5,0.05000000
2026-10-05,13826,Americana 4-Jardim,CPFL-PAULISTA,33050196000188,FEC,2023,10,0.45000000
2026-10-05,13796,Itatiba 2-Cruzeiro,CPFL-PAULISTA,33050196000188,DEC,2023,8,0.32000000
2026-10-05,13835,Sumare 3-Quilombo,CPFL-PAULISTA,33050196000188,FEC,2023,1,0.43000000
2026-10-05,16434,Amparo 1,CPFL-PAULISTA,33050196000188,FEC,2023,1,0.40000000
2026-10-05,13799,Campinas 2-Souzas,CPFL-PAULISTA,33050196000188,DEC,2023,11,0.78000000
2026-10-05,13805,Campinas 3-Trevo,CPFL-PAULISTA,33050196000188,FEC,2023,7,0.09000000
2026-10-05,13796,Itatiba 2-Cruzeiro,CPFL-PAULISTA,33050196000188,NumCon,2023,4,19471.00000000
2026-10-05,13834,Sumare 4-Nova Aparecida,CPFL-PAULISTA,33050196000188,DEC,2023,3,0.30000000
2026-10-05,13835,Sumare 3-Quilombo,CPFL-PAULISTA,33050196000188,NumCon,2023,4,30156.00000000
2026-10-05,13796,Itatiba 2-Cruzeiro,CPFL-PAULISTA,33050196000188,FEC,2023,6,0.12000000
2026-10-05,13805,Campinas 3-Trevo,CPFL-PAULISTA,33050196000188,DEC,2023,7,0.32000000
2026-10-05,13814,Campinas 15-Dic,CPFL-PAULISTA,33050196000188,NumCon,2023,11,29450.00000000
2026-10-05,13800,Campinas 9-Paineiras,CPFL-PAULISTA,33050196000188,NumCon,2023,6,28032.00000000
2026-10-05,16441,Campinas 7-Tanquinho,CPFL-PAULISTA,33050196000188,NumCon,2023,2,18661.00000000
2026-10-05,16441,Campinas 7-Tanquinho,CPFL-PAULISTA,33050196000188,NumCon,2023,7,21505.00000000
2026-10-05,13811,Campinas 4-Boa Vista,CPFL-PAULISTA,33050196000188,NumCon,2023,9,18483.00000000
2026-10-05,13809,Campinas 10-Chapadão,CPFL-PAULISTA,33050196000188,DEC,2023,6,0.30000000
2026-10-05,13833,Sumare 2-Tres M,CPFL-PAULISTA,33050196000188,FEC,2023,3,0.50000000
2026-10-05,13829,Santa Barbara 2-Barbarense,CPFL-PAULISTA,33050196000188,FEC,2023,4,0.20000000
2026-10-05,13586,SANTO ANTONIO DA POSSE,ELEKTRO,02328280000197,FEC,2023,7,0.24000000
2026-10-05,13835,Sumare 3-Quilombo,CPFL-PAULISTA,33050196000188,NumCon,2023,2,29806.00000000
2026-10-05,13807,Campinas 6-Taquaral,CPFL-PAULISTA,33050196000188,NumCon,2023,4,38871.00000000
2026-10-05,13813,Campinas 16-Jardim Marajo,CPFL-PAULISTA,33050196000188,NumCon,2023,2,60599.00000000
2026-10-05,13824,Nova Odessa 2-Fazenda Velha,CPFL-PAULISTA,33050196000188,DEC,2023,4,0.23000000
2026-10-05,16461,Santa Barbara Doeste 1,CPFL-PAULISTA,33050196000188,FEC,2023,8,0.22000000
2026-10-05,13796,Itatiba 2-Cruzeiro,CPFL-PAULISTA,33050196000188,NumCon,2023,2,19431.00000000
2026-10-05,13832,Sumare 6-Orquidea,CPFL-PAULISTA,33050196000188,DEC,2023,6,0.19000000
2026-10-05,13800,Campinas 9-Paineiras,CPFL-PAULISTA,33050196000188,FEC,2023,9,0.37000000
2026-10-05,13797,Itatiba 3-Colonial,CPFL-PAULISTA,33050196000188,DEC,2023,6,0.41000000
2026-10-05,16434,Amparo 1,CPFL-PAULISTA,33050196000188,NumCon,2023,8,35322.00000000
2026-10-05,13805,Campinas 3-Trevo,CPFL-PAULISTA,33050196000188,DEC,2023,12,0.21000000
2026-10-05,13796,Itatiba 2-Cruzeiro,CPFL-PAULISTA,33050196000188,FEC,2023,4,0.21000000
2026-10-05,16452,Monte Mor 1,CPFL-PAULISTA,33050196000188,FEC,2023,9,0.23000000
2026-10-05,13830,Sumare 1,CPFL-PAULISTA,33050196000188,DEC,2023,11,0.53000000
2026-10-05,13586,SANTO ANTONIO DA POSSE,ELEKTRO,02328280000197,FEC,2023,5,0.30000000
2026-10-05,16433,Americana 1,CPFL-PAULISTA,33050196000188,FEC,2023,12,0.09000000
2026-10-05,13812,Campinas 14-Bandeirantes,CPFL-PAULISTA,33050196000188,NumCon,2023,2,37033.00000000
2026-10-05,13813,Campinas 16-Jardim Marajo,CPFL-PAULISTA,33050196000188,FEC,2023,10,0.49000000
2026-10-05,13840,Capivari 1,CPFL-PAULISTA,33050196000188,NumCon,2023,11,27007.00000000
2026-10-05,16440,Campinas 5-Andorinha,CPFL-PAULISTA,33050196000188,NumCon,2023,9,70312.00000000
2026-10-05,13835,Sumare 3-Quilombo,CPFL-PAULISTA,33050196000188,NumCon,2023,6,30196.00000000
2026-10-05,13826,Americana 4-Jardim,CPFL-PAULISTA,33050196000188,FEC,2023,9,0.11000000
2026-10-05,13824,Nova Odessa 2-Fazenda Velha,CPFL-PAULISTA,33050196000188,FEC,2023,8,0.14000000
2026-10-05,13826,Americana 4-Jardim,CPFL-PAULISTA,33050196000188,FEC,2023,6,0.17000000
2026-10-05,16440,Campinas 5-Andorinha,CPFL-PAULISTA,33050196000188,NumCon,2023,11,70371.00000000
2026-10-05,2922,JAGUARIUNA,CPFL JAGUARI,53859112000169,FEC,2023,2,0.34000000
2026-10-05,13829,Santa Barbara 2-Barbarense,CPFL-PAULISTA,33050196000188,FEC,2023,6,0.40000000
2026-10-05,13818,Paulinia 2-Morumbi,CPFL-PAULISTA,33050196000188,FEC,2023,2,0.18000000
2026-10-05,13826,Americana 4-Jardim,CPFL-PAULISTA,33050196000188,NumCon,2023,6,43011.00000000
2026-10-05,13799,Campinas 2-Souzas,CPFL-PAULISTA,33050196000188,NumCon,2023,4,14361.00000000
2026-10-05,13797,Itatiba 3-Colonial,CPFL-PAULISTA,33050196000188,DEC,2023,7,0.18000000
2026-10-05,13840,Capivari 1,CPFL-PAULISTA,33050196000188,DEC,2023,10,0.46000000
2026-10-05,16452,Monte Mor 1,CPFL-PAULISTA,33050196000188,FEC,2023,7,0.29000000
2026-10-05,13796,Itatiba 2-Cruzeiro,CPFL-PAULISTA,33050196000188,NumCon,2023,1,19446.00000000
2026-10-05,16440,Campinas 5-Andorinha,CPFL-PAULISTA,33050196000188,NumCon,2023,6,70437.00000000
2026-10-05,13799,Campinas 2-Souzas,CPFL-PAULISTA,33050196000188,DEC,2023,9,0.65000000
2026-10-05,16434,Amparo 1,CPFL-PAULISTA,33050196000188,NumCon,2023,2,35093.00000000
2026-10-05,13826,Americana 4-Jardim,CPFL-PAULISTA,33050196000188,DEC,2023,12,0.15000000
2026-10-05,13817,Campinas 11-Barao Geraldo,CPFL-PAULISTA,33050196000188,FEC,2023,5,0.17000000
2026-10-05,13840,Capivari 1,CPFL-PAULISTA,33050196000188,NumCon,2023,6,26755.00000000
2026-10-05,16433,Americana 1,CPFL-PAULISTA,33050196000188,FEC,2023,8,0.21000000
2026-10-05,13805,Campinas 3-Trevo,CPFL-PAULISTA,33050196000188,FEC,2023,9,0.10000000
2026-10-05,13826,Americana 4-Jardim,CPFL-PAULISTA,33050196000188,FEC,2023,7,0.10000000
2026-10-05,13840,Capivari 1,CPFL-PAULISTA,33050196000188,DEC,2023,6,0.16000000
2026-10-05,16433,Americana 1,CPFL-PAULISTA,33050196000188,FEC,2023,2,0.17000000
2026-10-05,13796,Itatiba 2-Cruzeiro,CPFL-PAULISTA,33050196000188,NumCon,2023,5,19505.00000000
2026-10-05,13833,Sumare 2-Tres M,CPFL-PAULISTA,33050196000188,DEC,2023,11,0.26000000
2026-10-05,13837,Hortolandia 2-Morro Azul,CPFL-PAULISTA,33050196000188,NumCon,2023,6,31663.00000000
2026-10-05,13821,Americana 5-Ipe,CPFL-PAULISTA,33050196000188,FEC,2023,11,0.20000000
2026-10-05,13836,Hortolandia 1,CPFL-PAULISTA,33050196000188,DEC,2023,2,0.37000000
2026-10-05,13796,Itatiba 2-Cruzeiro,CPFL-PAULISTA,33050196000188,DEC,2023,4,0.43000000
2026-10-05,13796,Itatiba 2-Cruzeiro,CPFL-PAULISTA,33050196000188,NumCon,2023,7,19684.00000000
2026-10-05,13834,Sumare 4-Nova Aparecida,CPFL-PAULISTA,33050196000188,DEC,2023,10,0.63000000
2026-10-05,13808,Campinas 1-Centro,CPFL-PAULISTA,33050196000188,DEC,2023,8,0.06000000
2026-10-05,16433,Americana 1,CPFL-PAULISTA,33050196000188,DEC,2023,3,0.29000000
2026-10-05,13837,Hortolandia 2-Morro Azul,CPFL-PAULISTA,33050196000188,NumCon,2023,1,31340.00000000
2026-10-05,16433,Americana 1,CPFL-PAULISTA,33050196000188,FEC,2023,5,0.09000000
2026-10-05,13796,Itatiba 2-Cruzeiro,CPFL-PAULISTA,33050196000188,NumCon,2023,8,19615.00000000
2026-10-05,13836,Hortolandia 1,CPFL-PAULISTA,33050196000188,DEC,2023,12,0.16000000
2026-10-05,2922,JAGUARIUNA,CPFL JAGUARI,53859112000169,FEC,2023,3,0.28000000
2026-10-05,13841,Rio das Pedras 1,CPFL-PAULISTA,33050196000188,FEC,2023,12,0.29000000
2026-10-05,13793,Nova Odessa 1,CPFL-PAULISTA,33050196000188,FEC,2023,8,0.38000000
2026-10-05,13797,Itatiba 3-Colonial,CPFL-PAULISTA,33050196000188,DEC,2023,1,0.54000000
2026-10-05,13831,Sumare 5-Nova Veneza,CPFL-PAULISTA,33050196000188,DEC,2023,5,0.16000000
2026-10-05,13829,Santa Barbara 2-Barbarense,CPFL-PAULISTA,33050196000188,NumCon,2023,10,27809.00000000
2026-10-05,13826,Americana 4-Jardim,CPFL-PAULISTA,33050196000188,FEC,2023,11,0.12000000
2026-10-05,16433,Americana 1,CPFL-PAULISTA,33050196000188,FEC,2023,1,0.21000000
2026-10-05,13835,Sumare 3-Quilombo,CPFL-PAULISTA,33050196000188,NumCon,2023,5,29673.00000000
2026-10-05,13826,Americana 4-Jardim,CPFL-PAULISTA,33050196000188,FEC,2023,5,0.20000000
2026-10-05,13837,Hortolandia 2-Morro Azul,CPFL-PAULISTA,33050196000188,NumCon,2023,11,32016.00000000
2026-10-05,13796,Itatiba 2-Cruzeiro,CPFL-PAULISTA,33050196000188,FEC,2023,2,0.36000000
2026-10-05,13840,Capivari 1,CPFL-PAULISTA,33050196000188,DEC,2023,7,0.25000000
2026-10-05,13824,Nova Odessa 2-Fazenda Velha,CPFL-PAULISTA,33050196000188,NumCon,2023,1,17606.00000000
2026-10-05,16433,Americana 1,CPFL-PAULISTA,33050196000188,FEC,2023,11,0.13000000
2026-10-05,16464,Valinhos 2-Figueira,CPFL-PAULISTA,33050196000188,FEC,2023,6,0.25000000
2026-10-05,16441,Campinas 7-Tanquinho,CPFL-PAULISTA,33050196000188,DEC,2023,1,0.79000000
2026-10-05,13837,Hortolandia 2-Morro Azul,CPFL-PAULISTA,33050196000188,NumCon,2023,7,31488.00000000
2026-10-05,13811,Campinas 4-Boa Vista,CPFL-PAULISTA,33050196000188,FEC,2023,12,0.20000000
2026-10-05,13805,Campinas 3-Trevo,CPFL-PAULISTA,33050196000188,DEC,2023,2,0.67000000
2026-10-05,13799,Campinas 2-Souzas,CPFL-PAULISTA,33050196000188,FEC,2023,6,0.25000000
2026-10-05,16433,Americana 1,CPFL-PAULISTA,33050196000188,DEC,2023,10,0.23000000
2026-10-05,16441,Campinas 7-Tanquinho,CPFL-PAULISTA,33050196000188,DEC,2023,9,0.55000000
2026-10-05,16452,Monte Mor 1,CPFL-PAULISTA,33050196000188,FEC,2023,4,0.10000000
2026-10-05,13802,Valinhos 1,CPFL-PAULISTA,33050196000188,DEC,2023,1,0.48000000
2026-10-05,13837,Hortolandia 2-Morro Azul,CPFL-PAULISTA,33050196000188,NumCon,2023,5,31528.00000000
2026-10-05,16464,Valinhos 2-Figueira,CPFL-PAULISTA,33050196000188,FEC,2023,10,0.10000000
2026-10-05,13821,Americana 5-Ipe,CPFL-PAULISTA,33050196000188,FEC,2023,1,0.09000000
2026-10-05,13796,Itatiba 2-Cruzeiro,CPFL-PAULISTA,33050196000188,DEC,2023,11,1.07000000
2026-10-05,13822,Americana 2-Campo Verde,CPFL-PAULISTA,33050196000188,NumCon,2023,9,25222.00000000
2026-10-05,13836,Hortolandia 1,CPFL-PAULISTA,33050196000188,DEC,2023,11,0.30000000
2026-10-05,13833,Sumare 2-Tres M,CPFL-PAULISTA,33050196000188,FEC,2023,1,0.42000000
2026-10-05,13810,Campinas 12-Cidade Jardim,CPFL-PAULISTA,33050196000188,NumCon,2023,7,42331.00000000
2026-10-05,13840,Capivari 1,CPFL-PAULISTA,33050196000188,DEC,2023,12,0.35000000
2026-10-05,13830,Sumare 1,CPFL-PAULISTA,33050196000188,NumCon,2023,5,24328.00000000
2026-10-05,16452,Monte Mor 1,CPFL-PAULISTA,33050196000188,FEC,2023,12,0.27000000
2026-10-05,13793,Nova Odessa 1,CPFL-PAULISTA,33050196000188,NumCon,2023,12,17246.00000000
2026-10-05,16441,Campinas 7-Tanquinho,CPFL-PAULISTA,33050196000188,FEC,2023,3,0.36000000
2026-10-05,13826,Americana 4-Jardim,CPFL-PAULISTA,33050196000188,DEC,2023,9,0.22000000
2026-10-05,13810,Campinas 12-Cidade Jardim,CPFL-PAULISTA,33050196000188,NumCon,2023,1,41930.00000000
2026-10-05,13843,Piracicaba 4-Unileste,CPFL-PAULISTA,33050196000188,NumCon,2023,9,18054.00000000
2026-10-05,13833,Sumare 2-Tres M,CPFL-PAULISTA,33050196000188,NumCon,2023,6,17920.00000000
2026-10-05,13807,Campinas 6-Taquaral,CPFL-PAULISTA,33050196000188,DEC,2023,5,0.13000000
2026-10-05,13800,Campinas 9-Paineiras,CPFL-PAULISTA,33050196000188,FEC,2023,11,0.31000000
2026-10-05,16441,Campinas 7-Tanquinho,CPFL-PAULISTA,33050196000188,NumCon,2023,1,21415.00000000
2026-10-05,2922,JAGUARIUNA,CPFL JAGUARI,53859112000169,FEC,2023,4,0.07000000
2026-10-05,13807,Campinas 6-Taquaral,CPFL-PAULISTA,33050196000188,NumCon,2023,10,39155.00000000
2026-10-05,13830,Sumare 1,CPFL-PAULISTA,33050196000188,DEC,2023,2,0.70000000
2026-10-05,16452,Monte Mor 1,CPFL-PAULISTA,33050196000188,NumCon,2023,1,26560.00000000
2026-10-05,13829,Santa Barbara 2-Barbarense,CPFL-PAULISTA,33050196000188,DEC,2023,5,0.18000000
2026-10-05,16452,Monte Mor 1,CPFL-PAULISTA,33050196000188,FEC,2023,11,0.15000000
2026-10-05,16441,Campinas 7-Tanquinho,CPFL-PAULISTA,33050196000188,DEC,2023,3,0.56000000
2026-10-05,13807,Campinas 6-Taquaral,CPFL-PAULISTA,33050196000188,DEC,2023,8,0.17000000
2026-10-05,13831,Sumare 5-Nova Veneza,CPFL-PAULISTA,33050196000188,NumCon,2023,6,31741.00000000
2026-10-05,13826,Americana 4-Jardim,CPFL-PAULISTA,33050196000188,DEC,2023,11,0.30000000
2026-10-05,13814,Campinas 15-Dic,CPFL-PAULISTA,33050196000188,NumCon,2023,6,29368.00000000
2026-10-05,13797,Itatiba 3-Colonial,CPFL-PAULISTA,33050196000188,DEC,2023,2,0.51000000
2026-10-05,13833,Sumare 2-Tres M,CPFL-PAULISTA,33050196000188,FEC,2023,4,0.07000000
2026-10-05,13799,Campinas 2-Souzas,CPFL-PAULISTA,33050196000188,FEC,2023,8,0.20000000
2026-10-05,13835,Sumare 3-Quilombo,CPFL-PAULISTA,33050196000188,NumCon,2023,1,30171.00000000
2026-10-05,13814,Campinas 15-Dic,CPFL-PAULISTA,33050196000188,FEC,2023,6,0.21000000
2026-10-05,2922,JAGUARIUNA,CPFL JAGUARI,53859112000169,FEC,2023,7,0.23000000
2026-10-05,13821,Americana 5-Ipe,CPFL-PAULISTA,33050196000188,FEC,2023,12,0.53000000
2026-10-05,13797,Itatiba 3-Colonial,CPFL-PAULISTA,33050196000188,DEC,2023,5,0.70000000
2026-10-05,13833,Sumare 2-Tres M,CPFL-PAULISTA,33050196000188,NumCon,2023,11,17900.00000000
2026-10-05,13843,Piracicaba 4-Unileste,CPFL-PAULISTA,33050196000188,FEC,2023,2,0.13000000
2026-10-05,13833,Sumare 2-Tres M,CPFL-PAULISTA,33050196000188,DEC,2023,7,0.19000000
2026-10-05,13833,Sumare 2-Tres M,CPFL-PAULISTA,33050196000188,FEC,2023,2,1.37000000
2026-10-05,13813,Campinas 16-Jardim Marajo,CPFL-PAULISTA,33050196000188,NumCon,2023,4,60901.00000000
2026-10-05,13796,Itatiba 2-Cruzeiro,CPFL-PAULISTA,33050196000188,FEC,2023,3,0.25000000
2026-10-05,13805,Campinas 3-Trevo,CPFL-PAULISTA,33050196000188,DEC,2023,6,0.15000000
2026-10-05,13822,Americana 2-Campo Verde,CPFL-PAULISTA,33050196000188,NumCon,2023,12,25356.00000000
2026-10-05,13834,Sumare 4-Nova Aparecida,CPFL-PAULISTA,33050196000188,FEC,2023,7,0.35000000
2026-10-05,13797,Itatiba 3-Colonial,CPFL-PAULISTA,33050196000188,FEC,2023,11,0.20000000
2026-10-05,13814,Campinas 15-Dic,CPFL-PAULISTA,33050196000188,FEC,2023,3,0.17000000
2026-10-05,13793,Nova Odessa 1,CPFL-PAULISTA,33050196000188,NumCon,2023,4,17164.00000000
2026-10-05,13800,Campinas 9-Paineiras,CPFL-PAULISTA,33050196000188,FEC,2023,7,0.11000000
2026-10-05,13826,Americana 4-Jardim,CPFL-PAULISTA,33050196000188,DEC,2023,3,0.34000000
2026-10-05,13810,Campinas 12-Cidade Jardim,CPFL-PAULISTA,33050196000188,NumCon,2023,8,42573.00000000
2026-10-05,13836,Hortolandia 1,CPFL-PAULISTA,33050196000188,FEC,2023,11,0.18000000
2026-10-05,16441,Campinas 7-Tanquinho,CPFL-PAULISTA,33050196000188,FEC,2023,10,0.13000000
2026-10-05,13808,Campinas 1-Centro,CPFL-PAULISTA,33050196000188,DEC,2023,5,0.19000000
2026-10-05,13830,Sumare 1,CPFL-PAULISTA,33050196000188,NumCon,2023,6,24346.00000000
2026-10-05,964,PEDREIRA,CPFL JAGUARI,53859112000169,NumCon,2023,10,20098.00000000
2026-10-05,13831,Sumare 5-Nova Veneza,CPFL-PAULISTA,33050196000188,NumCon,2023,11,31738.00000000
2026-10-05,13810,Campinas 12-Cidade Jardim,CPFL-PAULISTA,33050196000188,NumCon,2023,3,42089.00000000
2026-10-05,13796,Itatiba 2-Cruzeiro,CPFL-PAULISTA,33050196000188,DEC,2023,10,0.88000000
2026-10-05,13829,Santa Barbara 2-Barbarense,CPFL-PAULISTA,33050196000188,NumCon,2023,4,27726.00000000
2026-10-05,13800,Campinas 9-Paineiras,CPFL-PAULISTA,33050196000188,NumCon,2023,10,27904.00000000
2026-10-05,2922,JAGUARIUNA,CPFL JAGUARI,53859112000169,FEC,2023,12,0.08000000
2026-10-05,13797,Itatiba 3-Colonial,CPFL-PAULISTA,33050196000188,DEC,2023,8,0.22000000
2026-10-05,16433,Americana 1,CPFL-PAULISTA,33050196000188,FEC,2023,4,0.11000000
2026-10-05,13830,Sumare 1,CPFL-PAULISTA,33050196000188,DEC,2023,7,0.07000000
2026-10-05,13831,Sumare 5-Nova Veneza,CPFL-PAULISTA,33050196000188,FEC,2023,2,0.14000000
2026-10-05,13836,Hortolandia 1,CPFL-PAULISTA,33050196000188,FEC,2023,9,0.23000000
2026-10-05,13540,MOGI MIRIM UM,ELEKTRO,02328280000197,DEC,2023,9,0.34000000
2026-10-05,13830,Sumare 1,CPFL-PAULISTA,33050196000188,NumCon,2023,11,24424.00000000
2026-10-05,13814,Campinas 15-Dic,CPFL-PAULISTA,33050196000188,FEC,2023,10,0.10000000
2026-10-05,13826,Americana 4-Jardim,CPFL-PAULISTA,33050196000188,NumCon,2023,9,43166.00000000
2026-10-05,13836,Hortolandia 1,CPFL-PAULISTA,33050196000188,FEC,2023,4,0.21000000
2026-10-05,13822,Americana 2-Campo Verde,CPFL-PAULISTA,33050196000188,NumCon,2023,8,25257.00000000
2026-10-05,13814,Campinas 15-Dic,CPFL-PAULISTA,33050196000188,NumCon,2023,10,29357.00000000
2026-10-05,13834,Sumare 4-Nova Aparecida,CPFL-PAULISTA,33050196000188,FEC,2023,5,0.03000000
2026-10-05,13834,Sumare 4-Nova Aparecida,CPFL-PAULISTA,33050196000188,FEC,2023,9,0.12000000
2026-10-05,13833,Sumare 2-Tres M,CPFL-PAULISTA,33050196000188,DEC,2023,6,0.23000000
2026-10-05,964,PEDREIRA,CPFL JAGUARI,53859112000169,FEC,2023,10,0.99000000
2026-10-05,13832,Sumare 6-Orquidea,CPFL-PAULISTA,33050196000188,FEC,2023,4,0.29000000
2026-10-05,13807,Campinas 6-Taquaral,CPFL-PAULISTA,33050196000188,FEC,2023,4,0.32000000
2026-10-05,13841,Rio das Pedras 1,CPFL-PAULISTA,33050196000188,NumCon,2023,8,12817.00000000
2026-10-05,13843,Piracicaba 4-Unileste,CPFL-PAULISTA,33050196000188,FEC,2023,3,0.08000000
2026-10-05,13802,Valinhos 1,CPFL-PAULISTA,33050196000188,DEC,2023,11,0.50000000
2026-10-05,13821,Americana 5-Ipe,CPFL-PAULISTA,33050196000188,DEC,2023,4,0.12000000
2026-10-05,16441,Campinas 7-Tanquinho,CPFL-PAULISTA,33050196000188,DEC,2023,8,0.45000000
2026-10-05,13841,Rio das Pedras 1,CPFL-PAULISTA,33050196000188,NumCon,2023,9,12827.00000000
2026-10-05,13800,Campinas 9-Paineiras,CPFL-PAULISTA,33050196000188,NumCon,2023,2,27028.00000000
2026-10-05,16441,Campinas 7-Tanquinho,CPFL-PAULISTA,33050196000188,DEC,2023,11,0.73000000
2026-10-05,964,PEDREIRA,CPFL JAGUARI,53859112000169,NumCon,2023,3,20010.00000000
2026-10-05,13810,Campinas 12-Cidade Jardim,CPFL-PAULISTA,33050196000188,NumCon,2023,6,42383.00000000
2026-10-05,13796,Itatiba 2-Cruzeiro,CPFL-PAULISTA,33050196000188,DEC,2023,1,0.77000000
2026-10-05,16452,Monte Mor 1,CPFL-PAULISTA,33050196000188,NumCon,2023,6,26735.00000000
2026-10-05,13457,ARTUR NOGUEIRA,ELEKTRO,02328280000197,NumCon,2023,12,32481.00000000
2026-10-05,13799,Campinas 2-Souzas,CPFL-PAULISTA,33050196000188,FEC,2023,11,0.44000000
2026-10-05,964,PEDREIRA,CPFL JAGUARI,53859112000169,NumCon,2023,4,20003.00000000
2026-10-05,13457,ARTUR NOGUEIRA,ELEKTRO,02328280000197,NumCon,2023,10,32383.00000000
2026-10-05,13829,Santa Barbara 2-Barbarense,CPFL-PAULISTA,33050196000188,NumCon,2023,2,27580.00000000
2026-10-05,13822,Americana 2-Campo Verde,CPFL-PAULISTA,33050196000188,NumCon,2023,7,25154.00000000
2026-10-05,13833,Sumare 2-Tres M,CPFL-PAULISTA,33050196000188,DEC,2023,10,0.08000000
2026-10-05,13833,Sumare 2-Tres M,CPFL-PAULISTA,33050196000188,DEC,2023,3,0.72000000
2026-10-05,2922,JAGUARIUNA,CPFL JAGUARI,53859112000169,FEC,2023,6,0.03000000
2026-10-05,13836,Hortolandia 1,CPFL-PAULISTA,33050196000188,FEC,2023,8,0.20000000
2026-10-05,13821,Americana 5-Ipe,CPFL-PAULISTA,33050196000188,DEC,2023,12,0.28000000
2026-10-05,13841,Rio das Pedras 1,CPFL-PAULISTA,33050196000188,NumCon,2023,3,12766.00000000
2026-10-05,964,PEDREIRA,CPFL JAGUARI,53859112000169,NumCon,2023,9,19999.00000000
2026-10-05,13822,Americana 2-Campo Verde,CPFL-PAULISTA,33050196000188,DEC,2023,8,0.30000000
2026-10-05,13800,Campinas 9-Paineiras,CPFL-PAULISTA,33050196000188,NumCon,2023,11,28048.00000000
2026-10-05,13797,Itatiba 3-Colonial,CPFL-PAULISTA,33050196000188,DEC,2023,11,0.81000000
2026-10-05,13797,Itatiba 3-Colonial,CPFL-PAULISTA,33050196000188,FEC,2023,1,0.27000000
2026-10-05,13812,Campinas 14-Bandeirantes,CPFL-PAULISTA,33050196000188,NumCon,2023,10,37993.00000000
2026-10-05,13807,Campinas 6-Taquaral,CPFL-PAULISTA,33050196000188,DEC,2023,3,0.12000000
2026-10-05,13800,Campinas 9-Paineiras,CPFL-PAULISTA,33050196000188,NumCon,2023,4,27837.00000000
2026-10-05,13832,Sumare 6-Orquidea,CPFL-PAULISTA,33050196000188,FEC,2023,11,0.15000000
2026-10-05,964,PEDREIRA,CPFL JAGUARI,53859112000169,NumCon,2023,8,19976.00000000
2026-10-05,13796,Itatiba 2-Cruzeiro,CPFL-PAULISTA,33050196000188,DEC,2023,7,0.96000000
2026-10-05,13813,Campinas 16-Jardim Marajo,CPFL-PAULISTA,33050196000188,NumCon,2023,12,61878.00000000
2026-10-05,13822,Americana 2-Campo Verde,CPFL-PAULISTA,33050196000188,NumCon,2023,3,25105.00000000
2026-10-05,13831,Sumare 5-Nova Veneza,CPFL-PAULISTA,33050196000188,DEC,2023,9,0.37000000
2026-10-05,13812,Campinas 14-Bandeirantes,CPFL-PAULISTA,33050196000188,NumCon,2023,7,38020.00000000
2026-10-05,16433,Americana 1,CPFL-PAULISTA,33050196000188,FEC,2023,3,0.34000000
2026-10-05,16434,Amparo 1,CPFL-PAULISTA,33050196000188,NumCon,2023,10,35267.00000000
2026-10-05,13457,ARTUR NOGUEIRA,ELEKTRO,02328280000197,NumCon,2023,1,31963.00000000
2026-10-05,13822,Americana 2-Campo Verde,CPFL-PAULISTA,33050196000188,NumCon,2023,10,25178.00000000
2026-10-05,13831,Sumare 5-Nova Veneza,CPFL-PAULISTA,33050196000188,DEC,2023,8,0.40000000
2026-10-05,13831,Sumare 5-Nova Veneza,CPFL-PAULISTA,33050196000188,DEC,2023,4,0.17000000
2026-10-05,13822,Americana 2-Campo Verde,CPFL-PAULISTA,33050196000188,NumCon,2023,2,25043.00000000
2026-10-05,13796,Itatiba 2-Cruzeiro,CPFL-PAULISTA,33050196000188,DEC,2023,2,0.67000000
2026-10-05,13457,ARTUR NOGUEIRA,ELEKTRO,02328280000197,NumCon,2023,5,32185.00000000
2026-10-05,13810,Campinas 12-Cidade Jardim,CPFL-PAULISTA,33050196000188,FEC,2023,7,0.04000000
2026-10-05,13822,Americana 2-Campo Verde,CPFL-PAULISTA,33050196000188,NumCon,2023,4,25081.00000000
2026-10-05,13813,Campinas 16-Jardim Marajo,CPFL-PAULISTA,33050196000188,NumCon,2023,10,60933.00000000
2026-10-05,16433,Americana 1,CPFL-PAULISTA,33050196000188,FEC,2023,10,0.17000000
2026-10-05,13457,ARTUR NOGUEIRA,ELEKTRO,02328280000197,NumCon,2023,4,32138.00000000
2026-10-05,13799,Campinas 2-Souzas,CPFL-PAULISTA,33050196000188,FEC,2023,3,0.49000000
2026-10-05,16433,Americana 1,CPFL-PAULISTA,33050196000188,FEC,2023,6,0.03000000
2026-10-05,13457,ARTUR NOGUEIRA,ELEKTRO,02328280000197,NumCon,2023,7,32273.00000000
2026-10-05,13824,Nova Odessa 2-Fazenda Velha,CPFL-PAULISTA,33050196000188,FEC,2023,3,1.13000000
2026-10-05,16434,Amparo 1,CPFL-PAULISTA,33050196000188,NumCon,2023,12,35377.00000000
2026-10-05,16452,Monte Mor 1,CPFL-PAULISTA,33050196000188,FEC,2023,5,0.19000000
2026-10-05,13796,Itatiba 2-Cruzeiro,CPFL-PAULISTA,33050196000188,DEC,2023,3,0.60000000
2026-10-05,13840,Capivari 1,CPFL-PAULISTA,33050196000188,FEC,2023,1,0.14000000
2026-10-05,13840,Capivari 1,CPFL-PAULISTA,33050196000188,FEC,2023,12,0.18000000
2026-10-05,13824,Nova Odessa 2-Fazenda Velha,CPFL-PAULISTA,33050196000188,NumCon,2023,11,18081.00000000
2026-10-05,13793,Nova Odessa 1,CPFL-PAULISTA,33050196000188,NumCon,2023,9,17191.00000000
2026-10-05,13817,Campinas 11-Barao Geraldo,CPFL-PAULISTA,33050196000188,FEC,2023,6,0.07000000
2026-10-05,13830,Sumare 1,CPFL-PAULISTA,33050196000188,NumCon,2023,9,24399.00000000
2026-10-05,13831,Sumare 5-Nova Veneza,CPFL-PAULISTA,33050196000188,NumCon,2023,1,31675.00000000
2026-10-05,16434,Amparo 1,CPFL-PAULISTA,33050196000188,NumCon,2023,4,35190.00000000
2026-10-05,13808,Campinas 1-Centro,CPFL-PAULISTA,33050196000188,FEC,2023,2,0.03000000
2026-10-05,13833,Sumare 2-Tres M,CPFL-PAULISTA,33050196000188,NumCon,2023,9,17882.00000000
2026-10-05,13831,Sumare 5-Nova Veneza,CPFL-PAULISTA,33050196000188,NumCon,2023,12,31787.00000000
2026-10-05,13813,Campinas 16-Jardim Marajo,CPFL-PAULISTA,33050196000188,NumCon,2023,8,61636.00000000
2026-10-05,16434,Amparo 1,CPFL-PAULISTA,33050196000188,FEC,2023,4,0.15000000
2026-10-05,13806,Campinas 8-Viracopos,CPFL-PAULISTA,33050196000188,FEC,2023,1,0.11000000
2026-10-05,13817,Campinas 11-Barao Geraldo,CPFL-PAULISTA,33050196000188,NumCon,2023,5,11093.00000000
2026-10-05,13817,Campinas 11-Barao Geraldo,CPFL-PAULISTA,33050196000188,NumCon,2023,11,11043.00000000
2026-10-05,13809,Campinas 10-Chapadão,CPFL-PAULISTA,33050196000188,DEC,2023,5,0.16000000
2026-10-05,13831,Sumare 5-Nova Veneza,CPFL-PAULISTA,33050196000188,NumCon,2023,3,31688.00000000
2026-10-05,13840,Capivari 1,CPFL-PAULISTA,33050196000188,FEC,2023,2,0.12000000
2026-10-05,13833,Sumare 2-Tres M,CPFL-PAULISTA,33050196000188,NumCon,2023,12,17595.00000000
2026-10-05,13809,Campinas 10-Chapadão,CPFL-PAULISTA,33050196000188,DEC,2023,8,0.12000000
2026-10-05,13832,Sumare 6-Orquidea,CPFL-PAULISTA,33050196000188,FEC,2023,7,0.24000000
2026-10-05,13806,Campinas 8-Viracopos,CPFL-PAULISTA,33050196000188,FEC,2023,9,0.58000000
2026-10-05,13457,ARTUR NOGUEIRA,ELEKTRO,02328280000197,NumCon,2023,2,32041.00000000
2026-10-05,13824,Nova Odessa 2-Fazenda Velha,CPFL-PAULISTA,33050196000188,NumCon,2023,2,17604.00000000
2026-10-05,13817,Campinas 11-Barao Geraldo,CPFL-PAULISTA,33050196000188,FEC,2023,1,0.19000000
2026-10-05,16434,Amparo 1,CPFL-PAULISTA,33050196000188,NumCon,2023,6,35184.00000000
2026-10-05,16434,Amparo 1,CPFL-PAULISTA,33050196000188,NumCon,2023,5,35254.00000000
2026-10-05,16452,Monte Mor 1,CPFL-PAULISTA,33050196000188,FEC,2023,6,0.25000000
2026-10-05,13824,Nova Odessa 2-Fazenda Velha,CPFL-PAULISTA,33050196000188,NumCon,2023,4,17703.00000000
2026-10-05,16452,Monte Mor 1,CPFL-PAULISTA,33050196000188,FEC,2023,10,0.13000000
2026-10-05,16452,Monte Mor 1,CPFL-PAULISTA,33050196000188,NumCon,2023,11,27039.00000000
2026-10-05,13797,Itatiba 3-Colonial,CPFL-PAULISTA,33050196000188,FEC,2023,12,0.61000000
2026-10-05,13817,Campinas 11-Barao Geraldo,CPFL-PAULISTA,33050196000188,FEC,2023,8,0.02000000
2026-10-05,16434,Amparo 1,CPFL-PAULISTA,33050196000188,NumCon,2023,11,35430.00000000
2026-10-05,13813,Campinas 16-Jardim Marajo,CPFL-PAULISTA,33050196000188,NumCon,2023,7,61521.00000000
2026-10-05,13800,Campinas 9-Paineiras,CPFL-PAULISTA,33050196000188,NumCon,2023,7,28016.00000000
2026-10-05,13831,Sumare 5-Nova Veneza,CPFL-PAULISTA,33050196000188,NumCon,2023,8,31801.00000000
2026-10-05,13457,ARTUR NOGUEIRA,ELEKTRO,02328280000197,NumCon,2023,11,32455.00000000
2026-10-05,13806,Campinas 8-Viracopos,CPFL-PAULISTA,33050196000188,FEC,2023,11,0.45000000
2026-10-05,13832,Sumare 6-Orquidea,CPFL-PAULISTA,33050196000188,FEC,2023,9,0.61000000
2026-10-05,13840,Capivari 1,CPFL-PAULISTA,33050196000188,FEC,2023,4,0.19000000
2026-10-05,13831,Sumare 5-Nova Veneza,CPFL-PAULISTA,33050196000188,DEC,2023,12,0.24000000
2026-10-05,16441,Campinas 7-Tanquinho,CPFL-PAULISTA,33050196000188,FEC,2023,8,0.15000000
2026-10-05,13833,Sumare 2-Tres M,CPFL-PAULISTA,33050196000188,NumCon,2023,4,17879.00000000
2026-10-05,13833,Sumare 2-Tres M,CPFL-PAULISTA,33050196000188,NumCon,2023,2,17694.00000000
2026-10-05,13832,Sumare 6-Orquidea,CPFL-PAULISTA,33050196000188,FEC,2023,10,0.10000000
2026-10-05,13813,Campinas 16-Jardim Marajo,CPFL-PAULISTA,33050196000188,NumCon,2023,3,61404.00000000
2026-10-05,13457,ARTUR NOGUEIRA,ELEKTRO,02328280000197,NumCon,2023,8,32334.00000000
2026-10-05,16433,Americana 1,CPFL-PAULISTA,33050196000188,FEC,2023,7,0.22000000
2026-10-05,13457,ARTUR NOGUEIRA,ELEKTRO,02328280000197,NumCon,2023,3,32109.00000000
2026-10-05,16433,Americana 1,CPFL-PAULISTA,33050196000188,FEC,2023,9,0.16000000
2026-10-05,13817,Campinas 11-Barao Geraldo,CPFL-PAULISTA,33050196000188,FEC,2023,4,0.04000000
2026-10-05,16434,Amparo 1,CPFL-PAULISTA,33050196000188,FEC,2023,8,0.24000000
2026-10-05,13840,Capivari 1,CPFL-PAULISTA,33050196000188,FEC,2023,11,0.09000000
2026-10-05,964,PEDREIRA,CPFL JAGUARI,53859112000169,NumCon,2023,5,20076.00000000
2026-10-05,13831,Sumare 5-Nova Veneza,CPFL-PAULISTA,33050196000188,NumCon,2023,10,31714.00000000
2026-10-05,13799,Campinas 2-Souzas,CPFL-PAULISTA,33050196000188,DEC,2023,3,0.73000000
2026-10-05,13799,Campinas 2-Souzas,CPFL-PAULISTA,33050196000188,NumCon,2023,9,14410.00000000
2026-10-05,13797,Itatiba 3-Colonial,CPFL-PAULISTA,33050196000188,FEC,2023,4,0.35000000
2026-10-05,13797,Itatiba 3-Colonial,CPFL-PAULISTA,33050196000188,FEC,2023,2,0.23000000
2026-10-05,13831,Sumare 5-Nova Veneza,CPFL-PAULISTA,33050196000188,NumCon,2023,9,31690.00000000
2026-10-05,16452,Monte Mor 1,CPFL-PAULISTA,33050196000188,FEC,2023,3,0.21000000
2026-10-05,13833,Sumare 2-Tres M,CPFL-PAULISTA,33050196000188,NumCon,2023,3,17870.00000000
2026-10-05,13831,Sumare 5-Nova Veneza,CPFL-PAULISTA,33050196000188,DEC,2023,6,0.19000000
2026-10-05,13812,Campinas 14-Bandeirantes,CPFL-PAULISTA,33050196000188,NumCon,2023,8,38121.00000000
2026-10-05,13800,Campinas 9-Paineiras,CPFL-PAULISTA,33050196000188,NumCon,2023,5,28054.00000000
2026-10-05,13799,Campinas 2-Souzas,CPFL-PAULISTA,33050196000188,DEC,2023,10,1.06000000
2026-10-05,13806,Campinas 8-Viracopos,CPFL-PAULISTA,33050196000188,FEC,2023,12,0.73000000
2026-10-05,16452,Monte Mor 1,CPFL-PAULISTA,33050196000188,FEC,2023,1,0.28000000
2026-10-05,13796,Itatiba 2-Cruzeiro,CPFL-PAULISTA,33050196000188,DEC,2023,12,0.91000000
2026-10-05,13833,Sumare 2-Tres M,CPFL-PAULISTA,33050196000188,FEC,2023,7,0.07000000
2026-10-05,13799,Campinas 2-Souzas,CPFL-PAULISTA,33050196000188,NumCon,2023,6,14375.00000000
2026-10-05,16433,Americana 1,CPFL-PAULISTA,33050196000188,NumCon,2023,10,34876.00000000
2026-10-05,13824,Nova Odessa 2-Fazenda Velha,CPFL-PAULISTA,33050196000188,NumCon,2023,10,17997.00000000
2026-10-05,16461,Santa Barbara Doeste 1,CPFL-PAULISTA,33050196000188,DEC,2023,8,0.20000000
2026-10-05,13808,Campinas 1-Centro,CPFL-PAULISTA,33050196000188,FEC,2023,4,0.03000000
2026-10-05,13799,Campinas 2-Souzas,CPFL-PAULISTA,33050196000188,NumCon,2023,11,14413.00000000
2026-10-05,16452,Monte Mor 1,CPFL-PAULISTA,33050196000188,FEC,2023,2,0.28000000
2026-10-05,13824,Nova Odessa 2-Fazenda Velha,CPFL-PAULISTA,33050196000188,NumCon,2023,6,17854.00000000
2026-10-05,13831,Sumare 5-Nova Veneza,CPFL-PAULISTA,33050196000188,NumCon,2023,2,31664.00000000
2026-10-05,13833,Sumare 2-Tres M,CPFL-PAULISTA,33050196000188,NumCon,2023,1,17876.00000000
2026-10-05,964,PEDREIRA,CPFL JAGUARI,53859112000169,NumCon,2023,12,20091.00000000
2026-10-05,13831,Sumare 5-Nova Veneza,CPFL-PAULISTA,33050196000188,NumCon,2023,4,31704.00000000
2026-10-05,13840,Capivari 1,CPFL-PAULISTA,33050196000188,FEC,2023,8,0.25000000
2026-10-05,13822,Americana 2-Campo Verde,CPFL-PAULISTA,33050196000188,NumCon,2023,5,25142.00000000
2026-10-05,13832,Sumare 6-Orquidea,CPFL-PAULISTA,33050196000188,FEC,2023,5,0.05000000
2026-10-05,16434,Amparo 1,CPFL-PAULISTA,33050196000188,FEC,2023,6,0.40000000
2026-10-05,13833,Sumare 2-Tres M,CPFL-PAULISTA,33050196000188,FEC,2023,5,0.18000000
2026-10-05,964,PEDREIRA,CPFL JAGUARI,53859112000169,NumCon,2023,11,20066.00000000
2026-10-05,13806,Campinas 8-Viracopos,CPFL-PAULISTA,33050196000188,NumCon,2023,12,20719.00000000
2026-10-05,16434,Amparo 1,CPFL-PAULISTA,33050196000188,NumCon,2023,9,35398.00000000
2026-10-05,13817,Campinas 11-Barao Geraldo,CPFL-PAULISTA,33050196000188,FEC,2023,2,0.39000000
2026-10-05,13812,Campinas 14-Bandeirantes,CPFL-PAULISTA,33050196000188,NumCon,2023,3,37836.00000000
2026-10-05,13840,Capivari 1,CPFL-PAULISTA,33050196000188,FEC,2023,9,0.19000000
2026-10-05,13831,Sumare 5-Nova Veneza,CPFL-PAULISTA,33050196000188,DEC,2023,11,0.14000000
2026-10-05,13813,Campinas 16-Jardim Marajo,CPFL-PAULISTA,33050196000188,NumCon,2023,9,61269.00000000
2026-10-05,16441,Campinas 7-Tanquinho,CPFL-PAULISTA,33050196000188,FEC,2023,2,0.49000000
2026-10-05,964,PEDREIRA,CPFL JAGUARI,53859112000169,NumCon,2023,1,19970.00000000
2026-10-05,16434,Amparo 1,CPFL-PAULISTA,33050196000188,FEC,2023,10,0.39000000
2026-10-05,13800,Campinas 9-Paineiras,CPFL-PAULISTA,33050196000188,NumCon,2023,12,27980.00000000
2026-10-05,964,PEDREIRA,CPFL JAGUARI,53859112000169,NumCon,2023,6,20108.00000000
2026-10-05,13817,Campinas 11-Barao Geraldo,CPFL-PAULISTA,33050196000188,FEC,2023,10,0.07000000
2026-10-05,13800,Campinas 9-Paineiras,CPFL-PAULISTA,33050196000188,NumCon,2023,3,28019.00000000
2026-10-05,16461,Santa Barbara Doeste 1,CPFL-PAULISTA,33050196000188,DEC,2023,9,0.36000000
2026-10-05,13822,Americana 2-Campo Verde,CPFL-PAULISTA,33050196000188,NumCon,2023,1,25103.00000000
2026-10-05,13817,Campinas 11-Barao Geraldo,CPFL-PAULISTA,33050196000188,FEC,2023,3,0.04000000
2026-10-05,13833,Sumare 2-Tres M,CPFL-PAULISTA,33050196000188,NumCon,2023,7,17908.00000000
2026-10-05,13806,Campinas 8-Viracopos,CPFL-PAULISTA,33050196000188,NumCon,2023,5,20765.00000000
2026-10-05,13799,Campinas 2-Souzas,CPFL-PAULISTA,33050196000188,DEC,2023,12,0.60000000
2026-10-05,13813,Campinas 16-Jardim Marajo,CPFL-PAULISTA,33050196000188,FEC,2023,5,0.10000000
2026-10-05,13800,Campinas 9-Paineiras,CPFL-PAULISTA,33050196000188,NumCon,2023,8,28030.00000000
2026-10-05,13843,Piracicaba 4-Unileste,CPFL-PAULISTA,33050196000188,NumCon,2023,10,18182.00000000
2026-10-05,13796,Itatiba 2-Cruzeiro,CPFL-PAULISTA,33050196000188,DEC,2023,9,0.55000000
2026-10-05,13833,Sumare 2-Tres M,CPFL-PAULISTA,33050196000188,NumCon,2023,8,17943.00000000
2026-10-05,13840,Capivari 1,CPFL-PAULISTA,33050196000188,FEC,2023,3,0.20000000
2026-10-05,964,PEDREIRA,CPFL JAGUARI,53859112000169,NumCon,2023,7,19900.00000000
2026-10-05,13813,Campinas 16-Jardim Marajo,CPFL-PAULISTA,33050196000188,FEC,2023,12,0.23000000
2026-10-05,13840,Capivari 1,CPFL-PAULISTA,33050196000188,FEC,2023,10,0.14000000
2026-10-05,13832,Sumare 6-Orquidea,CPFL-PAULISTA,33050196000188,FEC,2023,12,0.18000000
2026-10-05,13586,SANTO ANTONIO DA POSSE,ELEKTRO,02328280000197,NumCon,2023,2,9475.00000000
2026-10-05,13806,Campinas 8-Viracopos,CPFL-PAULISTA,33050196000188,NumCon,2023,7,20740.00000000
2026-10-05,13833,Sumare 2-Tres M,CPFL-PAULISTA,33050196000188,NumCon,2023,5,17891.00000000
2026-10-05,13799,Campinas 2-Souzas,CPFL-PAULISTA,33050196000188,DEC,2023,6,0.60000000
2026-10-05,13457,ARTUR NOGUEIRA,ELEKTRO,02328280000197,NumCon,2023,9,32358.00000000
2026-10-05,13813,Campinas 16-Jardim Marajo,CPFL-PAULISTA,33050196000188,FEC,2023,8,0.23000000
2026-10-05,13799,Campinas 2-Souzas,CPFL-PAULISTA,33050196000188,DEC,2023,5,0.53000000
2026-10-05,13831,Sumare 5-Nova Veneza,CPFL-PAULISTA,33050196000188,DEC,2023,7,0.30000000
2026-10-05,13457,ARTUR NOGUEIRA,ELEKTRO,02328280000197,NumCon,2023,6,32247.00000000
2026-10-05,16441,Campinas 7-Tanquinho,CPFL-PAULISTA,33050196000188,FEC,2023,11,0.44000000
2026-10-05,13831,Sumare 5-Nova Veneza,CPFL-PAULISTA,33050196000188,DEC,2023,2,0.29000000
2026-10-05,13812,Campinas 14-Bandeirantes,CPFL-PAULISTA,33050196000188,NumCon,2023,1,37808.00000000
2026-10-05,13840,Capivari 1,CPFL-PAULISTA,33050196000188,FEC,2023,6,0.13000000
2026-10-05,13813,Campinas 16-Jardim Marajo,CPFL-PAULISTA,33050196000188,FEC,2023,1,0.18000000
2026-10-05,13832,Sumare 6-Orquidea,CPFL-PAULISTA,33050196000188,FEC,2023,1,0.12000000
2026-10-05,13817,Campinas 11-Barao Geraldo,CPFL-PAULISTA,33050196000188,FEC,2023,11,0.03000000
2026-10-05,13843,Piracicaba 4-Unileste,CPFL-PAULISTA,33050196000188,NumCon,2023,12,18302.00000000
2026-10-05,16461,Santa Barbara Doeste 1,CPFL-PAULISTA,33050196000188,DEC,2023,7,0.30000000
2026-10-05,13806,Campinas 8-Viracopos,CPFL-PAULISTA,33050196000188,NumCon,2023,8,20780.00000000
2026-10-05,16441,Campinas 7-Tanquinho,CPFL-PAULISTA,33050196000188,FEC,2023,7,0.24000000
2026-10-05,16464,Valinhos 2-Figueira,CPFL-PAULISTA,33050196000188,NumCon,2023,1,24914.00000000
2026-10-05,13831,Sumare 5-Nova Veneza,CPFL-PAULISTA,33050196000188,DEC,2023,1,0.21000000
2026-10-05,16434,Amparo 1,CPFL-PAULISTA,33050196000188,NumCon,2023,1,35152.00000000
2026-10-05,13793,Nova Odessa 1,CPFL-PAULISTA,33050196000188,NumCon,2023,5,17175.00000000
2026-10-05,13813,Campinas 16-Jardim Marajo,CPFL-PAULISTA,33050196000188,FEC,2023,6,0.17000000
2026-10-05,13822,Americana 2-Campo Verde,CPFL-PAULISTA,33050196000188,FEC,2023,3,0.17000000
2026-10-05,16461,Santa Barbara Doeste 1,CPFL-PAULISTA,33050196000188,DEC,2023,2,0.30000000
2026-10-05,16464,Valinhos 2-Figueira,CPFL-PAULISTA,33050196000188,NumCon,2023,9,25017.00000000
2026-10-05,13797,Itatiba 3-Colonial,CPFL-PAULISTA,33050196000188,FEC,2023,7,0.16000000
2026-10-05,13832,Sumare 6-Orquidea,CPFL-PAULISTA,33050196000188,NumCon,2023,10,21203.00000000
2026-10-05,13822,Americana 2-Campo Verde,CPFL-PAULISTA,33050196000188,FEC,2023,10,0.10000000
2026-10-05,16464,Valinhos 2-Figueira,CPFL-PAULISTA,33050196000188,NumCon,2023,11,25053.00000000
2026-10-05,16464,Valinhos 2-Figueira,CPFL-PAULISTA,33050196000188,NumCon,2023,6,24899.00000000
2026-10-05,13586,SANTO ANTONIO DA POSSE,ELEKTRO,02328280000197,NumCon,2023,8,9540.00000000
2026-10-05,13810,Campinas 12-Cidade Jardim,CPFL-PAULISTA,33050196000188,DEC,2023,4,0.08000000
2026-10-05,13793,Nova Odessa 1,CPFL-PAULISTA,33050196000188,NumCon,2023,1,17179.00000000
2026-10-05,13806,Campinas 8-Viracopos,CPFL-PAULISTA,33050196000188,FEC,2023,7,0.28000000
2026-10-05,13813,Campinas 16-Jardim Marajo,CPFL-PAULISTA,33050196000188,FEC,2023,7,0.25000000
2026-10-05,13799,Campinas 2-Souzas,CPFL-PAULISTA,33050196000188,DEC,2023,8,0.58000000
2026-10-05,13457,ARTUR NOGUEIRA,ELEKTRO,02328280000197,DEC,2023,6,0.19000000
2026-10-05,13843,Piracicaba 4-Unileste,CPFL-PAULISTA,33050196000188,NumCon,2023,4,17609.00000000
2026-10-05,13843,Piracicaba 4-Unileste,CPFL-PAULISTA,33050196000188,NumCon,2023,2,17536.00000000
2026-10-05,13793,Nova Odessa 1,CPFL-PAULISTA,33050196000188,NumCon,2023,6,17208.00000000
2026-10-05,13813,Campinas 16-Jardim Marajo,CPFL-PAULISTA,33050196000188,FEC,2023,9,0.27000000
2026-10-05,13817,Campinas 11-Barao Geraldo,CPFL-PAULISTA,33050196000188,NumCon,2023,2,10839.00000000
2026-10-05,16433,Americana 1,CPFL-PAULISTA,33050196000188,NumCon,2023,11,34947.00000000
2026-10-05,16452,Monte Mor 1,CPFL-PAULISTA,33050196000188,NumCon,2023,12,27036.00000000
2026-10-05,13540,MOGI MIRIM UM,ELEKTRO,02328280000197,FEC,2023,4,0.09000000
2026-10-05,16440,Campinas 5-Andorinha,CPFL-PAULISTA,33050196000188,NumCon,2023,4,69938.00000000
2026-10-05,13586,SANTO ANTONIO DA POSSE,ELEKTRO,02328280000197,NumCon,2023,12,9615.00000000
2026-10-05,13824,Nova Odessa 2-Fazenda Velha,CPFL-PAULISTA,33050196000188,DEC,2023,1,0.56000000
2026-10-05,16433,Americana 1,CPFL-PAULISTA,33050196000188,NumCon,2023,6,34860.00000000
2026-10-05,13817,Campinas 11-Barao Geraldo,CPFL-PAULISTA,33050196000188,DEC,2023,7,0.35000000
2026-10-05,13586,SANTO ANTONIO DA POSSE,ELEKTRO,02328280000197,NumCon,2023,1,9475.00000000
2026-10-05,13817,Campinas 11-Barao Geraldo,CPFL-PAULISTA,33050196000188,DEC,2023,2,0.51000000
2026-10-05,13810,Campinas 12-Cidade Jardim,CPFL-PAULISTA,33050196000188,DEC,2023,3,0.39000000
2026-10-05,13810,Campinas 12-Cidade Jardim,CPFL-PAULISTA,33050196000188,FEC,2023,9,0.20000000
2026-10-05,13809,Campinas 10-Chapadão,CPFL-PAULISTA,33050196000188,DEC,2023,1,0.37000000
2026-10-05,13806,Campinas 8-Viracopos,CPFL-PAULISTA,33050196000188,DEC,2023,11,0.49000000
2026-10-05,13457,ARTUR NOGUEIRA,ELEKTRO,02328280000197,DEC,2023,11,0.69000000
2026-10-05,13817,Campinas 11-Barao Geraldo,CPFL-PAULISTA,33050196000188,NumCon,2023,12,11037.00000000
2026-10-05,13808,Campinas 1-Centro,CPFL-PAULISTA,33050196000188,FEC,2023,6,0.02000000
2026-10-05,13806,Campinas 8-Viracopos,CPFL-PAULISTA,33050196000188,FEC,2023,5,0.31000000
2026-10-05,13457,ARTUR NOGUEIRA,ELEKTRO,02328280000197,DEC,2023,5,0.24000000
2026-10-05,13817,Campinas 11-Barao Geraldo,CPFL-PAULISTA,33050196000188,NumCon,2023,1,11039.00000000
2026-10-05,13830,Sumare 1,CPFL-PAULISTA,33050196000188,FEC,2023,12,0.04000000
2026-10-05,13806,Campinas 8-Viracopos,CPFL-PAULISTA,33050196000188,NumCon,2023,1,20661.00000000
2026-10-05,13806,Campinas 8-Viracopos,CPFL-PAULISTA,33050196000188,FEC,2023,2,0.19000000
2026-10-05,13457,ARTUR NOGUEIRA,ELEKTRO,02328280000197,DEC,2023,10,0.52000000
2026-10-05,13832,Sumare 6-Orquidea,CPFL-PAULISTA,33050196000188,NumCon,2023,12,20953.00000000
2026-10-05,13810,Campinas 12-Cidade Jardim,CPFL-PAULISTA,33050196000188,DEC,2023,6,0.15000000
2026-10-05,16440,Campinas 5-Andorinha,CPFL-PAULISTA,33050196000188,NumCon,2023,10,70129.00000000
2026-10-05,16434,Amparo 1,CPFL-PAULISTA,33050196000188,DEC,2023,11,0.49000000
2026-10-05,13817,Campinas 11-Barao Geraldo,CPFL-PAULISTA,33050196000188,FEC,2023,12,0.20000000
2026-10-05,16440,Campinas 5-Andorinha,CPFL-PAULISTA,33050196000188,NumCon,2023,8,70525.00000000
2026-10-05,13817,Campinas 11-Barao Geraldo,CPFL-PAULISTA,33050196000188,DEC,2023,1,0.29000000
2026-10-05,13586,SANTO ANTONIO DA POSSE,ELEKTRO,02328280000197,FEC,2023,1,0.13000000
2026-10-05,16440,Campinas 5-Andorinha,CPFL-PAULISTA,33050196000188,NumCon,2023,3,70186.00000000
2026-10-05,13793,Nova Odessa 1,CPFL-PAULISTA,33050196000188,NumCon,2023,11,17245.00000000
2026-10-05,13813,Campinas 16-Jardim Marajo,CPFL-PAULISTA,33050196000188,FEC,2023,11,0.26000000
2026-10-05,13586,SANTO ANTONIO DA POSSE,ELEKTRO,02328280000197,NumCon,2023,3,9488.00000000
2026-10-05,13540,MOGI MIRIM UM,ELEKTRO,02328280000197,FEC,2023,10,0.08000000
2026-10-05,16434,Amparo 1,CPFL-PAULISTA,33050196000188,DEC,2023,9,0.74000000
2026-10-05,16440,Campinas 5-Andorinha,CPFL-PAULISTA,33050196000188,NumCon,2023,2,68359.00000000
2026-10-05,13586,SANTO ANTONIO DA POSSE,ELEKTRO,02328280000197,NumCon,2023,10,9544.00000000
2026-10-05,13586,SANTO ANTONIO DA POSSE,ELEKTRO,02328280000197,FEC,2023,6,0.07000000
2026-10-05,16461,Santa Barbara Doeste 1,CPFL-PAULISTA,33050196000188,DEC,2023,4,0.16000000
2026-10-05,13457,ARTUR NOGUEIRA,ELEKTRO,02328280000197,DEC,2023,8,0.31000000
2026-10-05,13806,Campinas 8-Viracopos,CPFL-PAULISTA,33050196000188,DEC,2023,9,0.70000000
2026-10-05,16440,Campinas 5-Andorinha,CPFL-PAULISTA,33050196000188,NumCon,2023,7,70355.00000000
2026-10-05,13813,Campinas 16-Jardim Marajo,CPFL-PAULISTA,33050196000188,DEC,2023,8,0.45000000
2026-10-05,964,PEDREIRA,CPFL JAGUARI,53859112000169,NumCon,2023,2,19938.00000000
2026-10-05,13806,Campinas 8-Viracopos,CPFL-PAULISTA,33050196000188,NumCon,2023,4,20651.00000000
2026-10-05,16461,Santa Barbara Doeste 1,CPFL-PAULISTA,33050196000188,DEC,2023,6,0.25000000
2026-10-05,13822,Americana 2-Campo Verde,CPFL-PAULISTA,33050196000188,FEC,2023,2,0.23000000
2026-10-05,13799,Campinas 2-Souzas,CPFL-PAULISTA,33050196000188,FEC,2023,7,0.22000000
2026-10-05,13817,Campinas 11-Barao Geraldo,CPFL-PAULISTA,33050196000188,DEC,2023,6,0.24000000
2026-10-05,13824,Nova Odessa 2-Fazenda Velha,CPFL-PAULISTA,33050196000188,FEC,2023,9,0.22000000
2026-10-05,16440,Campinas 5-Andorinha,CPFL-PAULISTA,33050196000188,NumCon,2023,12,70351.00000000
2026-10-05,16461,Santa Barbara Doeste 1,CPFL-PAULISTA,33050196000188,FEC,2023,7,0.22000000
2026-10-05,13810,Campinas 12-Cidade Jardim,CPFL-PAULISTA,33050196000188,DEC,2023,2,0.39000000
2026-10-05,16433,Americana 1,CPFL-PAULISTA,33050196000188,NumCon,2023,9,34880.00000000
2026-10-05,13540,MOGI MIRIM UM,ELEKTRO,02328280000197,FEC,2023,2,0.49000000
2026-10-05,13832,Sumare 6-Orquidea,CPFL-PAULISTA,33050196000188,NumCon,2023,4,20746.00000000
2026-10-05,13822,Americana 2-Campo Verde,CPFL-PAULISTA,33050196000188,FEC,2023,1,0.10000000
2026-10-05,13831,Sumare 5-Nova Veneza,CPFL-PAULISTA,33050196000188,FEC,2023,4,0.14000000
2026-10-05,13824,Nova Odessa 2-Fazenda Velha,CPFL-PAULISTA,33050196000188,FEC,2023,11,0.27000000
2026-10-05,13806,Campinas 8-Viracopos,CPFL-PAULISTA,33050196000188,NumCon,2023,3,20691.00000000
2026-10-05,16464,Valinhos 2-Figueira,CPFL-PAULISTA,33050196000188,NumCon,2023,5,24921.00000000
2026-10-05,13831,Sumare 5-Nova Veneza,CPFL-PAULISTA,33050196000188,FEC,2023,11,0.07000000
2026-10-05,13806,Campinas 8-Viracopos,CPFL-PAULISTA,33050196000188,NumCon,2023,2,20362.00000000
2026-10-05,13817,Campinas 11-Barao Geraldo,CPFL-PAULISTA,33050196000188,DEC,2023,10,0.15000000
2026-10-05,13810,Campinas 12-Cidade Jardim,CPFL-PAULISTA,33050196000188,DEC,2023,7,0.06000000
2026-10-05,13813,Campinas 16-Jardim Marajo,CPFL-PAULISTA,33050196000188,DEC,2023,5,0.30000000
2026-10-05,13832,Sumare 6-Orquidea,CPFL-PAULISTA,33050196000188,NumCon,2023,2,20705.00000000
2026-10-05,13831,Sumare 5-Nova Veneza,CPFL-PAULISTA,33050196000188,FEC,2023,10,0.11000000
2026-10-05,16464,Valinhos 2-Figueira,CPFL-PAULISTA,33050196000188,NumCon,2023,4,24437.00000000
2026-10-05,13540,MOGI MIRIM UM,ELEKTRO,02328280000197,FEC,2023,8,0.23000000
2026-10-05,13793,Nova Odessa 1,CPFL-PAULISTA,33050196000188,NumCon,2023,2,17146.00000000
2026-10-05,13817,Campinas 11-Barao Geraldo,CPFL-PAULISTA,33050196000188,NumCon,2023,7,11060.00000000
2026-10-05,13457,ARTUR NOGUEIRA,ELEKTRO,02328280000197,DEC,2023,1,0.48000000
2026-10-05,16441,Campinas 7-Tanquinho,CPFL-PAULISTA,33050196000188,FEC,2023,9,0.17000000
2026-10-05,13811,Campinas 4-Boa Vista,CPFL-PAULISTA,33050196000188,NumCon,2023,7,18506.00000000
2026-10-05,13824,Nova Odessa 2-Fazenda Velha,CPFL-PAULISTA,33050196000188,FEC,2023,7,0.12000000
2026-10-05,13817,Campinas 11-Barao Geraldo,CPFL-PAULISTA,33050196000188,NumCon,2023,8,11089.00000000
2026-10-05,13830,Sumare 1,CPFL-PAULISTA,33050196000188,FEC,2023,9,0.19000000
2026-10-05,13810,Campinas 12-Cidade Jardim,CPFL-PAULISTA,33050196000188,DEC,2023,1,0.13000000
2026-10-05,13831,Sumare 5-Nova Veneza,CPFL-PAULISTA,33050196000188,FEC,2023,9,0.19000000
2026-10-05,16464,Valinhos 2-Figueira,CPFL-PAULISTA,33050196000188,NumCon,2023,10,24902.00000000
2026-10-05,13810,Campinas 12-Cidade Jardim,CPFL-PAULISTA,33050196000188,FEC,2023,5,0.11000000
2026-10-05,13799,Campinas 2-Souzas,CPFL-PAULISTA,33050196000188,FEC,2023,1,0.46000000
2026-10-05,13817,Campinas 11-Barao Geraldo,CPFL-PAULISTA,33050196000188,DEC,2023,11,0.11000000
2026-10-05,13540,MOGI MIRIM UM,ELEKTRO,02328280000197,FEC,2023,6,0.06000000
2026-10-05,13806,Campinas 8-Viracopos,CPFL-PAULISTA,33050196000188,DEC,2023,4,0.11000000
2026-10-05,13811,Campinas 4-Boa Vista,CPFL-PAULISTA,33050196000188,NumCon,2023,8,18530.00000000
2026-10-05,964,PEDREIRA,CPFL JAGUARI,53859112000169,FEC,2023,8,0.13000000
2026-10-05,16464,Valinhos 2-Figueira,CPFL-PAULISTA,33050196000188,DEC,2023,12,0.64000000
2026-10-05,13822,Americana 2-Campo Verde,CPFL-PAULISTA,33050196000188,FEC,2023,4,0.17000000
2026-10-05,16433,Americana 1,CPFL-PAULISTA,33050196000188,NumCon,2023,4,34781.00000000
2026-10-05,13540,MOGI MIRIM UM,ELEKTRO,02328280000197,FEC,2023,1,0.37000000
2026-10-05,13831,Sumare 5-Nova Veneza,CPFL-PAULISTA,33050196000188,FEC,2023,12,0.27000000
2026-10-05,13817,Campinas 11-Barao Geraldo,CPFL-PAULISTA,33050196000188,NumCon,2023,3,10971.00000000
2026-10-05,16452,Monte Mor 1,CPFL-PAULISTA,33050196000188,DEC,2023,9,0.47000000
2026-10-05,16452,Monte Mor 1,CPFL-PAULISTA,33050196000188,DEC,2023,4,0.21000000
2026-10-05,16464,Valinhos 2-Figueira,CPFL-PAULISTA,33050196000188,DEC,2023,1,0.41000000
2026-10-05,16433,Americana 1,CPFL-PAULISTA,33050196000188,NumCon,2023,12,35022.00000000
2026-10-05,16461,Santa Barbara Doeste 1,CPFL-PAULISTA,33050196000188,FEC,2023,9,0.42000000
2026-10-05,16433,Americana 1,CPFL-PAULISTA,33050196000188,NumCon,2023,3,34767.00000000
2026-10-05,13817,Campinas 11-Barao Geraldo,CPFL-PAULISTA,33050196000188,DEC,2023,9,0.24000000
2026-10-05,13457,ARTUR NOGUEIRA,ELEKTRO,02328280000197,DEC,2023,7,0.12000000
2026-10-05,13799,Campinas 2-Souzas,CPFL-PAULISTA,33050196000188,FEC,2023,10,0.30000000
2026-10-05,16433,Americana 1,CPFL-PAULISTA,33050196000188,NumCon,2023,1,34761.00000000
2026-10-05,13832,Sumare 6-Orquidea,CPFL-PAULISTA,33050196000188,FEC,2023,6,0.13000000
2026-10-05,16461,Santa Barbara Doeste 1,CPFL-PAULISTA,33050196000188,DEC,2023,1,0.20000000
2026-10-05,16452,Monte Mor 1,CPFL-PAULISTA,33050196000188,DEC,2023,11,0.43000000
2026-10-05,16464,Valinhos 2-Figueira,CPFL-PAULISTA,33050196000188,DEC,2023,2,0.56000000
2026-10-05,13797,Itatiba 3-Colonial,CPFL-PAULISTA,33050196000188,FEC,2023,8,0.14000000
2026-10-05,16464,Valinhos 2-Figueira,CPFL-PAULISTA,33050196000188,DEC,2023,7,0.34000000
2026-10-05,16461,Santa Barbara Doeste 1,CPFL-PAULISTA,33050196000188,FEC,2023,11,0.31000000
2026-10-05,13832,Sumare 6-Orquidea,CPFL-PAULISTA,33050196000188,FEC,2023,3,0.22000000
2026-10-05,16433,Americana 1,CPFL-PAULISTA,33050196000188,NumCon,2023,7,34853.00000000
2026-10-05,13806,Campinas 8-Viracopos,CPFL-PAULISTA,33050196000188,NumCon,2023,10,20690.00000000
2026-10-05,16433,Americana 1,CPFL-PAULISTA,33050196000188,NumCon,2023,8,34973.00000000
2026-10-05,13817,Campinas 11-Barao Geraldo,CPFL-PAULISTA,33050196000188,DEC,2023,12,0.38000000
2026-10-05,964,PEDREIRA,CPFL JAGUARI,53859112000169,FEC,2023,1,0.44000000
2026-10-05,13797,Itatiba 3-Colonial,CPFL-PAULISTA,33050196000188,FEC,2023,10,0.31000000
2026-10-05,16452,Monte Mor 1,CPFL-PAULISTA,33050196000188,DEC,2023,1,0.52000000
2026-10-05,16464,Valinhos 2-Figueira,CPFL-PAULISTA,33050196000188,NumCon,2023,12,24438.00000000
2026-10-05,13810,Campinas 12-Cidade Jardim,CPFL-PAULISTA,33050196000188,DEC,2023,12,0.24000000
2026-10-05,16464,Valinhos 2-Figueira,CPFL-PAULISTA,33050196000188,DEC,2023,8,0.65000000
2026-10-05,2922,JAGUARIUNA,CPFL JAGUARI,53859112000169,DEC,2023,7,0.18000000
2026-10-05,16464,Valinhos 2-Figueira,CPFL-PAULISTA,33050196000188,DEC,2023,9,0.91000000
2026-10-05,16433,Americana 1,CPFL-PAULISTA,33050196000188,NumCon,2023,5,34817.00000000
2026-10-05,13457,ARTUR NOGUEIRA,ELEKTRO,02328280000197,DEC,2023,3,0.84000000
2026-10-05,13817,Campinas 11-Barao Geraldo,CPFL-PAULISTA,33050196000188,DEC,2023,4,0.11000000
2026-10-05,16433,Americana 1,CPFL-PAULISTA,33050196000188,NumCon,2023,2,34759.00000000
2026-10-05,2922,JAGUARIUNA,CPFL JAGUARI,53859112000169,DEC,2023,4,0.19000000
2026-10-05,13540,MOGI MIRIM UM,ELEKTRO,02328280000197,FEC,2023,12,0.15000000
2026-10-05,16452,Monte Mor 1,CPFL-PAULISTA,33050196000188,DEC,2023,5,0.23000000
2026-10-05,13540,MOGI MIRIM UM,ELEKTRO,02328280000197,FEC,2023,3,0.26000000
2026-10-05,16461,Santa Barbara Doeste 1,CPFL-PAULISTA,33050196000188,DEC,2023,12,0.36000000
2026-10-05,13817,Campinas 11-Barao Geraldo,CPFL-PAULISTA,33050196000188,DEC,2023,3,0.12000000
2026-10-05,964,PEDREIRA,CPFL JAGUARI,53859112000169,FEC,2023,11,0.60000000
2026-10-05,16452,Monte Mor 1,CPFL-PAULISTA,33050196000188,DEC,2023,8,0.52000000
2026-10-05,13813,Campinas 16-Jardim Marajo,CPFL-PAULISTA,33050196000188,DEC,2023,4,0.27000000
2026-10-05,13812,Campinas 14-Bandeirantes,CPFL-PAULISTA,33050196000188,NumCon,2023,5,38006.00000000
2026-10-05,2922,JAGUARIUNA,CPFL JAGUARI,53859112000169,DEC,2023,3,0.38000000
2026-10-05,13808,Campinas 1-Centro,CPFL-PAULISTA,33050196000188,FEC,2023,8,0.03000000
2026-10-05,16461,Santa Barbara Doeste 1,CPFL-PAULISTA,33050196000188,DEC,2023,5,0.30000000
2026-10-05,2922,JAGUARIUNA,CPFL JAGUARI,53859112000169,DEC,2023,2,0.35000000
2026-10-05,16464,Valinhos 2-Figueira,CPFL-PAULISTA,33050196000188,DEC,2023,5,0.50000000
2026-10-05,16452,Monte Mor 1,CPFL-PAULISTA,33050196000188,DEC,2023,7,0.50000000
2026-10-05,16452,Monte Mor 1,CPFL-PAULISTA,33050196000188,DEC,2023,6,0.45000000
2026-10-05,2922,JAGUARIUNA,CPFL JAGUARI,53859112000169,DEC,2023,12,0.17000000
2026-10-05,13540,MOGI MIRIM UM,ELEKTRO,02328280000197,FEC,2023,5,0.29000000
2026-10-05,13797,Itatiba 3-Colonial,CPFL-PAULISTA,33050196000188,FEC,2023,3,0.22000000
2026-10-05,16452,Monte Mor 1,CPFL-PAULISTA,33050196000188,NumCon,2023,10,26991.00000000
2026-10-05,16452,Monte Mor 1,CPFL-PAULISTA,33050196000188,DEC,2023,2,0.45000000
2026-10-05,13806,Campinas 8-Viracopos,CPFL-PAULISTA,33050196000188,NumCon,2023,11,20647.00000000
2026-10-05,16464,Valinhos 2-Figueira,CPFL-PAULISTA,33050196000188,DEC,2023,6,0.39000000
2026-10-05,2922,JAGUARIUNA,CPFL JAGUARI,53859112000169,DEC,2023,8,0.27000000
2026-10-05,13457,ARTUR NOGUEIRA,ELEKTRO,02328280000197,DEC,2023,12,0.50000000
2026-10-05,13802,Valinhos 1,CPFL-PAULISTA,33050196000188,DEC,2023,7,0.34000000
2026-10-05,13810,Campinas 12-Cidade Jardim,CPFL-PAULISTA,33050196000188,DEC,2023,5,0.23000000
2026-10-05,16452,Monte Mor 1,CPFL-PAULISTA,33050196000188,DEC,2023,3,0.36000000
2026-10-05,16464,Valinhos 2-Figueira,CPFL-PAULISTA,33050196000188,NumCon,2023,2,23322.00000000
2026-10-05,13813,Campinas 16-Jardim Marajo,CPFL-PAULISTA,33050196000188,DEC,2023,11,0.50000000
2026-10-05,13808,Campinas 1-Centro,CPFL-PAULISTA,33050196000188,FEC,2023,9,0.09000000
2026-10-05,2922,JAGUARIUNA,CPFL JAGUARI,53859112000169,DEC,2023,1,0.72000000
2026-10-05,964,PEDREIRA,CPFL JAGUARI,53859112000169,FEC,2023,12,0.31000000
2026-10-05,13808,Campinas 1-Centro,CPFL-PAULISTA,33050196000188,FEC,2023,7,0.04000000
2026-10-05,13540,MOGI MIRIM UM,ELEKTRO,02328280000197,FEC,2023,11,0.23000000
2026-10-05,16452,Monte Mor 1,CPFL-PAULISTA,33050196000188,NumCon,2023,4,26686.00000000
2026-10-05,13809,Campinas 10-Chapadão,CPFL-PAULISTA,33050196000188,DEC,2023,12,0.85000000
2026-10-05,16464,Valinhos 2-Figueira,CPFL-PAULISTA,33050196000188,NumCon,2023,3,24963.00000000
2026-10-05,16464,Valinhos 2-Figueira,CPFL-PAULISTA,33050196000188,NumCon,2023,8,25015.00000000
2026-10-05,13830,Sumare 1,CPFL-PAULISTA,33050196000188,FEC,2023,10,0.26000000
2026-10-05,13822,Americana 2-Campo Verde,CPFL-PAULISTA,33050196000188,FEC,2023,8,0.20000000
2026-10-05,13813,Campinas 16-Jardim Marajo,CPFL-PAULISTA,33050196000188,DEC,2023,12,0.42000000
2026-10-05,16464,Valinhos 2-Figueira,CPFL-PAULISTA,33050196000188,NumCon,2023,7,24954.00000000
2026-10-05,13811,Campinas 4-Boa Vista,CPFL-PAULISTA,33050196000188,NumCon,2023,3,18502.00000000
2026-10-05,13808,Campinas 1-Centro,CPFL-PAULISTA,33050196000188,FEC,2023,5,0.18000000
2026-10-05,964,PEDREIRA,CPFL JAGUARI,53859112000169,FEC,2023,4,0.19000000
2026-10-05,13802,Valinhos 1,CPFL-PAULISTA,33050196000188,DEC,2023,6,0.24000000
2026-10-05,16464,Valinhos 2-Figueira,CPFL-PAULISTA,33050196000188,DEC,2023,3,1.01000000
2026-10-05,13813,Campinas 16-Jardim Marajo,CPFL-PAULISTA,33050196000188,DEC,2023,7,0.31000000
2026-10-05,13540,MOGI MIRIM UM,ELEKTRO,02328280000197,FEC,2023,9,0.16000000
2026-10-05,13810,Campinas 12-Cidade Jardim,CPFL-PAULISTA,33050196000188,DEC,2023,11,0.27000000
2026-10-05,13813,Campinas 16-Jardim Marajo,CPFL-PAULISTA,33050196000188,DEC,2023,2,0.33000000
2026-10-05,16461,Santa Barbara Doeste 1,CPFL-PAULISTA,33050196000188,DEC,2023,10,0.23000000
2026-10-05,13797,Itatiba 3-Colonial,CPFL-PAULISTA,33050196000188,FEC,2023,6,0.26000000
2026-10-05,13797,Itatiba 3-Colonial,CPFL-PAULISTA,33050196000188,FEC,2023,5,0.35000000
2026-10-05,13586,SANTO ANTONIO DA POSSE,ELEKTRO,02328280000197,FEC,2023,10,0.11000000
2026-10-05,16464,Valinhos 2-Figueira,CPFL-PAULISTA,33050196000188,DEC,2023,11,0.52000000
2026-10-05,964,PEDREIRA,CPFL JAGUARI,53859112000169,FEC,2023,7,0.08000000
2026-10-05,13799,Campinas 2-Souzas,CPFL-PAULISTA,33050196000188,FEC,2023,5,0.21000000
2026-10-05,2922,JAGUARIUNA,CPFL JAGUARI,53859112000169,DEC,2023,5,0.14000000
2026-10-05,13810,Campinas 12-Cidade Jardim,CPFL-PAULISTA,33050196000188,DEC,2023,8,0.29000000
2026-10-05,13830,Sumare 1,CPFL-PAULISTA,33050196000188,FEC,2023,7,0.09000000
2026-10-05,13831,Sumare 5-Nova Veneza,CPFL-PAULISTA,33050196000188,FEC,2023,1,0.13000000
2026-10-05,2922,JAGUARIUNA,CPFL JAGUARI,53859112000169,DEC,2023,11,0.47000000
2026-10-05,13811,Campinas 4-Boa Vista,CPFL-PAULISTA,33050196000188,NumCon,2023,1,18477.00000000
2026-10-05,13831,Sumare 5-Nova Veneza,CPFL-PAULISTA,33050196000188,FEC,2023,6,0.11000000
2026-10-05,13586,SANTO ANTONIO DA POSSE,ELEKTRO,02328280000197,FEC,2023,2,0.39000000
2026-10-05,13808,Campinas 1-Centro,CPFL-PAULISTA,33050196000188,FEC,2023,11,0.10000000
2026-10-05,13799,Campinas 2-Souzas,CPFL-PAULISTA,33050196000188,FEC,2023,12,0.34000000
2026-10-05,2922,JAGUARIUNA,CPFL JAGUARI,53859112000169,DEC,2023,9,0.39000000
2026-10-05,16452,Monte Mor 1,CPFL-PAULISTA,33050196000188,DEC,2023,10,0.54000000
2026-10-05,13813,Campinas 16-Jardim Marajo,CPFL-PAULISTA,33050196000188,DEC,2023,1,0.39000000
2026-10-05,13806,Campinas 8-Viracopos,CPFL-PAULISTA,33050196000188,FEC,2023,8,0.41000000
2026-10-05,13586,SANTO ANTONIO DA POSSE,ELEKTRO,02328280000197,FEC,2023,8,0.16000000
2026-10-05,13809,Campinas 10-Chapadão,CPFL-PAULISTA,33050196000188,DEC,2023,9,0.11000000
2026-10-05,13813,Campinas 16-Jardim Marajo,CPFL-PAULISTA,33050196000188,DEC,2023,3,0.40000000
2026-10-05,13540,MOGI MIRIM UM,ELEKTRO,02328280000197,FEC,2023,7,0.27000000
2026-10-05,13806,Campinas 8-Viracopos,CPFL-PAULISTA,33050196000188,NumCon,2023,6,20774.00000000
2026-10-05,13813,Campinas 16-Jardim Marajo,CPFL-PAULISTA,33050196000188,DEC,2023,10,0.82000000
2026-10-05,13812,Campinas 14-Bandeirantes,CPFL-PAULISTA,33050196000188,NumCon,2023,9,38019.00000000
2026-10-05,16464,Valinhos 2-Figueira,CPFL-PAULISTA,33050196000188,DEC,2023,10,0.42000000
2026-10-05,13824,Nova Odessa 2-Fazenda Velha,CPFL-PAULISTA,33050196000188,FEC,2023,5,0.11000000
2026-10-05,13797,Itatiba 3-Colonial,CPFL-PAULISTA,33050196000188,FEC,2023,9,0.38000000
2026-10-05,964,PEDREIRA,CPFL JAGUARI,53859112000169,FEC,2023,2,0.26000000
2026-10-05,13817,Campinas 11-Barao Geraldo,CPFL-PAULISTA,33050196000188,DEC,2023,8,0.04000000
2026-10-05,13831,Sumare 5-Nova Veneza,CPFL-PAULISTA,33050196000188,FEC,2023,5,0.14000000
2026-10-05,964,PEDREIRA,CPFL JAGUARI,53859112000169,FEC,2023,3,0.50000000
2026-10-05,13806,Campinas 8-Viracopos,CPFL-PAULISTA,33050196000188,NumCon,2023,9,20732.00000000
2026-10-05,16452,Monte Mor 1,CPFL-PAULISTA,33050196000188,NumCon,2023,3,26648.00000000
2026-10-05,13806,Campinas 8-Viracopos,CPFL-PAULISTA,33050196000188,FEC,2023,6,0.05000000
2026-10-05,16464,Valinhos 2-Figueira,CPFL-PAULISTA,33050196000188,DEC,2023,4,0.37000000
2026-10-05,13800,Campinas 9-Paineiras,CPFL-PAULISTA,33050196000188,NumCon,2023,9,28073.00000000
2026-10-05,13831,Sumare 5-Nova Veneza,CPFL-PAULISTA,33050196000188,FEC,2023,7,0.52000000
2026-10-05,13817,Campinas 11-Barao Geraldo,CPFL-PAULISTA,33050196000188,NumCon,2023,6,11110.00000000
2026-10-05,16434,Amparo 1,CPFL-PAULISTA,33050196000188,DEC,2023,4,0.42000000
2026-10-05,13822,Americana 2-Campo Verde,CPFL-PAULISTA,33050196000188,FEC,2023,7,0.14000000
2026-10-05,16433,Americana 1,CPFL-PAULISTA,33050196000188,DEC,2023,9,0.24000000
2026-10-05,13457,ARTUR NOGUEIRA,ELEKTRO,02328280000197,DEC,2023,9,0.38000000
2026-10-05,2922,JAGUARIUNA,CPFL JAGUARI,53859112000169,DEC,2023,6,0.08000000
2026-10-05,13808,Campinas 1-Centro,CPFL-PAULISTA,33050196000188,FEC,2023,10,0.10000000
2026-10-05,13831,Sumare 5-Nova Veneza,CPFL-PAULISTA,33050196000188,FEC,2023,8,0.16000000
2026-10-05,16452,Monte Mor 1,CPFL-PAULISTA,33050196000188,DEC,2023,12,0.47000000
2026-10-05,964,PEDREIRA,CPFL JAGUARI,53859112000169,FEC,2023,5,0.21000000
2026-10-05,13840,Capivari 1,CPFL-PAULISTA,33050196000188,NumCon,2023,10,26955.00000000
2026-10-05,13810,Campinas 12-Cidade Jardim,CPFL-PAULISTA,33050196000188,DEC,2023,9,0.21000000
2026-10-05,16433,Americana 1,CPFL-PAULISTA,33050196000188,DEC,2023,8,0.30000000
2026-10-05,13813,Campinas 16-Jardim Marajo,CPFL-PAULISTA,33050196000188,DEC,2023,9,0.45000000
2026-10-05,13833,Sumare 2-Tres M,CPFL-PAULISTA,33050196000188,FEC,2023,6,0.18000000
2026-10-05,964,PEDREIRA,CPFL JAGUARI,53859112000169,FEC,2023,6,0.03000000
2026-10-05,13832,Sumare 6-Orquidea,CPFL-PAULISTA,33050196000188,NumCon,2023,5,20751.00000000
2026-10-05,13824,Nova Odessa 2-Fazenda Velha,CPFL-PAULISTA,33050196000188,FEC,2023,6,0.05000000
2026-10-05,13802,Valinhos 1,CPFL-PAULISTA,33050196000188,DEC,2023,10,0.49000000
2026-10-05,13835,Sumare 3-Quilombo,CPFL-PAULISTA,33050196000188,FEC,2023,2,0.13000000
2026-10-05,13840,Capivari 1,CPFL-PAULISTA,33050196000188,NumCon,2023,4,26664.00000000
2026-10-05,13813,Campinas 16-Jardim Marajo,CPFL-PAULISTA,33050196000188,NumCon,2023,1,61164.00000000
2026-10-05,13822,Americana 2-Campo Verde,CPFL-PAULISTA,33050196000188,FEC,2023,11,0.06000000
2026-10-05,13822,Americana 2-Campo Verde,CPFL-PAULISTA,33050196000188,FEC,2023,6,0.09000000
2026-10-05,13817,Campinas 11-Barao Geraldo,CPFL-PAULISTA,33050196000188,DEC,2023,5,0.10000000
2026-10-05,2922,JAGUARIUNA,CPFL JAGUARI,53859112000169,DEC,2023,10,0.48000000
2026-10-05,13811,Campinas 4-Boa Vista,CPFL-PAULISTA,33050196000188,NumCon,2023,5,18472.00000000
2026-10-05,13822,Americana 2-Campo Verde,CPFL-PAULISTA,33050196000188,FEC,2023,9,0.07000000
2026-10-05,13806,Campinas 8-Viracopos,CPFL-PAULISTA,33050196000188,FEC,2023,3,0.28000000
2026-10-05,13586,SANTO ANTONIO DA POSSE,ELEKTRO,02328280000197,FEC,2023,4,0.13000000
2026-10-05,13840,Capivari 1,CPFL-PAULISTA,33050196000188,NumCon,2023,2,26569.00000000
2026-10-05,964,PEDREIRA,CPFL JAGUARI,53859112000169,FEC,2023,9,0.09000000
2026-10-05,13813,Campinas 16-Jardim Marajo,CPFL-PAULISTA,33050196000188,DEC,2023,6,0.30000000
2026-10-05,16461,Santa Barbara Doeste 1,CPFL-PAULISTA,33050196000188,DEC,2023,11,0.36000000
2026-10-05,16452,Monte Mor 1,CPFL-PAULISTA,33050196000188,NumCon,2023,7,26840.00000000
2026-10-05,16434,Amparo 1,CPFL-PAULISTA,33050196000188,DEC,2023,12,0.40000000
2026-10-05,13822,Americana 2-Campo Verde,CPFL-PAULISTA,33050196000188,FEC,2023,5,1.04000000
2026-10-05,13831,Sumare 5-Nova Veneza,CPFL-PAULISTA,33050196000188,FEC,2023,3,0.40000000
2026-10-05,13809,Campinas 10-Chapadão,CPFL-PAULISTA,33050196000188,DEC,2023,7,0.22000000
2026-10-05,16452,Monte Mor 1,CPFL-PAULISTA,33050196000188,NumCon,2023,8,26861.00000000
2026-10-05,13832,Sumare 6-Orquidea,CPFL-PAULISTA,33050196000188,FEC,2023,8,0.09000000
2026-10-05,13457,ARTUR NOGUEIRA,ELEKTRO,02328280000197,DEC,2023,4,0.65000000
2026-10-05,16461,Santa Barbara Doeste 1,CPFL-PAULISTA,33050196000188,FEC,2023,5,0.41000000
2026-10-05,13813,Campinas 16-Jardim Marajo,CPFL-PAULISTA,33050196000188,NumCon,2023,11,61557.00000000
2026-10-05,16434,Amparo 1,CPFL-PAULISTA,33050196000188,DEC,2023,10,0.56000000
2026-10-05,16452,Monte Mor 1,CPFL-PAULISTA,33050196000188,NumCon,2023,2,26562.00000000
2026-10-05,13457,ARTUR NOGUEIRA,ELEKTRO,02328280000197,DEC,2023,2,0.65000000
2026-10-05,13809,Campinas 10-Chapadão,CPFL-PAULISTA,33050196000188,DEC,2023,2,0.31000000
2026-10-05,13824,Nova Odessa 2-Fazenda Velha,CPFL-PAULISTA,33050196000188,FEC,2023,10,0.10000000
2026-10-05,13586,SANTO ANTONIO DA POSSE,ELEKTRO,02328280000197,FEC,2023,11,0.43000000
2026-10-05,16434,Amparo 1,CPFL-PAULISTA,33050196000188,DEC,2023,3,0.52000000
2026-10-05,13811,Campinas 4-Boa Vista,CPFL-PAULISTA,33050196000188,NumCon,2023,6,18507.00000000
2026-10-05,13833,Sumare 2-Tres M,CPFL-PAULISTA,33050196000188,FEC,2023,8,1.06000000
2026-10-05,13806,Campinas 8-Viracopos,CPFL-PAULISTA,33050196000188,DEC,2023,7,0.83000000
2026-10-05,13810,Campinas 12-Cidade Jardim,CPFL-PAULISTA,33050196000188,DEC,2023,10,0.08000000
2026-10-05,13808,Campinas 1-Centro,CPFL-PAULISTA,33050196000188,FEC,2023,3,0.14000000
2026-10-05,16461,Santa Barbara Doeste 1,CPFL-PAULISTA,33050196000188,FEC,2023,1,0.16000000
2026-10-05,16461,Santa Barbara Doeste 1,CPFL-PAULISTA,33050196000188,DEC,2023,3,0.21000000
2026-10-05,16434,Amparo 1,CPFL-PAULISTA,33050196000188,DEC,2023,8,0.38000000
2026-10-05,13811,Campinas 4-Boa Vista,CPFL-PAULISTA,33050196000188,NumCon,2023,12,18548.00000000
2026-10-05,16461,Santa Barbara Doeste 1,CPFL-PAULISTA,33050196000188,FEC,2023,3,0.16000000
2026-10-05,13832,Sumare 6-Orquidea,CPFL-PAULISTA,33050196000188,NumCon,2023,1,20692.00000000
2026-10-05,13813,Campinas 16-Jardim Marajo,CPFL-PAULISTA,33050196000188,NumCon,2023,6,61546.00000000
2026-10-05,16464,Valinhos 2-Figueira,CPFL-PAULISTA,33050196000188,FEC,2023,8,0.44000000
2026-10-05,13835,Sumare 3-Quilombo,CPFL-PAULISTA,33050196000188,FEC,2023,12,0.14000000
2026-10-05,13822,Americana 2-Campo Verde,CPFL-PAULISTA,33050196000188,FEC,2023,12,0.16000000
2026-10-05,13802,Valinhos 1,CPFL-PAULISTA,33050196000188,DEC,2023,2,0.61000000
2026-10-05,13817,Campinas 11-Barao Geraldo,CPFL-PAULISTA,33050196000188,NumCon,2023,10,11009.00000000
2026-10-05,13811,Campinas 4-Boa Vista,CPFL-PAULISTA,33050196000188,NumCon,2023,4,18482.00000000
2026-10-05,13824,Nova Odessa 2-Fazenda Velha,CPFL-PAULISTA,33050196000188,FEC,2023,2,0.06000000
2026-10-05,13806,Campinas 8-Viracopos,CPFL-PAULISTA,33050196000188,FEC,2023,10,0.54000000
2026-10-05,13824,Nova Odessa 2-Fazenda Velha,CPFL-PAULISTA,33050196000188,DEC,2023,7,0.20000000
2026-10-05,13812,Campinas 14-Bandeirantes,CPFL-PAULISTA,33050196000188,NumCon,2023,11,38089.00000000
2026-10-05,13824,Nova Odessa 2-Fazenda Velha,CPFL-PAULISTA,33050196000188,DEC,2023,6,0.13000000
2026-10-05,13830,Sumare 1,CPFL-PAULISTA,33050196000188,FEC,2023,5,0.05000000
2026-10-05,16461,Santa Barbara Doeste 1,CPFL-PAULISTA,33050196000188,FEC,2023,2,0.41000000
2026-10-05,13806,Campinas 8-Viracopos,CPFL-PAULISTA,33050196000188,DEC,2023,3,0.32000000
2026-10-05,13811,Campinas 4-Boa Vista,CPFL-PAULISTA,33050196000188,NumCon,2023,11,18450.00000000
2026-10-05,13824,Nova Odessa 2-Fazenda Velha,CPFL-PAULISTA,33050196000188,FEC,2023,1,0.17000000
2026-10-05,16452,Monte Mor 1,CPFL-PAULISTA,33050196000188,NumCon,2023,5,26712.00000000
2026-10-05,13824,Nova Odessa 2-Fazenda Velha,CPFL-PAULISTA,33050196000188,FEC,2023,12,0.05000000
2026-10-05,13802,Valinhos 1,CPFL-PAULISTA,33050196000188,DEC,2023,3,0.24000000
2026-10-05,13799,Campinas 2-Souzas,CPFL-PAULISTA,33050196000188,FEC,2023,9,0.27000000
2026-10-05,13811,Campinas 4-Boa Vista,CPFL-PAULISTA,33050196000188,NumCon,2023,2,18374.00000000
2026-10-05,13586,SANTO ANTONIO DA POSSE,ELEKTRO,02328280000197,FEC,2023,3,0.63000000
2026-10-05,13820,Cosmopolis 1,CPFL-PAULISTA,33050196000188,FEC,2023,7,0.08000000
2026-10-05,13835,Sumare 3-Quilombo,CPFL-PAULISTA,33050196000188,FEC,2023,4,0.14000000
2026-10-05,13820,Cosmopolis 1,CPFL-PAULISTA,33050196000188,DEC,2023,11,0.39000000
2026-10-05,13832,Sumare 6-Orquidea,CPFL-PAULISTA,33050196000188,NumCon,2023,8,20945.00000000
2026-10-05,13586,SANTO ANTONIO DA POSSE,ELEKTRO,02328280000197,FEC,2023,12,0.21000000
2026-10-05,16461,Santa Barbara Doeste 1,CPFL-PAULISTA,33050196000188,FEC,2023,4,0.11000000
2026-10-05,13806,Campinas 8-Viracopos,CPFL-PAULISTA,33050196000188,DEC,2023,12,0.82000000
2026-10-05,16433,Americana 1,CPFL-PAULISTA,33050196000188,DEC,2023,12,0.18000000
2026-10-05,16433,Americana 1,CPFL-PAULISTA,33050196000188,DEC,2023,2,0.25000000
2026-10-05,13586,SANTO ANTONIO DA POSSE,ELEKTRO,02328280000197,NumCon,2023,7,9531.00000000
2026-10-05,13832,Sumare 6-Orquidea,CPFL-PAULISTA,33050196000188,NumCon,2023,7,21051.00000000
2026-10-05,13824,Nova Odessa 2-Fazenda Velha,CPFL-PAULISTA,33050196000188,DEC,2023,2,0.21000000
2026-10-05,13840,Capivari 1,CPFL-PAULISTA,33050196000188,NumCon,2023,3,26629.00000000
2026-10-05,16433,Americana 1,CPFL-PAULISTA,33050196000188,DEC,2023,1,0.37000000
2026-10-05,13806,Campinas 8-Viracopos,CPFL-PAULISTA,33050196000188,DEC,2023,10,1.16000000
2026-10-05,16434,Amparo 1,CPFL-PAULISTA,33050196000188,DEC,2023,1,0.60000000
2026-10-05,16452,Monte Mor 1,CPFL-PAULISTA,33050196000188,NumCon,2023,9,26952.00000000
2026-10-05,13824,Nova Odessa 2-Fazenda Velha,CPFL-PAULISTA,33050196000188,DEC,2023,12,0.11000000
2026-10-05,13811,Campinas 4-Boa Vista,CPFL-PAULISTA,33050196000188,NumCon,2023,10,18463.00000000
2026-10-05,16461,Santa Barbara Doeste 1,CPFL-PAULISTA,33050196000188,FEC,2023,12,0.25000000
2026-10-05,13817,Campinas 11-Barao Geraldo,CPFL-PAULISTA,33050196000188,NumCon,2023,4,11027.00000000
2026-10-05,13797,Itatiba 3-Colonial,CPFL-PAULISTA,33050196000188,NumCon,2023,11,34947.00000000
2026-10-05,13797,Itatiba 3-Colonial,CPFL-PAULISTA,33050196000188,NumCon,2023,6,34775.00000000
2026-10-05,13840,Capivari 1,CPFL-PAULISTA,33050196000188,NumCon,2023,12,27019.00000000
2026-10-05,13837,Hortolandia 2-Morro Azul,CPFL-PAULISTA,33050196000188,DEC,2023,7,0.26000000
2026-10-05,13837,Hortolandia 2-Morro Azul,CPFL-PAULISTA,33050196000188,DEC,2023,2,0.59000000
2026-10-05,13824,Nova Odessa 2-Fazenda Velha,CPFL-PAULISTA,33050196000188,DEC,2023,5,0.09000000
2026-10-05,13802,Valinhos 1,CPFL-PAULISTA,33050196000188,DEC,2023,4,0.45000000
2026-10-05,13835,Sumare 3-Quilombo,CPFL-PAULISTA,33050196000188,NumCon,2023,10,30036.00000000
2026-10-05,13806,Campinas 8-Viracopos,CPFL-PAULISTA,33050196000188,DEC,2023,1,0.18000000
2026-10-05,13820,Cosmopolis 1,CPFL-PAULISTA,33050196000188,FEC,2023,9,0.42000000
2026-10-05,16433,Americana 1,CPFL-PAULISTA,33050196000188,DEC,2023,6,0.09000000
2026-10-05,13826,Americana 4-Jardim,CPFL-PAULISTA,33050196000188,DEC,2023,1,0.14000000
2026-10-05,13806,Campinas 8-Viracopos,CPFL-PAULISTA,33050196000188,FEC,2023,4,0.07000000
2026-10-05,13837,Hortolandia 2-Morro Azul,CPFL-PAULISTA,33050196000188,NumCon,2023,2,31445.00000000
2026-10-05,13835,Sumare 3-Quilombo,CPFL-PAULISTA,33050196000188,FEC,2023,10,0.17000000
2026-10-05,13841,Rio das Pedras 1,CPFL-PAULISTA,33050196000188,FEC,2023,10,0.23000000
2026-10-05,13837,Hortolandia 2-Morro Azul,CPFL-PAULISTA,33050196000188,NumCon,2023,4,31519.00000000
2026-10-05,13824,Nova Odessa 2-Fazenda Velha,CPFL-PAULISTA,33050196000188,DEC,2023,10,0.29000000
2026-10-05,13841,Rio das Pedras 1,CPFL-PAULISTA,33050196000188,NumCon,2023,12,12863.00000000
2026-10-05,13835,Sumare 3-Quilombo,CPFL-PAULISTA,33050196000188,NumCon,2023,3,30165.00000000
2026-10-05,16433,Americana 1,CPFL-PAULISTA,33050196000188,DEC,2023,7,0.17000000
2026-10-05,13835,Sumare 3-Quilombo,CPFL-PAULISTA,33050196000188,NumCon,2023,8,30206.00000000
2026-10-05,13837,Hortolandia 2-Morro Azul,CPFL-PAULISTA,33050196000188,NumCon,2023,12,32084.00000000
2026-10-05,16434,Amparo 1,CPFL-PAULISTA,33050196000188,DEC,2023,2,0.72000000
2026-10-05,13824,Nova Odessa 2-Fazenda Velha,CPFL-PAULISTA,33050196000188,DEC,2023,3,0.42000000
2026-10-05,13807,Campinas 6-Taquaral,CPFL-PAULISTA,33050196000188,FEC,2023,12,0.14000000
2026-10-05,13832,Sumare 6-Orquidea,CPFL-PAULISTA,33050196000188,NumCon,2023,3,20729.00000000
2026-10-05,16434,Amparo 1,CPFL-PAULISTA,33050196000188,DEC,2023,7,0.30000000
2026-10-05,13807,Campinas 6-Taquaral,CPFL-PAULISTA,33050196000188,FEC,2023,1,0.10000000
2026-10-05,13805,Campinas 3-Trevo,CPFL-PAULISTA,33050196000188,NumCon,2023,9,42009.00000000
2026-10-05,13806,Campinas 8-Viracopos,CPFL-PAULISTA,33050196000188,DEC,2023,6,0.11000000
2026-10-05,13837,Hortolandia 2-Morro Azul,CPFL-PAULISTA,33050196000188,NumCon,2023,3,31506.00000000
2026-10-05,13808,Campinas 1-Centro,CPFL-PAULISTA,33050196000188,NumCon,2023,11,62344.00000000
2026-10-05,13840,Capivari 1,CPFL-PAULISTA,33050196000188,NumCon,2023,8,26874.00000000
2026-10-05,13820,Cosmopolis 1,CPFL-PAULISTA,33050196000188,DEC,2023,9,0.46000000
2026-10-05,13834,Sumare 4-Nova Aparecida,CPFL-PAULISTA,33050196000188,FEC,2023,11,0.38000000
2026-10-05,13841,Rio das Pedras 1,CPFL-PAULISTA,33050196000188,FEC,2023,2,0.01000000
2026-10-05,13837,Hortolandia 2-Morro Azul,CPFL-PAULISTA,33050196000188,NumCon,2023,8,31810.00000000
2026-10-05,13834,Sumare 4-Nova Aparecida,CPFL-PAULISTA,33050196000188,FEC,2023,4,0.17000000
2026-10-05,13834,Sumare 4-Nova Aparecida,CPFL-PAULISTA,33050196000188,FEC,2023,10,0.21000000
2026-10-05,13837,Hortolandia 2-Morro Azul,CPFL-PAULISTA,33050196000188,DEC,2023,1,0.08000000
2026-10-05,13824,Nova Odessa 2-Fazenda Velha,CPFL-PAULISTA,33050196000188,DEC,2023,11,0.33000000
2026-10-05,16433,Americana 1,CPFL-PAULISTA,33050196000188,DEC,2023,5,0.22000000
2026-10-05,2922,JAGUARIUNA,CPFL JAGUARI,53859112000169,FEC,2023,5,0.08000000
2026-10-05,13810,Campinas 12-Cidade Jardim,CPFL-PAULISTA,33050196000188,NumCon,2023,10,42369.00000000
2026-10-05,16434,Amparo 1,CPFL-PAULISTA,33050196000188,DEC,2023,5,0.22000000
2026-10-05,16434,Amparo 1,CPFL-PAULISTA,33050196000188,DEC,2023,6,0.59000000
2026-10-05,13808,Campinas 1-Centro,CPFL-PAULISTA,33050196000188,NumCon,2023,6,62496.00000000
2026-10-05,13806,Campinas 8-Viracopos,CPFL-PAULISTA,33050196000188,DEC,2023,2,0.35000000
2026-10-05,13814,Campinas 15-Dic,CPFL-PAULISTA,33050196000188,NumCon,2023,4,28905.00000000
2026-10-05,13836,Hortolandia 1,CPFL-PAULISTA,33050196000188,FEC,2023,5,0.14000000
2026-10-05,13826,Americana 4-Jardim,CPFL-PAULISTA,33050196000188,DEC,2023,7,0.20000000
2026-10-05,13837,Hortolandia 2-Morro Azul,CPFL-PAULISTA,33050196000188,NumCon,2023,9,31730.00000000
2026-10-05,13836,Hortolandia 1,CPFL-PAULISTA,33050196000188,FEC,2023,7,0.21000000
2026-10-05,13810,Campinas 12-Cidade Jardim,CPFL-PAULISTA,33050196000188,NumCon,2023,4,42033.00000000
2026-10-05,13812,Campinas 14-Bandeirantes,CPFL-PAULISTA,33050196000188,NumCon,2023,4,37640.00000000
2026-10-05,13814,Campinas 15-Dic,CPFL-PAULISTA,33050196000188,FEC,2023,8,0.68000000
2026-10-05,13835,Sumare 3-Quilombo,CPFL-PAULISTA,33050196000188,NumCon,2023,7,30143.00000000
2026-10-05,13805,Campinas 3-Trevo,CPFL-PAULISTA,33050196000188,NumCon,2023,6,40415.00000000
2026-10-05,13841,Rio das Pedras 1,CPFL-PAULISTA,33050196000188,NumCon,2023,11,12861.00000000
2026-10-05,13810,Campinas 12-Cidade Jardim,CPFL-PAULISTA,33050196000188,NumCon,2023,12,42759.00000000
2026-10-05,13802,Valinhos 1,CPFL-PAULISTA,33050196000188,FEC,2023,6,0.13000000
2026-10-05,13830,Sumare 1,CPFL-PAULISTA,33050196000188,FEC,2023,4,0.36000000
2026-10-05,13835,Sumare 3-Quilombo,CPFL-PAULISTA,33050196000188,FEC,2023,8,0.36000000
2026-10-05,13807,Campinas 6-Taquaral,CPFL-PAULISTA,33050196000188,FEC,2023,5,0.03000000
2026-10-05,13810,Campinas 12-Cidade Jardim,CPFL-PAULISTA,33050196000188,NumCon,2023,2,41945.00000000
2026-10-05,2922,JAGUARIUNA,CPFL JAGUARI,53859112000169,FEC,2023,9,0.15000000
2026-10-05,13807,Campinas 6-Taquaral,CPFL-PAULISTA,33050196000188,FEC,2023,11,0.15000000
2026-10-05,13807,Campinas 6-Taquaral,CPFL-PAULISTA,33050196000188,FEC,2023,2,0.08000000
2026-10-05,13836,Hortolandia 1,CPFL-PAULISTA,33050196000188,FEC,2023,10,0.22000000
2026-10-05,13812,Campinas 14-Bandeirantes,CPFL-PAULISTA,33050196000188,DEC,2023,9,0.36000000
2026-10-05,13841,Rio das Pedras 1,CPFL-PAULISTA,33050196000188,FEC,2023,1,0.03000000
2026-10-05,13807,Campinas 6-Taquaral,CPFL-PAULISTA,33050196000188,FEC,2023,9,0.09000000
2026-10-05,16441,Campinas 7-Tanquinho,CPFL-PAULISTA,33050196000188,NumCon,2023,12,21144.00000000
2026-10-05,13836,Hortolandia 1,CPFL-PAULISTA,33050196000188,FEC,2023,3,0.08000000
2026-10-05,13802,Valinhos 1,CPFL-PAULISTA,33050196000188,FEC,2023,8,0.22000000
2026-10-05,13836,Hortolandia 1,CPFL-PAULISTA,33050196000188,FEC,2023,2,0.27000000
2026-10-05,13807,Campinas 6-Taquaral,CPFL-PAULISTA,33050196000188,FEC,2023,7,0.04000000
2026-10-05,13805,Campinas 3-Trevo,CPFL-PAULISTA,33050196000188,NumCon,2023,11,41510.00000000
2026-10-05,13829,Santa Barbara 2-Barbarense,CPFL-PAULISTA,33050196000188,NumCon,2023,1,27573.00000000
2026-10-05,13814,Campinas 15-Dic,CPFL-PAULISTA,33050196000188,FEC,2023,12,0.15000000
2026-10-05,13820,Cosmopolis 1,CPFL-PAULISTA,33050196000188,FEC,2023,5,0.04000000
2026-10-05,16441,Campinas 7-Tanquinho,CPFL-PAULISTA,33050196000188,DEC,2023,7,0.46000000
2026-10-05,13841,Rio das Pedras 1,CPFL-PAULISTA,33050196000188,FEC,2023,3,0.18000000
2026-10-05,2922,JAGUARIUNA,CPFL JAGUARI,53859112000169,FEC,2023,11,0.18000000
2026-10-05,13836,Hortolandia 1,CPFL-PAULISTA,33050196000188,DEC,2023,9,0.50000000
2026-10-05,13814,Campinas 15-Dic,CPFL-PAULISTA,33050196000188,NumCon,2023,2,28616.00000000
2026-10-05,13841,Rio das Pedras 1,CPFL-PAULISTA,33050196000188,NumCon,2023,6,12782.00000000
2026-10-05,2922,JAGUARIUNA,CPFL JAGUARI,53859112000169,FEC,2023,1,0.50000000
2026-10-05,13841,Rio das Pedras 1,CPFL-PAULISTA,33050196000188,NumCon,2023,5,12798.00000000
2026-10-05,13836,Hortolandia 1,CPFL-PAULISTA,33050196000188,FEC,2023,6,0.20000000
2026-10-05,13841,Rio das Pedras 1,CPFL-PAULISTA,33050196000188,NumCon,2023,7,12814.00000000
2026-10-05,13836,Hortolandia 1,CPFL-PAULISTA,33050196000188,FEC,2023,12,0.06000000
2026-10-05,13826,Americana 4-Jardim,CPFL-PAULISTA,33050196000188,DEC,2023,6,0.19000000
2026-10-05,16441,Campinas 7-Tanquinho,CPFL-PAULISTA,33050196000188,NumCon,2023,10,21418.00000000
2026-10-05,13841,Rio das Pedras 1,CPFL-PAULISTA,33050196000188,NumCon,2023,1,12722.00000000
2026-10-05,13836,Hortolandia 1,CPFL-PAULISTA,33050196000188,FEC,2023,1,0.11000000
2026-10-05,13826,Americana 4-Jardim,CPFL-PAULISTA,33050196000188,DEC,2023,2,0.27000000
2026-10-05,13807,Campinas 6-Taquaral,CPFL-PAULISTA,33050196000188,DEC,2023,12,0.15000000
2026-10-05,13821,Americana 5-Ipe,CPFL-PAULISTA,33050196000188,NumCon,2023,11,26373.00000000
2026-10-05,13829,Santa Barbara 2-Barbarense,CPFL-PAULISTA,33050196000188,NumCon,2023,5,27768.00000000
2026-10-05,16441,Campinas 7-Tanquinho,CPFL-PAULISTA,33050196000188,NumCon,2023,4,19791.00000000
2026-10-05,13834,Sumare 4-Nova Aparecida,CPFL-PAULISTA,33050196000188,NumCon,2023,1,32792.00000000
2026-10-05,13834,Sumare 4-Nova Aparecida,CPFL-PAULISTA,33050196000188,FEC,2023,3,0.23000000
2026-10-05,13841,Rio das Pedras 1,CPFL-PAULISTA,33050196000188,DEC,2023,1,0.12000000
2026-10-05,13814,Campinas 15-Dic,CPFL-PAULISTA,33050196000188,NumCon,2023,1,29155.00000000
2026-10-05,13829,Santa Barbara 2-Barbarense,CPFL-PAULISTA,33050196000188,DEC,2023,4,0.24000000
2026-10-05,13829,Santa Barbara 2-Barbarense,CPFL-PAULISTA,33050196000188,NumCon,2023,6,27834.00000000
2026-10-05,13819,Paulinia 1,CPFL-PAULISTA,33050196000188,NumCon,2023,7,28550.00000000
2026-10-05,13807,Campinas 6-Taquaral,CPFL-PAULISTA,33050196000188,DEC,2023,10,0.30000000
2026-10-05,13841,Rio das Pedras 1,CPFL-PAULISTA,33050196000188,DEC,2023,7,0.40000000
2026-10-05,13841,Rio das Pedras 1,CPFL-PAULISTA,33050196000188,DEC,2023,2,0.05000000
2026-10-05,13540,MOGI MIRIM UM,ELEKTRO,02328280000197,NumCon,2023,9,27710.00000000
2026-10-05,13829,Santa Barbara 2-Barbarense,CPFL-PAULISTA,33050196000188,DEC,2023,12,0.20000000
2026-10-05,13821,Americana 5-Ipe,CPFL-PAULISTA,33050196000188,NumCon,2023,8,25495.00000000
2026-10-05,13829,Santa Barbara 2-Barbarense,CPFL-PAULISTA,33050196000188,DEC,2023,10,0.27000000
2026-10-05,13829,Santa Barbara 2-Barbarense,CPFL-PAULISTA,33050196000188,DEC,2023,8,0.13000000
2026-10-05,13829,Santa Barbara 2-Barbarense,CPFL-PAULISTA,33050196000188,DEC,2023,9,0.51000000
2026-10-05,13829,Santa Barbara 2-Barbarense,CPFL-PAULISTA,33050196000188,NumCon,2023,11,27904.00000000
2026-10-05,13805,Campinas 3-Trevo,CPFL-PAULISTA,33050196000188,DEC,2023,1,0.15000000
2026-10-05,13843,Piracicaba 4-Unileste,CPFL-PAULISTA,33050196000188,DEC,2023,5,0.25000000
2026-10-05,13805,Campinas 3-Trevo,CPFL-PAULISTA,33050196000188,DEC,2023,9,0.21000000
2026-10-05,13822,Americana 2-Campo Verde,CPFL-PAULISTA,33050196000188,DEC,2023,9,0.23000000
2026-10-05,13540,MOGI MIRIM UM,ELEKTRO,02328280000197,NumCon,2023,5,27601.00000000
2026-10-05,13834,Sumare 4-Nova Aparecida,CPFL-PAULISTA,33050196000188,FEC,2023,8,0.23000000
2026-10-05,13821,Americana 5-Ipe,CPFL-PAULISTA,33050196000188,NumCon,2023,3,25302.00000000
2026-10-05,13819,Paulinia 1,CPFL-PAULISTA,33050196000188,NumCon,2023,5,28176.00000000
2026-10-05,13797,Itatiba 3-Colonial,CPFL-PAULISTA,33050196000188,DEC,2023,9,0.78000000
2026-10-05,16441,Campinas 7-Tanquinho,CPFL-PAULISTA,33050196000188,DEC,2023,10,0.27000000
2026-10-05,13836,Hortolandia 1,CPFL-PAULISTA,33050196000188,NumCon,2023,9,58654.00000000
2026-10-05,13834,Sumare 4-Nova Aparecida,CPFL-PAULISTA,33050196000188,FEC,2023,6,0.61000000
2026-10-05,13819,Paulinia 1,CPFL-PAULISTA,33050196000188,NumCon,2023,12,29078.00000000
2026-10-05,13833,Sumare 2-Tres M,CPFL-PAULISTA,33050196000188,DEC,2023,8,0.36000000
2026-10-05,13812,Campinas 14-Bandeirantes,CPFL-PAULISTA,33050196000188,DEC,2023,12,0.61000000
2026-10-05,16440,Campinas 5-Andorinha,CPFL-PAULISTA,33050196000188,DEC,2023,11,0.61000000
2026-10-05,13814,Campinas 15-Dic,CPFL-PAULISTA,33050196000188,NumCon,2023,5,29107.00000000
2026-10-05,13805,Campinas 3-Trevo,CPFL-PAULISTA,33050196000188,DEC,2023,3,0.27000000
2026-10-05,13812,Campinas 14-Bandeirantes,CPFL-PAULISTA,33050196000188,DEC,2023,4,0.31000000
2026-10-05,13805,Campinas 3-Trevo,CPFL-PAULISTA,33050196000188,DEC,2023,10,0.45000000
2026-10-05,13829,Santa Barbara 2-Barbarense,CPFL-PAULISTA,33050196000188,DEC,2023,1,0.47000000
2026-10-05,13829,Santa Barbara 2-Barbarense,CPFL-PAULISTA,33050196000188,DEC,2023,2,0.29000000
2026-10-05,13829,Santa Barbara 2-Barbarense,CPFL-PAULISTA,33050196000188,DEC,2023,6,0.57000000
2026-10-05,13834,Sumare 4-Nova Aparecida,CPFL-PAULISTA,33050196000188,FEC,2023,1,0.46000000
2026-10-05,13833,Sumare 2-Tres M,CPFL-PAULISTA,33050196000188,DEC,2023,9,0.10000000
2026-10-05,13814,Campinas 15-Dic,CPFL-PAULISTA,33050196000188,NumCon,2023,3,29203.00000000
2026-10-05,13841,Rio das Pedras 1,CPFL-PAULISTA,33050196000188,DEC,2023,11,0.25000000
2026-10-05,13841,Rio das Pedras 1,CPFL-PAULISTA,33050196000188,NumCon,2023,10,12834.00000000
2026-10-05,13833,Sumare 2-Tres M,CPFL-PAULISTA,33050196000188,DEC,2023,5,0.14000000
2026-10-05,13805,Campinas 3-Trevo,CPFL-PAULISTA,33050196000188,DEC,2023,8,0.19000000
2026-10-05,13812,Campinas 14-Bandeirantes,CPFL-PAULISTA,33050196000188,DEC,2023,11,0.37000000
2026-10-05,13833,Sumare 2-Tres M,CPFL-PAULISTA,33050196000188,DEC,2023,4,0.11000000
2026-10-05,16441,Campinas 7-Tanquinho,CPFL-PAULISTA,33050196000188,DEC,2023,2,0.65000000
2026-10-05,13841,Rio das Pedras 1,CPFL-PAULISTA,33050196000188,NumCon,2023,4,12761.00000000
2026-10-05,13814,Campinas 15-Dic,CPFL-PAULISTA,33050196000188,NumCon,2023,12,29609.00000000
2026-10-05,13821,Americana 5-Ipe,CPFL-PAULISTA,33050196000188,NumCon,2023,7,25556.00000000
2026-10-05,13836,Hortolandia 1,CPFL-PAULISTA,33050196000188,NumCon,2023,11,58911.00000000
2026-10-05,13829,Santa Barbara 2-Barbarense,CPFL-PAULISTA,33050196000188,DEC,2023,7,0.14000000
2026-10-05,13819,Paulinia 1,CPFL-PAULISTA,33050196000188,NumCon,2023,3,27900.00000000
2026-10-05,13540,MOGI MIRIM UM,ELEKTRO,02328280000197,NumCon,2023,1,27554.00000000
2026-10-05,13841,Rio das Pedras 1,CPFL-PAULISTA,33050196000188,DEC,2023,12,0.68000000
2026-10-05,13843,Piracicaba 4-Unileste,CPFL-PAULISTA,33050196000188,DEC,2023,10,0.37000000
2026-10-05,13841,Rio das Pedras 1,CPFL-PAULISTA,33050196000188,DEC,2023,6,0.04000000
2026-10-05,13805,Campinas 3-Trevo,CPFL-PAULISTA,33050196000188,DEC,2023,11,0.34000000
2026-10-05,13819,Paulinia 1,CPFL-PAULISTA,33050196000188,NumCon,2023,8,28681.00000000
2026-10-05,13802,Valinhos 1,CPFL-PAULISTA,33050196000188,NumCon,2023,1,35786.00000000
2026-10-05,13457,ARTUR NOGUEIRA,ELEKTRO,02328280000197,FEC,2023,10,0.23000000
2026-10-05,13843,Piracicaba 4-Unileste,CPFL-PAULISTA,33050196000188,DEC,2023,1,0.68000000
2026-10-05,13819,Paulinia 1,CPFL-PAULISTA,33050196000188,NumCon,2023,1,27718.00000000
2026-10-05,13834,Sumare 4-Nova Aparecida,CPFL-PAULISTA,33050196000188,FEC,2023,12,0.14000000
2026-10-05,13540,MOGI MIRIM UM,ELEKTRO,02328280000197,NumCon,2023,7,27685.00000000
2026-10-05,13841,Rio das Pedras 1,CPFL-PAULISTA,33050196000188,NumCon,2023,2,12740.00000000
2026-10-05,13797,Itatiba 3-Colonial,CPFL-PAULISTA,33050196000188,DEC,2023,10,0.77000000
2026-10-05,13818,Paulinia 2-Morumbi,CPFL-PAULISTA,33050196000188,NumCon,2023,1,21698.00000000
2026-10-05,13819,Paulinia 1,CPFL-PAULISTA,33050196000188,NumCon,2023,9,28882.00000000
2026-10-05,13843,Piracicaba 4-Unileste,CPFL-PAULISTA,33050196000188,DEC,2023,7,0.57000000
2026-10-05,13586,SANTO ANTONIO DA POSSE,ELEKTRO,02328280000197,DEC,2023,11,1.15000000
2026-10-05,16441,Campinas 7-Tanquinho,CPFL-PAULISTA,33050196000188,DEC,2023,12,0.61000000
2026-10-05,13807,Campinas 6-Taquaral,CPFL-PAULISTA,33050196000188,DEC,2023,1,0.18000000
2026-10-05,13836,Hortolandia 1,CPFL-PAULISTA,33050196000188,NumCon,2023,6,57987.00000000
2026-10-05,13843,Piracicaba 4-Unileste,CPFL-PAULISTA,33050196000188,DEC,2023,2,0.38000000
2026-10-05,13540,MOGI MIRIM UM,ELEKTRO,02328280000197,DEC,2023,6,0.16000000
2026-10-05,13540,MOGI MIRIM UM,ELEKTRO,02328280000197,NumCon,2023,12,27917.00000000
2026-10-05,13586,SANTO ANTONIO DA POSSE,ELEKTRO,02328280000197,DEC,2023,6,0.13000000
2026-10-05,13843,Piracicaba 4-Unileste,CPFL-PAULISTA,33050196000188,DEC,2023,4,0.18000000
2026-10-05,13843,Piracicaba 4-Unileste,CPFL-PAULISTA,33050196000188,DEC,2023,8,0.71000000
2026-10-05,13540,MOGI MIRIM UM,ELEKTRO,02328280000197,NumCon,2023,11,27720.00000000
2026-10-05,13834,Sumare 4-Nova Aparecida,CPFL-PAULISTA,33050196000188,FEC,2023,2,0.12000000
2026-10-05,13818,Paulinia 2-Morumbi,CPFL-PAULISTA,33050196000188,NumCon,2023,3,21742.00000000
2026-10-05,13807,Campinas 6-Taquaral,CPFL-PAULISTA,33050196000188,DEC,2023,4,0.65000000
2026-10-05,13814,Campinas 15-Dic,CPFL-PAULISTA,33050196000188,NumCon,2023,8,29472.00000000
2026-10-05,13457,ARTUR NOGUEIRA,ELEKTRO,02328280000197,FEC,2023,8,0.14000000
2026-10-05,13797,Itatiba 3-Colonial,CPFL-PAULISTA,33050196000188,DEC,2023,4,0.59000000
2026-10-05,13540,MOGI MIRIM UM,ELEKTRO,02328280000197,NumCon,2023,4,27585.00000000
2026-10-05,13829,Santa Barbara 2-Barbarense,CPFL-PAULISTA,33050196000188,DEC,2023,11,0.37000000
2026-10-05,13807,Campinas 6-Taquaral,CPFL-PAULISTA,33050196000188,DEC,2023,6,0.06000000
2026-10-05,16440,Campinas 5-Andorinha,CPFL-PAULISTA,33050196000188,DEC,2023,4,0.16000000
2026-10-05,13818,Paulinia 2-Morumbi,CPFL-PAULISTA,33050196000188,NumCon,2023,8,22101.00000000
2026-10-05,13833,Sumare 2-Tres M,CPFL-PAULISTA,33050196000188,DEC,2023,1,0.14000000
2026-10-05,13818,Paulinia 2-Morumbi,CPFL-PAULISTA,33050196000188,NumCon,2023,5,21940.00000000
2026-10-05,13540,MOGI MIRIM UM,ELEKTRO,02328280000197,DEC,2023,3,0.34000000
2026-10-05,13805,Campinas 3-Trevo,CPFL-PAULISTA,33050196000188,DEC,2023,4,0.13000000
2026-10-05,13814,Campinas 15-Dic,CPFL-PAULISTA,33050196000188,NumCon,2023,7,29347.00000000
2026-10-05,13843,Piracicaba 4-Unileste,CPFL-PAULISTA,33050196000188,DEC,2023,3,0.21000000
2026-10-05,13821,Americana 5-Ipe,CPFL-PAULISTA,33050196000188,NumCon,2023,10,26312.00000000
2026-10-05,13843,Piracicaba 4-Unileste,CPFL-PAULISTA,33050196000188,DEC,2023,11,0.67000000
2026-10-05,13818,Paulinia 2-Morumbi,CPFL-PAULISTA,33050196000188,NumCon,2023,7,21980.00000000
2026-10-05,13802,Valinhos 1,CPFL-PAULISTA,33050196000188,NumCon,2023,9,36180.00000000
2026-10-05,13834,Sumare 4-Nova Aparecida,CPFL-PAULISTA,33050196000188,NumCon,2023,12,33492.00000000
2026-10-05,13796,Itatiba 2-Cruzeiro,CPFL-PAULISTA,33050196000188,NumCon,2023,9,19725.00000000
2026-10-05,13807,Campinas 6-Taquaral,CPFL-PAULISTA,33050196000188,NumCon,2023,11,39219.00000000
2026-10-05,13840,Capivari 1,CPFL-PAULISTA,33050196000188,DEC,2023,5,0.29000000
2026-10-05,13796,Itatiba 2-Cruzeiro,CPFL-PAULISTA,33050196000188,NumCon,2023,11,19654.00000000
2026-10-05,13818,Paulinia 2-Morumbi,CPFL-PAULISTA,33050196000188,NumCon,2023,9,22061.00000000
2026-10-05,13834,Sumare 4-Nova Aparecida,CPFL-PAULISTA,33050196000188,NumCon,2023,8,33367.00000000
2026-10-05,13586,SANTO ANTONIO DA POSSE,ELEKTRO,02328280000197,DEC,2023,5,0.50000000
2026-10-05,13833,Sumare 2-Tres M,CPFL-PAULISTA,33050196000188,DEC,2023,12,0.17000000
2026-10-05,13821,Americana 5-Ipe,CPFL-PAULISTA,33050196000188,NumCon,2023,4,25285.00000000
2026-10-05,16440,Campinas 5-Andorinha,CPFL-PAULISTA,33050196000188,DEC,2023,6,0.16000000
2026-10-05,13805,Campinas 3-Trevo,CPFL-PAULISTA,33050196000188,DEC,2023,5,0.18000000
2026-10-05,13834,Sumare 4-Nova Aparecida,CPFL-PAULISTA,33050196000188,NumCon,2023,7,33244.00000000
2026-10-05,13819,Paulinia 1,CPFL-PAULISTA,33050196000188,NumCon,2023,11,29023.00000000
2026-10-05,13843,Piracicaba 4-Unileste,CPFL-PAULISTA,33050196000188,DEC,2023,12,0.33000000
2026-10-05,13796,Itatiba 2-Cruzeiro,CPFL-PAULISTA,33050196000188,NumCon,2023,6,19551.00000000
2026-10-05,13843,Piracicaba 4-Unileste,CPFL-PAULISTA,33050196000188,DEC,2023,6,0.12000000
2026-10-05,13807,Campinas 6-Taquaral,CPFL-PAULISTA,33050196000188,NumCon,2023,6,39114.00000000
2026-10-05,13457,ARTUR NOGUEIRA,ELEKTRO,02328280000197,FEC,2023,2,0.41000000
2026-10-05,16440,Campinas 5-Andorinha,CPFL-PAULISTA,33050196000188,DEC,2023,1,0.25000000
2026-10-05,13819,Paulinia 1,CPFL-PAULISTA,33050196000188,FEC,2023,4,0.15000000
2026-10-05,16440,Campinas 5-Andorinha,CPFL-PAULISTA,33050196000188,DEC,2023,2,0.31000000
2026-10-05,13809,Campinas 10-Chapadão,CPFL-PAULISTA,33050196000188,FEC,2023,2,0.08000000
2026-10-05,13819,Paulinia 1,CPFL-PAULISTA,33050196000188,NumCon,2023,6,28321.00000000
2026-10-05,16441,Campinas 7-Tanquinho,CPFL-PAULISTA,33050196000188,DEC,2023,4,0.32000000
2026-10-05,16440,Campinas 5-Andorinha,CPFL-PAULISTA,33050196000188,DEC,2023,7,0.36000000
2026-10-05,13834,Sumare 4-Nova Aparecida,CPFL-PAULISTA,33050196000188,NumCon,2023,3,33016.00000000
2026-10-05,13802,Valinhos 1,CPFL-PAULISTA,33050196000188,NumCon,2023,11,36131.00000000
2026-10-05,13586,SANTO ANTONIO DA POSSE,ELEKTRO,02328280000197,DEC,2023,8,0.54000000
2026-10-05,13802,Valinhos 1,CPFL-PAULISTA,33050196000188,NumCon,2023,6,35844.00000000
2026-10-05,16441,Campinas 7-Tanquinho,CPFL-PAULISTA,33050196000188,DEC,2023,6,0.23000000
2026-10-05,16441,Campinas 7-Tanquinho,CPFL-PAULISTA,33050196000188,DEC,2023,5,0.45000000
2026-10-05,13586,SANTO ANTONIO DA POSSE,ELEKTRO,02328280000197,DEC,2023,7,0.31000000
2026-10-05,13812,Campinas 14-Bandeirantes,CPFL-PAULISTA,33050196000188,DEC,2023,1,0.23000000
2026-10-05,13840,Capivari 1,CPFL-PAULISTA,33050196000188,DEC,2023,8,0.47000000
2026-10-05,13793,Nova Odessa 1,CPFL-PAULISTA,33050196000188,DEC,2023,6,0.45000000
2026-10-05,13818,Paulinia 2-Morumbi,CPFL-PAULISTA,33050196000188,NumCon,2023,11,22213.00000000
2026-10-05,13811,Campinas 4-Boa Vista,CPFL-PAULISTA,33050196000188,DEC,2023,7,0.41000000
2026-10-05,13805,Campinas 3-Trevo,CPFL-PAULISTA,33050196000188,NumCon,2023,3,40014.00000000
2026-10-05,13457,ARTUR NOGUEIRA,ELEKTRO,02328280000197,FEC,2023,12,0.24000000
2026-10-05,16440,Campinas 5-Andorinha,CPFL-PAULISTA,33050196000188,DEC,2023,5,0.25000000
2026-10-05,13811,Campinas 4-Boa Vista,CPFL-PAULISTA,33050196000188,DEC,2023,2,0.57000000
2026-10-05,13818,Paulinia 2-Morumbi,CPFL-PAULISTA,33050196000188,NumCon,2023,6,22016.00000000
2026-10-05,13829,Santa Barbara 2-Barbarense,CPFL-PAULISTA,33050196000188,NumCon,2023,7,27840.00000000
2026-10-05,13586,SANTO ANTONIO DA POSSE,ELEKTRO,02328280000197,DEC,2023,2,0.62000000
2026-10-05,13818,Paulinia 2-Morumbi,CPFL-PAULISTA,33050196000188,NumCon,2023,12,22297.00000000
2026-10-05,13809,Campinas 10-Chapadão,CPFL-PAULISTA,33050196000188,FEC,2023,1,0.22000000
2026-10-05,13822,Americana 2-Campo Verde,CPFL-PAULISTA,33050196000188,DEC,2023,3,0.30000000
2026-10-05,13802,Valinhos 1,CPFL-PAULISTA,33050196000188,FEC,2023,2,0.42000000
2026-10-05,13805,Campinas 3-Trevo,CPFL-PAULISTA,33050196000188,NumCon,2023,8,40629.00000000
2026-10-05,13841,Rio das Pedras 1,CPFL-PAULISTA,33050196000188,DEC,2023,4,0.16000000
2026-10-05,16440,Campinas 5-Andorinha,CPFL-PAULISTA,33050196000188,DEC,2023,8,0.41000000
2026-10-05,13793,Nova Odessa 1,CPFL-PAULISTA,33050196000188,DEC,2023,4,0.15000000
2026-10-05,13822,Americana 2-Campo Verde,CPFL-PAULISTA,33050196000188,DEC,2023,11,0.20000000
2026-10-05,13811,Campinas 4-Boa Vista,CPFL-PAULISTA,33050196000188,DEC,2023,4,0.20000000
2026-10-05,13834,Sumare 4-Nova Aparecida,CPFL-PAULISTA,33050196000188,NumCon,2023,10,33283.00000000
2026-10-05,13586,SANTO ANTONIO DA POSSE,ELEKTRO,02328280000197,DEC,2023,3,0.99000000
2026-10-05,13841,Rio das Pedras 1,CPFL-PAULISTA,33050196000188,DEC,2023,8,0.47000000
2026-10-05,13821,Americana 5-Ipe,CPFL-PAULISTA,33050196000188,NumCon,2023,12,26384.00000000
2026-10-05,16440,Campinas 5-Andorinha,CPFL-PAULISTA,33050196000188,DEC,2023,10,0.39000000
2026-10-05,13793,Nova Odessa 1,CPFL-PAULISTA,33050196000188,DEC,2023,2,0.32000000
2026-10-05,2922,JAGUARIUNA,CPFL JAGUARI,53859112000169,FEC,2023,8,0.16000000
2026-10-05,13834,Sumare 4-Nova Aparecida,CPFL-PAULISTA,33050196000188,NumCon,2023,5,33200.00000000
2026-10-05,16440,Campinas 5-Andorinha,CPFL-PAULISTA,33050196000188,DEC,2023,3,0.16000000
2026-10-05,13829,Santa Barbara 2-Barbarense,CPFL-PAULISTA,33050196000188,NumCon,2023,8,27897.00000000
2026-10-05,13822,Americana 2-Campo Verde,CPFL-PAULISTA,33050196000188,DEC,2023,10,0.26000000
2026-10-05,13811,Campinas 4-Boa Vista,CPFL-PAULISTA,33050196000188,DEC,2023,1,0.69000000
2026-10-05,13457,ARTUR NOGUEIRA,ELEKTRO,02328280000197,FEC,2023,1,0.19000000
2026-10-05,13821,Americana 5-Ipe,CPFL-PAULISTA,33050196000188,NumCon,2023,2,25248.00000000
2026-10-05,13793,Nova Odessa 1,CPFL-PAULISTA,33050196000188,DEC,2023,1,0.22000000
2026-10-05,13829,Santa Barbara 2-Barbarense,CPFL-PAULISTA,33050196000188,NumCon,2023,3,27639.00000000
2026-10-05,13811,Campinas 4-Boa Vista,CPFL-PAULISTA,33050196000188,DEC,2023,12,0.34000000
2026-10-05,13805,Campinas 3-Trevo,CPFL-PAULISTA,33050196000188,NumCon,2023,5,40271.00000000
2026-10-05,13586,SANTO ANTONIO DA POSSE,ELEKTRO,02328280000197,DEC,2023,1,0.44000000
2026-10-05,13793,Nova Odessa 1,CPFL-PAULISTA,33050196000188,DEC,2023,9,0.69000000
2026-10-05,13586,SANTO ANTONIO DA POSSE,ELEKTRO,02328280000197,DEC,2023,12,0.57000000
2026-10-05,13841,Rio das Pedras 1,CPFL-PAULISTA,33050196000188,DEC,2023,9,0.15000000
2026-10-05,13811,Campinas 4-Boa Vista,CPFL-PAULISTA,33050196000188,DEC,2023,3,0.46000000
2026-10-05,13457,ARTUR NOGUEIRA,ELEKTRO,02328280000197,FEC,2023,7,0.20000000
2026-10-05,16440,Campinas 5-Andorinha,CPFL-PAULISTA,33050196000188,DEC,2023,12,0.33000000
2026-10-05,13829,Santa Barbara 2-Barbarense,CPFL-PAULISTA,33050196000188,NumCon,2023,12,27958.00000000
2026-10-05,13834,Sumare 4-Nova Aparecida,CPFL-PAULISTA,33050196000188,NumCon,2023,4,33175.00000000
2026-10-05,13819,Paulinia 1,CPFL-PAULISTA,33050196000188,FEC,2023,12,0.22000000
2026-10-05,13822,Americana 2-Campo Verde,CPFL-PAULISTA,33050196000188,DEC,2023,2,0.34000000
2026-10-05,13811,Campinas 4-Boa Vista,CPFL-PAULISTA,33050196000188,DEC,2023,8,0.28000000
2026-10-05,13822,Americana 2-Campo Verde,CPFL-PAULISTA,33050196000188,DEC,2023,7,0.30000000
2026-10-05,13834,Sumare 4-Nova Aparecida,CPFL-PAULISTA,33050196000188,NumCon,2023,2,32941.00000000
2026-10-05,13841,Rio das Pedras 1,CPFL-PAULISTA,33050196000188,DEC,2023,3,0.36000000
2026-10-05,13802,Valinhos 1,CPFL-PAULISTA,33050196000188,NumCon,2023,5,35927.00000000
2026-10-05,13819,Paulinia 1,CPFL-PAULISTA,33050196000188,FEC,2023,2,0.80000000
2026-10-05,13805,Campinas 3-Trevo,CPFL-PAULISTA,33050196000188,NumCon,2023,7,41347.00000000
2026-10-05,13821,Americana 5-Ipe,CPFL-PAULISTA,33050196000188,NumCon,2023,9,25894.00000000
2026-10-05,13818,Paulinia 2-Morumbi,CPFL-PAULISTA,33050196000188,NumCon,2023,4,21766.00000000
2026-10-05,13540,MOGI MIRIM UM,ELEKTRO,02328280000197,DEC,2023,2,0.73000000
2026-10-05,13540,MOGI MIRIM UM,ELEKTRO,02328280000197,NumCon,2023,6,27633.00000000
2026-10-05,13793,Nova Odessa 1,CPFL-PAULISTA,33050196000188,DEC,2023,8,0.68000000
2026-10-05,13818,Paulinia 2-Morumbi,CPFL-PAULISTA,33050196000188,NumCon,2023,2,21691.00000000
2026-10-05,13819,Paulinia 1,CPFL-PAULISTA,33050196000188,FEC,2023,1,0.28000000
2026-10-05,13810,Campinas 12-Cidade Jardim,CPFL-PAULISTA,33050196000188,FEC,2023,4,0.04000000
2026-10-05,13814,Campinas 15-Dic,CPFL-PAULISTA,33050196000188,DEC,2023,6,0.34000000
2026-10-05,13836,Hortolandia 1,CPFL-PAULISTA,33050196000188,NumCon,2023,12,59043.00000000
2026-10-05,13811,Campinas 4-Boa Vista,CPFL-PAULISTA,33050196000188,DEC,2023,6,0.34000000
2026-10-05,13822,Americana 2-Campo Verde,CPFL-PAULISTA,33050196000188,DEC,2023,6,0.20000000
2026-10-05,13811,Campinas 4-Boa Vista,CPFL-PAULISTA,33050196000188,DEC,2023,10,1.19000000
2026-10-05,13819,Paulinia 1,CPFL-PAULISTA,33050196000188,FEC,2023,10,0.69000000
2026-10-05,13802,Valinhos 1,CPFL-PAULISTA,33050196000188,NumCon,2023,3,35902.00000000
2026-10-05,13812,Campinas 14-Bandeirantes,CPFL-PAULISTA,33050196000188,DEC,2023,6,0.34000000
2026-10-05,13802,Valinhos 1,CPFL-PAULISTA,33050196000188,NumCon,2023,7,35982.00000000
2026-10-05,13818,Paulinia 2-Morumbi,CPFL-PAULISTA,33050196000188,NumCon,2023,10,22080.00000000
2026-10-05,13819,Paulinia 1,CPFL-PAULISTA,33050196000188,FEC,2023,8,0.27000000
2026-10-05,13820,Cosmopolis 1,CPFL-PAULISTA,33050196000188,NumCon,2023,9,25110.00000000
2026-10-05,13819,Paulinia 1,CPFL-PAULISTA,33050196000188,NumCon,2023,10,29030.00000000
2026-10-05,13793,Nova Odessa 1,CPFL-PAULISTA,33050196000188,DEC,2023,10,0.79000000
2026-10-05,13812,Campinas 14-Bandeirantes,CPFL-PAULISTA,33050196000188,DEC,2023,3,0.42000000
2026-10-05,13805,Campinas 3-Trevo,CPFL-PAULISTA,33050196000188,NumCon,2023,12,40951.00000000
2026-10-05,13836,Hortolandia 1,CPFL-PAULISTA,33050196000188,NumCon,2023,8,58296.00000000
2026-10-05,13793,Nova Odessa 1,CPFL-PAULISTA,33050196000188,DEC,2023,11,0.45000000
2026-10-05,13814,Campinas 15-Dic,CPFL-PAULISTA,33050196000188,DEC,2023,7,0.75000000
2026-10-05,13814,Campinas 15-Dic,CPFL-PAULISTA,33050196000188,DEC,2023,12,0.27000000
2026-10-05,13793,Nova Odessa 1,CPFL-PAULISTA,33050196000188,DEC,2023,3,0.26000000
2026-10-05,13809,Campinas 10-Chapadão,CPFL-PAULISTA,33050196000188,FEC,2023,7,0.13000000
2026-10-05,13802,Valinhos 1,CPFL-PAULISTA,33050196000188,NumCon,2023,8,36021.00000000
2026-10-05,13826,Americana 4-Jardim,CPFL-PAULISTA,33050196000188,NumCon,2023,3,42805.00000000
2026-10-05,13809,Campinas 10-Chapadão,CPFL-PAULISTA,33050196000188,FEC,2023,5,0.10000000
2026-10-05,13822,Americana 2-Campo Verde,CPFL-PAULISTA,33050196000188,DEC,2023,5,0.17000000
2026-10-05,13802,Valinhos 1,CPFL-PAULISTA,33050196000188,FEC,2023,11,0.46000000
2026-10-05,13836,Hortolandia 1,CPFL-PAULISTA,33050196000188,NumCon,2023,3,57716.00000000
2026-10-05,13793,Nova Odessa 1,CPFL-PAULISTA,33050196000188,DEC,2023,5,0.25000000
2026-10-05,13826,Americana 4-Jardim,CPFL-PAULISTA,33050196000188,NumCon,2023,8,43045.00000000
2026-10-05,13810,Campinas 12-Cidade Jardim,CPFL-PAULISTA,33050196000188,FEC,2023,8,0.13000000
2026-10-05,13805,Campinas 3-Trevo,CPFL-PAULISTA,33050196000188,NumCon,2023,10,41823.00000000
2026-10-05,13540,MOGI MIRIM UM,ELEKTRO,02328280000197,DEC,2023,10,0.22000000
2026-10-05,13821,Americana 5-Ipe,CPFL-PAULISTA,33050196000188,NumCon,2023,5,25335.00000000
2026-10-05,13820,Cosmopolis 1,CPFL-PAULISTA,33050196000188,NumCon,2023,11,25166.00000000
2026-10-05,13821,Americana 5-Ipe,CPFL-PAULISTA,33050196000188,NumCon,2023,6,25348.00000000
2026-10-05,13820,Cosmopolis 1,CPFL-PAULISTA,33050196000188,NumCon,2023,6,25000.00000000
2026-10-05,13802,Valinhos 1,CPFL-PAULISTA,33050196000188,NumCon,2023,2,34549.00000000
2026-10-05,13802,Valinhos 1,CPFL-PAULISTA,33050196000188,FEC,2023,4,0.53000000
2026-10-05,13834,Sumare 4-Nova Aparecida,CPFL-PAULISTA,33050196000188,NumCon,2023,11,33438.00000000
2026-10-05,13805,Campinas 3-Trevo,CPFL-PAULISTA,33050196000188,NumCon,2023,2,39752.00000000
2026-10-05,13802,Valinhos 1,CPFL-PAULISTA,33050196000188,FEC,2023,9,0.71000000
2026-10-05,13812,Campinas 14-Bandeirantes,CPFL-PAULISTA,33050196000188,DEC,2023,7,0.34000000
2026-10-05,13812,Campinas 14-Bandeirantes,CPFL-PAULISTA,33050196000188,DEC,2023,2,0.39000000
2026-10-05,13540,MOGI MIRIM UM,ELEKTRO,02328280000197,DEC,2023,1,0.63000000
2026-10-05,13793,Nova Odessa 1,CPFL-PAULISTA,33050196000188,DEC,2023,7,0.75000000
2026-10-05,13810,Campinas 12-Cidade Jardim,CPFL-PAULISTA,33050196000188,FEC,2023,6,0.07000000
2026-10-05,13811,Campinas 4-Boa Vista,CPFL-PAULISTA,33050196000188,DEC,2023,9,0.49000000
2026-10-05,13826,Americana 4-Jardim,CPFL-PAULISTA,33050196000188,NumCon,2023,7,43073.00000000
2026-10-05,13805,Campinas 3-Trevo,CPFL-PAULISTA,33050196000188,NumCon,2023,4,40093.00000000
2026-10-05,13802,Valinhos 1,CPFL-PAULISTA,33050196000188,FEC,2023,5,0.11000000
2026-10-05,13793,Nova Odessa 1,CPFL-PAULISTA,33050196000188,DEC,2023,12,0.11000000
2026-10-05,13814,Campinas 15-Dic,CPFL-PAULISTA,33050196000188,DEC,2023,8,0.77000000
2026-10-05,964,PEDREIRA,CPFL JAGUARI,53859112000169,DEC,2023,9,0.26000000
2026-10-05,13836,Hortolandia 1,CPFL-PAULISTA,33050196000188,NumCon,2023,10,58676.00000000
2026-10-05,13834,Sumare 4-Nova Aparecida,CPFL-PAULISTA,33050196000188,NumCon,2023,6,33225.00000000
2026-10-05,13540,MOGI MIRIM UM,ELEKTRO,02328280000197,DEC,2023,12,0.32000000
2026-10-05,13802,Valinhos 1,CPFL-PAULISTA,33050196000188,FEC,2023,7,0.23000000
2026-10-05,13811,Campinas 4-Boa Vista,CPFL-PAULISTA,33050196000188,DEC,2023,11,0.29000000
2026-10-05,13814,Campinas 15-Dic,CPFL-PAULISTA,33050196000188,DEC,2023,10,0.41000000
2026-10-05,964,PEDREIRA,CPFL JAGUARI,53859112000169,DEC,2023,8,0.27000000
2026-10-05,13826,Americana 4-Jardim,CPFL-PAULISTA,33050196000188,NumCon,2023,12,43111.00000000
2026-10-05,13812,Campinas 14-Bandeirantes,CPFL-PAULISTA,33050196000188,DEC,2023,10,0.84000000
2026-10-05,13812,Campinas 14-Bandeirantes,CPFL-PAULISTA,33050196000188,DEC,2023,5,0.30000000
2026-10-05,13807,Campinas 6-Taquaral,CPFL-PAULISTA,33050196000188,NumCon,2023,9,39097.00000000
2026-10-05,13843,Piracicaba 4-Unileste,CPFL-PAULISTA,33050196000188,FEC,2023,7,0.29000000
2026-10-05,13814,Campinas 15-Dic,CPFL-PAULISTA,33050196000188,DEC,2023,3,0.34000000
2026-10-05,13812,Campinas 14-Bandeirantes,CPFL-PAULISTA,33050196000188,DEC,2023,8,0.26000000
2026-10-05,13809,Campinas 10-Chapadão,CPFL-PAULISTA,33050196000188,FEC,2023,4,0.32000000
2026-10-05,13802,Valinhos 1,CPFL-PAULISTA,33050196000188,NumCon,2023,4,35513.00000000
2026-10-05,13836,Hortolandia 1,CPFL-PAULISTA,33050196000188,NumCon,2023,2,57599.00000000
2026-10-05,13809,Campinas 10-Chapadão,CPFL-PAULISTA,33050196000188,FEC,2023,12,0.73000000
2026-10-05,13836,Hortolandia 1,CPFL-PAULISTA,33050196000188,NumCon,2023,4,57748.00000000
2026-10-05,13802,Valinhos 1,CPFL-PAULISTA,33050196000188,NumCon,2023,12,35886.00000000
2026-10-05,13814,Campinas 15-Dic,CPFL-PAULISTA,33050196000188,DEC,2023,5,0.61000000
2026-10-05,964,PEDREIRA,CPFL JAGUARI,53859112000169,DEC,2023,5,0.32000000
2026-10-05,13843,Piracicaba 4-Unileste,CPFL-PAULISTA,33050196000188,FEC,2023,4,0.08000000
2026-10-05,13811,Campinas 4-Boa Vista,CPFL-PAULISTA,33050196000188,DEC,2023,5,0.15000000
2026-10-05,13540,MOGI MIRIM UM,ELEKTRO,02328280000197,DEC,2023,7,0.41000000
2026-10-05,13819,Paulinia 1,CPFL-PAULISTA,33050196000188,FEC,2023,3,0.32000000
2026-10-05,13814,Campinas 15-Dic,CPFL-PAULISTA,33050196000188,DEC,2023,2,0.67000000
2026-10-05,13843,Piracicaba 4-Unileste,CPFL-PAULISTA,33050196000188,FEC,2023,9,0.17000000
2026-10-05,13820,Cosmopolis 1,CPFL-PAULISTA,33050196000188,NumCon,2023,12,25176.00000000
2026-10-05,13810,Campinas 12-Cidade Jardim,CPFL-PAULISTA,33050196000188,FEC,2023,10,0.07000000
2026-10-05,13835,Sumare 3-Quilombo,CPFL-PAULISTA,33050196000188,FEC,2023,5,0.04000000
2026-10-05,13819,Paulinia 1,CPFL-PAULISTA,33050196000188,FEC,2023,6,0.44000000
2026-10-05,13540,MOGI MIRIM UM,ELEKTRO,02328280000197,DEC,2023,8,0.38000000
2026-10-05,964,PEDREIRA,CPFL JAGUARI,53859112000169,DEC,2023,11,1.26000000
2026-10-05,13820,Cosmopolis 1,CPFL-PAULISTA,33050196000188,NumCon,2023,2,24913.00000000
2026-10-05,13811,Campinas 4-Boa Vista,CPFL-PAULISTA,33050196000188,FEC,2023,2,0.23000000
2026-10-05,13830,Sumare 1,CPFL-PAULISTA,33050196000188,DEC,2023,12,0.12000000
2026-10-05,13820,Cosmopolis 1,CPFL-PAULISTA,33050196000188,NumCon,2023,8,25087.00000000
2026-10-05,13841,Rio das Pedras 1,CPFL-PAULISTA,33050196000188,DEC,2023,5,0.23000000
2026-10-05,13809,Campinas 10-Chapadão,CPFL-PAULISTA,33050196000188,FEC,2023,9,0.04000000
2026-10-05,13843,Piracicaba 4-Unileste,CPFL-PAULISTA,33050196000188,FEC,2023,11,0.37000000
2026-10-05,13837,Hortolandia 2-Morro Azul,CPFL-PAULISTA,33050196000188,FEC,2023,8,0.13000000
2026-10-05,964,PEDREIRA,CPFL JAGUARI,53859112000169,DEC,2023,7,0.19000000
2026-10-05,13830,Sumare 1,CPFL-PAULISTA,33050196000188,DEC,2023,4,0.30000000
2026-10-05,2922,JAGUARIUNA,CPFL JAGUARI,53859112000169,FEC,2023,10,0.24000000
2026-10-05,13820,Cosmopolis 1,CPFL-PAULISTA,33050196000188,NumCon,2023,3,24945.00000000
2026-10-05,964,PEDREIRA,CPFL JAGUARI,53859112000169,DEC,2023,12,0.44000000
2026-10-05,13809,Campinas 10-Chapadão,CPFL-PAULISTA,33050196000188,FEC,2023,11,0.24000000
2026-10-05,13843,Piracicaba 4-Unileste,CPFL-PAULISTA,33050196000188,DEC,2023,9,0.25000000
2026-10-05,13814,Campinas 15-Dic,CPFL-PAULISTA,33050196000188,DEC,2023,11,0.36000000
2026-10-05,13802,Valinhos 1,CPFL-PAULISTA,33050196000188,FEC,2023,1,0.24000000
2026-10-05,13819,Paulinia 1,CPFL-PAULISTA,33050196000188,NumCon,2023,4,27952.00000000
2026-10-05,13835,Sumare 3-Quilombo,CPFL-PAULISTA,33050196000188,NumCon,2023,9,30087.00000000
2026-10-05,964,PEDREIRA,CPFL JAGUARI,53859112000169,DEC,2023,3,1.09000000
2026-10-05,13810,Campinas 12-Cidade Jardim,CPFL-PAULISTA,33050196000188,FEC,2023,3,0.21000000
2026-10-05,13457,ARTUR NOGUEIRA,ELEKTRO,02328280000197,FEC,2023,3,0.58000000
2026-10-05,13843,Piracicaba 4-Unileste,CPFL-PAULISTA,33050196000188,FEC,2023,10,0.15000000
2026-10-05,16441,Campinas 7-Tanquinho,CPFL-PAULISTA,33050196000188,NumCon,2023,11,21481.00000000
2026-10-05,13814,Campinas 15-Dic,CPFL-PAULISTA,33050196000188,DEC,2023,9,0.53000000
2026-10-05,964,PEDREIRA,CPFL JAGUARI,53859112000169,DEC,2023,4,0.35000000
2026-10-05,13829,Santa Barbara 2-Barbarense,CPFL-PAULISTA,33050196000188,DEC,2023,3,0.78000000
2026-10-05,964,PEDREIRA,CPFL JAGUARI,53859112000169,DEC,2023,1,0.63000000
2026-10-05,13830,Sumare 1,CPFL-PAULISTA,33050196000188,DEC,2023,8,0.21000000
2026-10-05,13820,Cosmopolis 1,CPFL-PAULISTA,33050196000188,NumCon,2023,4,24928.00000000
2026-10-05,13843,Piracicaba 4-Unileste,CPFL-PAULISTA,33050196000188,FEC,2023,1,0.42000000
2026-10-05,13586,SANTO ANTONIO DA POSSE,ELEKTRO,02328280000197,DEC,2023,10,0.49000000
2026-10-05,13802,Valinhos 1,CPFL-PAULISTA,33050196000188,FEC,2023,12,0.29000000
2026-10-05,13820,Cosmopolis 1,CPFL-PAULISTA,33050196000188,NumCon,2023,10,25119.00000000
2026-10-05,13807,Campinas 6-Taquaral,CPFL-PAULISTA,33050196000188,NumCon,2023,5,39030.00000000
2026-10-05,13811,Campinas 4-Boa Vista,CPFL-PAULISTA,33050196000188,FEC,2023,1,0.49000000
2026-10-05,13843,Piracicaba 4-Unileste,CPFL-PAULISTA,33050196000188,FEC,2023,5,0.12000000
2026-10-05,13819,Paulinia 1,CPFL-PAULISTA,33050196000188,NumCon,2023,2,27823.00000000
2026-10-05,13843,Piracicaba 4-Unileste,CPFL-PAULISTA,33050196000188,FEC,2023,12,0.23000000
2026-10-05,13841,Rio das Pedras 1,CPFL-PAULISTA,33050196000188,DEC,2023,10,0.25000000
2026-10-05,13457,ARTUR NOGUEIRA,ELEKTRO,02328280000197,FEC,2023,11,0.15000000
2026-10-05,13830,Sumare 1,CPFL-PAULISTA,33050196000188,DEC,2023,9,0.40000000
2026-10-05,964,PEDREIRA,CPFL JAGUARI,53859112000169,DEC,2023,2,0.55000000
2026-10-05,13830,Sumare 1,CPFL-PAULISTA,33050196000188,DEC,2023,1,0.51000000
2026-10-05,13819,Paulinia 1,CPFL-PAULISTA,33050196000188,FEC,2023,7,0.20000000
2026-10-05,13834,Sumare 4-Nova Aparecida,CPFL-PAULISTA,33050196000188,NumCon,2023,9,33272.00000000
2026-10-05,13586,SANTO ANTONIO DA POSSE,ELEKTRO,02328280000197,DEC,2023,4,0.32000000
2026-10-05,13807,Campinas 6-Taquaral,CPFL-PAULISTA,33050196000188,DEC,2023,11,0.23000000
2026-10-05,16441,Campinas 7-Tanquinho,CPFL-PAULISTA,33050196000188,NumCon,2023,9,21521.00000000
2026-10-05,964,PEDREIRA,CPFL JAGUARI,53859112000169,DEC,2023,6,0.08000000
2026-10-05,13832,Sumare 6-Orquidea,CPFL-PAULISTA,33050196000188,DEC,2023,3,0.44000000
2026-10-05,13796,Itatiba 2-Cruzeiro,CPFL-PAULISTA,33050196000188,FEC,2023,5,0.22000000
2026-10-05,964,PEDREIRA,CPFL JAGUARI,53859112000169,DEC,2023,10,1.29000000
2026-10-05,13826,Americana 4-Jardim,CPFL-PAULISTA,33050196000188,NumCon,2023,5,42935.00000000
2026-10-05,13821,Americana 5-Ipe,CPFL-PAULISTA,33050196000188,NumCon,2023,1,25237.00000000
2026-10-05,13818,Paulinia 2-Morumbi,CPFL-PAULISTA,33050196000188,FEC,2023,4,0.09000000
2026-10-05,13810,Campinas 12-Cidade Jardim,CPFL-PAULISTA,33050196000188,FEC,2023,1,0.11000000
2026-10-05,13826,Americana 4-Jardim,CPFL-PAULISTA,33050196000188,NumCon,2023,1,42741.00000000
2026-10-05,13586,SANTO ANTONIO DA POSSE,ELEKTRO,02328280000197,DEC,2023,9,0.79000000
2026-10-05,13814,Campinas 15-Dic,CPFL-PAULISTA,33050196000188,DEC,2023,1,0.59000000
2026-10-05,13822,Americana 2-Campo Verde,CPFL-PAULISTA,33050196000188,DEC,2023,12,0.21000000
2026-10-05,13820,Cosmopolis 1,CPFL-PAULISTA,33050196000188,NumCon,2023,5,24969.00000000
2026-10-05,16440,Campinas 5-Andorinha,CPFL-PAULISTA,33050196000188,DEC,2023,9,0.34000000
2026-10-05,13820,Cosmopolis 1,CPFL-PAULISTA,33050196000188,DEC,2023,4,0.25000000
2026-10-05,13832,Sumare 6-Orquidea,CPFL-PAULISTA,33050196000188,DEC,2023,10,0.35000000
2026-10-05,13820,Cosmopolis 1,CPFL-PAULISTA,33050196000188,NumCon,2023,1,24895.00000000
2026-10-05,13836,Hortolandia 1,CPFL-PAULISTA,33050196000188,NumCon,2023,5,57841.00000000
2026-10-05,13829,Santa Barbara 2-Barbarense,CPFL-PAULISTA,33050196000188,FEC,2023,11,0.42000000
2026-10-05,13820,Cosmopolis 1,CPFL-PAULISTA,33050196000188,NumCon,2023,7,25040.00000000
2026-10-05,13837,Hortolandia 2-Morro Azul,CPFL-PAULISTA,33050196000188,DEC,2023,12,0.36000000
2026-10-05,13829,Santa Barbara 2-Barbarense,CPFL-PAULISTA,33050196000188,FEC,2023,10,0.16000000
2026-10-05,13821,Americana 5-Ipe,CPFL-PAULISTA,33050196000188,DEC,2023,9,0.24000000
2026-10-05,13807,Campinas 6-Taquaral,CPFL-PAULISTA,33050196000188,DEC,2023,7,0.08000000
2026-10-05,13819,Paulinia 1,CPFL-PAULISTA,33050196000188,FEC,2023,9,0.21000000
2026-10-05,13829,Santa Barbara 2-Barbarense,CPFL-PAULISTA,33050196000188,FEC,2023,9,0.26000000
2026-10-05,13809,Campinas 10-Chapadão,CPFL-PAULISTA,33050196000188,FEC,2023,8,0.09000000
2026-10-05,13811,Campinas 4-Boa Vista,CPFL-PAULISTA,33050196000188,FEC,2023,5,0.16000000
2026-10-05,13837,Hortolandia 2-Morro Azul,CPFL-PAULISTA,33050196000188,DEC,2023,6,0.20000000
2026-10-05,13810,Campinas 12-Cidade Jardim,CPFL-PAULISTA,33050196000188,FEC,2023,12,0.23000000
2026-10-05,13836,Hortolandia 1,CPFL-PAULISTA,33050196000188,NumCon,2023,7,58265.00000000
2026-10-05,13797,Itatiba 3-Colonial,CPFL-PAULISTA,33050196000188,NumCon,2023,9,34859.00000000
2026-10-05,13822,Americana 2-Campo Verde,CPFL-PAULISTA,33050196000188,DEC,2023,1,0.12000000
2026-10-05,13802,Valinhos 1,CPFL-PAULISTA,33050196000188,NumCon,2023,10,36108.00000000
2026-10-05,13835,Sumare 3-Quilombo,CPFL-PAULISTA,33050196000188,DEC,2023,7,0.35000000
2026-10-05,13797,Itatiba 3-Colonial,CPFL-PAULISTA,33050196000188,NumCon,2023,12,34929.00000000
2026-10-05,13837,Hortolandia 2-Morro Azul,CPFL-PAULISTA,33050196000188,DEC,2023,11,0.40000000
2026-10-05,13812,Campinas 14-Bandeirantes,CPFL-PAULISTA,33050196000188,FEC,2023,8,0.15000000
2026-10-05,13807,Campinas 6-Taquaral,CPFL-PAULISTA,33050196000188,NumCon,2023,7,39032.00000000
2026-10-05,13835,Sumare 3-Quilombo,CPFL-PAULISTA,33050196000188,DEC,2023,2,0.26000000
2026-10-05,13826,Americana 4-Jardim,CPFL-PAULISTA,33050196000188,NumCon,2023,4,42882.00000000
2026-10-05,13807,Campinas 6-Taquaral,CPFL-PAULISTA,33050196000188,DEC,2023,9,0.19000000
2026-10-05,16441,Campinas 7-Tanquinho,CPFL-PAULISTA,33050196000188,NumCon,2023,6,21502.00000000
2026-10-05,13814,Campinas 15-Dic,CPFL-PAULISTA,33050196000188,DEC,2023,4,0.40000000
2026-10-05,13819,Paulinia 1,CPFL-PAULISTA,33050196000188,FEC,2023,5,0.30000000
2026-10-05,13540,MOGI MIRIM UM,ELEKTRO,02328280000197,NumCon,2023,2,27533.00000000
2026-10-05,13811,Campinas 4-Boa Vista,CPFL-PAULISTA,33050196000188,FEC,2023,10,0.44000000
2026-10-05,13829,Santa Barbara 2-Barbarense,CPFL-PAULISTA,33050196000188,FEC,2023,1,0.31000000
2026-10-05,13835,Sumare 3-Quilombo,CPFL-PAULISTA,33050196000188,DEC,2023,3,0.12000000
2026-10-05,13796,Itatiba 2-Cruzeiro,CPFL-PAULISTA,33050196000188,FEC,2023,11,0.32000000
2026-10-05,13807,Campinas 6-Taquaral,CPFL-PAULISTA,33050196000188,NumCon,2023,8,39191.00000000
2026-10-05,13836,Hortolandia 1,CPFL-PAULISTA,33050196000188,NumCon,2023,1,57572.00000000
2026-10-05,13807,Campinas 6-Taquaral,CPFL-PAULISTA,33050196000188,DEC,2023,2,0.18000000
2026-10-05,13821,Americana 5-Ipe,CPFL-PAULISTA,33050196000188,FEC,2023,8,0.26000000
2026-10-05,13834,Sumare 4-Nova Aparecida,CPFL-PAULISTA,33050196000188,DEC,2023,5,0.07000000
2026-10-05,13832,Sumare 6-Orquidea,CPFL-PAULISTA,33050196000188,DEC,2023,11,0.31000000
2026-10-05,13826,Americana 4-Jardim,CPFL-PAULISTA,33050196000188,NumCon,2023,10,43259.00000000
2026-10-05,13802,Valinhos 1,CPFL-PAULISTA,33050196000188,FEC,2023,3,0.10000000
2026-10-05,13835,Sumare 3-Quilombo,CPFL-PAULISTA,33050196000188,DEC,2023,10,0.43000000
2026-10-05,13796,Itatiba 2-Cruzeiro,CPFL-PAULISTA,33050196000188,FEC,2023,7,0.34000000
2026-10-05,13808,Campinas 1-Centro,CPFL-PAULISTA,33050196000188,NumCon,2023,9,62303.00000000
2026-10-05,13822,Americana 2-Campo Verde,CPFL-PAULISTA,33050196000188,DEC,2023,4,0.28000000
2026-10-05,13835,Sumare 3-Quilombo,CPFL-PAULISTA,33050196000188,DEC,2023,1,0.73000000
2026-10-05,13793,Nova Odessa 1,CPFL-PAULISTA,33050196000188,FEC,2023,6,0.25000000
2026-10-05,13807,Campinas 6-Taquaral,CPFL-PAULISTA,33050196000188,NumCon,2023,3,38917.00000000
2026-10-05,13811,Campinas 4-Boa Vista,CPFL-PAULISTA,33050196000188,FEC,2023,3,0.41000000
2026-10-05,13829,Santa Barbara 2-Barbarense,CPFL-PAULISTA,33050196000188,FEC,2023,12,0.08000000
2026-10-05,13796,Itatiba 2-Cruzeiro,CPFL-PAULISTA,33050196000188,FEC,2023,9,0.17000000
2026-10-05,13836,Hortolandia 1,CPFL-PAULISTA,33050196000188,DEC,2023,1,0.23000000
2026-10-05,13811,Campinas 4-Boa Vista,CPFL-PAULISTA,33050196000188,FEC,2023,11,0.24000000
2026-10-05,13843,Piracicaba 4-Unileste,CPFL-PAULISTA,33050196000188,FEC,2023,6,0.04000000
2026-10-05,13818,Paulinia 2-Morumbi,CPFL-PAULISTA,33050196000188,FEC,2023,8,0.27000000
2026-10-05,13836,Hortolandia 1,CPFL-PAULISTA,33050196000188,DEC,2023,4,0.30000000
2026-10-05,13797,Itatiba 3-Colonial,CPFL-PAULISTA,33050196000188,NumCon,2023,10,34758.00000000
2026-10-05,13829,Santa Barbara 2-Barbarense,CPFL-PAULISTA,33050196000188,NumCon,2023,9,27848.00000000
2026-10-05,13808,Campinas 1-Centro,CPFL-PAULISTA,33050196000188,DEC,2023,1,0.09000000
2026-10-05,13810,Campinas 12-Cidade Jardim,CPFL-PAULISTA,33050196000188,FEC,2023,2,0.22000000
2026-10-05,13540,MOGI MIRIM UM,ELEKTRO,02328280000197,NumCon,2023,3,27575.00000000
2026-10-05,13811,Campinas 4-Boa Vista,CPFL-PAULISTA,33050196000188,FEC,2023,9,0.25000000
2026-10-05,13802,Valinhos 1,CPFL-PAULISTA,33050196000188,FEC,2023,10,0.33000000
2026-10-05,13837,Hortolandia 2-Morro Azul,CPFL-PAULISTA,33050196000188,FEC,2023,6,0.08000000
2026-10-05,13805,Campinas 3-Trevo,CPFL-PAULISTA,33050196000188,NumCon,2023,1,39773.00000000
2026-10-05,13797,Itatiba 3-Colonial,CPFL-PAULISTA,33050196000188,NumCon,2023,2,34461.00000000
2026-10-05,13540,MOGI MIRIM UM,ELEKTRO,02328280000197,NumCon,2023,8,27721.00000000
2026-10-05,13540,MOGI MIRIM UM,ELEKTRO,02328280000197,NumCon,2023,10,27715.00000000
2026-10-05,13826,Americana 4-Jardim,CPFL-PAULISTA,33050196000188,NumCon,2023,2,42701.00000000
2026-10-05,13793,Nova Odessa 1,CPFL-PAULISTA,33050196000188,FEC,2023,3,0.15000000
2026-10-05,13835,Sumare 3-Quilombo,CPFL-PAULISTA,33050196000188,DEC,2023,11,0.33000000
2026-10-05,13797,Itatiba 3-Colonial,CPFL-PAULISTA,33050196000188,NumCon,2023,4,34603.00000000
2026-10-05,13837,Hortolandia 2-Morro Azul,CPFL-PAULISTA,33050196000188,DEC,2023,9,0.33000000
2026-10-05,13835,Sumare 3-Quilombo,CPFL-PAULISTA,33050196000188,DEC,2023,6,0.28000000
2026-10-05,13793,Nova Odessa 1,CPFL-PAULISTA,33050196000188,FEC,2023,10,0.33000000
2026-10-05,13832,Sumare 6-Orquidea,CPFL-PAULISTA,33050196000188,DEC,2023,5,0.17000000
2026-10-05,13808,Campinas 1-Centro,CPFL-PAULISTA,33050196000188,DEC,2023,2,0.11000000
2026-10-05,13810,Campinas 12-Cidade Jardim,CPFL-PAULISTA,33050196000188,FEC,2023,11,0.16000000
2026-10-05,13808,Campinas 1-Centro,CPFL-PAULISTA,33050196000188,DEC,2023,7,0.13000000
2026-10-05,13829,Santa Barbara 2-Barbarense,CPFL-PAULISTA,33050196000188,FEC,2023,7,0.11000000
2026-10-05,13811,Campinas 4-Boa Vista,CPFL-PAULISTA,33050196000188,FEC,2023,7,0.38000000
2026-10-05,13830,Sumare 1,CPFL-PAULISTA,33050196000188,DEC,2023,6,0.15000000
2026-10-05,13797,Itatiba 3-Colonial,CPFL-PAULISTA,33050196000188,NumCon,2023,5,34661.00000000
2026-10-05,13818,Paulinia 2-Morumbi,CPFL-PAULISTA,33050196000188,FEC,2023,6,0.10000000
2026-10-05,13837,Hortolandia 2-Morro Azul,CPFL-PAULISTA,33050196000188,DEC,2023,4,0.17000000
2026-10-05,13840,Capivari 1,CPFL-PAULISTA,33050196000188,DEC,2023,9,0.36000000
2026-10-05,13796,Itatiba 2-Cruzeiro,CPFL-PAULISTA,33050196000188,FEC,2023,12,0.43000000
2026-10-05,13835,Sumare 3-Quilombo,CPFL-PAULISTA,33050196000188,DEC,2023,5,0.08000000
2026-10-05,13809,Campinas 10-Chapadão,CPFL-PAULISTA,33050196000188,FEC,2023,6,0.08000000
2026-10-05,13808,Campinas 1-Centro,CPFL-PAULISTA,33050196000188,DEC,2023,4,0.06000000
2026-10-05,13809,Campinas 10-Chapadão,CPFL-PAULISTA,33050196000188,FEC,2023,10,0.27000000
2026-10-05,13840,Capivari 1,CPFL-PAULISTA,33050196000188,DEC,2023,11,0.25000000
2026-10-05,13843,Piracicaba 4-Unileste,CPFL-PAULISTA,33050196000188,FEC,2023,8,0.25000000
2026-10-05,13807,Campinas 6-Taquaral,CPFL-PAULISTA,33050196000188,NumCon,2023,1,38841.00000000
2026-10-05,13809,Campinas 10-Chapadão,CPFL-PAULISTA,33050196000188,FEC,2023,3,0.33000000
2026-10-05,13797,Itatiba 3-Colonial,CPFL-PAULISTA,33050196000188,NumCon,2023,1,34458.00000000
2026-10-05,13829,Santa Barbara 2-Barbarense,CPFL-PAULISTA,33050196000188,FEC,2023,5,0.10000000
2026-10-05,13830,Sumare 1,CPFL-PAULISTA,33050196000188,FEC,2023,1,0.20000000
2026-10-05,13808,Campinas 1-Centro,CPFL-PAULISTA,33050196000188,NumCon,2023,5,62385.00000000
2026-10-05,13821,Americana 5-Ipe,CPFL-PAULISTA,33050196000188,DEC,2023,11,0.48000000
2026-10-05,13819,Paulinia 1,CPFL-PAULISTA,33050196000188,FEC,2023,11,0.20000000
2026-10-05,13841,Rio das Pedras 1,CPFL-PAULISTA,33050196000188,FEC,2023,5,0.12000000
2026-10-05,13797,Itatiba 3-Colonial,CPFL-PAULISTA,33050196000188,NumCon,2023,8,34946.00000000
2026-10-05,13814,Campinas 15-Dic,CPFL-PAULISTA,33050196000188,FEC,2023,1,0.28000000
2026-10-05,13821,Americana 5-Ipe,CPFL-PAULISTA,33050196000188,DEC,2023,6,0.29000000
2026-10-05,13835,Sumare 3-Quilombo,CPFL-PAULISTA,33050196000188,DEC,2023,12,0.28000000
2026-10-05,13808,Campinas 1-Centro,CPFL-PAULISTA,33050196000188,DEC,2023,6,0.09000000
2026-10-05,13807,Campinas 6-Taquaral,CPFL-PAULISTA,33050196000188,FEC,2023,10,0.15000000
2026-10-05,13841,Rio das Pedras 1,CPFL-PAULISTA,33050196000188,FEC,2023,7,0.31000000
2026-10-05,13797,Itatiba 3-Colonial,CPFL-PAULISTA,33050196000188,NumCon,2023,3,34538.00000000
2026-10-05,13819,Paulinia 1,CPFL-PAULISTA,33050196000188,DEC,2023,1,0.49000000
2026-10-05,13830,Sumare 1,CPFL-PAULISTA,33050196000188,FEC,2023,3,0.14000000
2026-10-05,13820,Cosmopolis 1,CPFL-PAULISTA,33050196000188,FEC,2023,10,0.15000000
2026-10-05,13808,Campinas 1-Centro,CPFL-PAULISTA,33050196000188,DEC,2023,3,0.12000000
2026-10-05,13837,Hortolandia 2-Morro Azul,CPFL-PAULISTA,33050196000188,FEC,2023,9,0.26000000
2026-10-05,13808,Campinas 1-Centro,CPFL-PAULISTA,33050196000188,DEC,2023,10,0.23000000
2026-10-05,13814,Campinas 15-Dic,CPFL-PAULISTA,33050196000188,FEC,2023,9,0.15000000
2026-10-05,13814,Campinas 15-Dic,CPFL-PAULISTA,33050196000188,FEC,2023,11,0.17000000
2026-10-05,13797,Itatiba 3-Colonial,CPFL-PAULISTA,33050196000188,NumCon,2023,7,34793.00000000
2026-10-05,13821,Americana 5-Ipe,CPFL-PAULISTA,33050196000188,DEC,2023,3,0.35000000
2026-10-05,13808,Campinas 1-Centro,CPFL-PAULISTA,33050196000188,NumCon,2023,3,62276.00000000
2026-10-05,13821,Americana 5-Ipe,CPFL-PAULISTA,33050196000188,DEC,2023,10,0.43000000
2026-10-05,13812,Campinas 14-Bandeirantes,CPFL-PAULISTA,33050196000188,FEC,2023,11,0.18000000
2026-10-05,13793,Nova Odessa 1,CPFL-PAULISTA,33050196000188,FEC,2023,1,0.12000000
2026-10-05,13820,Cosmopolis 1,CPFL-PAULISTA,33050196000188,DEC,2023,6,0.39000000
2026-10-05,13836,Hortolandia 1,CPFL-PAULISTA,33050196000188,DEC,2023,8,0.51000000
2026-10-05,13818,Paulinia 2-Morumbi,CPFL-PAULISTA,33050196000188,DEC,2023,7,0.26000000
2026-10-05,13820,Cosmopolis 1,CPFL-PAULISTA,33050196000188,FEC,2023,8,0.13000000
2026-10-05,13818,Paulinia 2-Morumbi,CPFL-PAULISTA,33050196000188,DEC,2023,2,0.29000000
2026-10-05,13837,Hortolandia 2-Morro Azul,CPFL-PAULISTA,33050196000188,FEC,2023,4,0.09000000
2026-10-05,13826,Americana 4-Jardim,CPFL-PAULISTA,33050196000188,FEC,2023,2,0.18000000
2026-10-05,13818,Paulinia 2-Morumbi,CPFL-PAULISTA,33050196000188,FEC,2023,5,0.15000000
2026-10-05,13805,Campinas 3-Trevo,CPFL-PAULISTA,33050196000188,FEC,2023,6,0.13000000
2026-10-05,13836,Hortolandia 1,CPFL-PAULISTA,33050196000188,DEC,2023,5,0.21000000
2026-10-05,13818,Paulinia 2-Morumbi,CPFL-PAULISTA,33050196000188,DEC,2023,1,0.48000000
2026-10-05,13830,Sumare 1,CPFL-PAULISTA,33050196000188,FEC,2023,2,0.43000000
2026-10-05,13814,Campinas 15-Dic,CPFL-PAULISTA,33050196000188,FEC,2023,4,0.23000000
2026-10-05,13818,Paulinia 2-Morumbi,CPFL-PAULISTA,33050196000188,FEC,2023,9,0.17000000
2026-10-05,13837,Hortolandia 2-Morro Azul,CPFL-PAULISTA,33050196000188,FEC,2023,2,0.61000000
2026-10-05,13820,Cosmopolis 1,CPFL-PAULISTA,33050196000188,FEC,2023,2,0.24000000
2026-10-05,13808,Campinas 1-Centro,CPFL-PAULISTA,33050196000188,DEC,2023,12,0.25000000
2026-10-05,13841,Rio das Pedras 1,CPFL-PAULISTA,33050196000188,FEC,2023,11,0.05000000
2026-10-05,13837,Hortolandia 2-Morro Azul,CPFL-PAULISTA,33050196000188,DEC,2023,8,0.34000000
2026-10-05,13826,Americana 4-Jardim,CPFL-PAULISTA,33050196000188,FEC,2023,4,0.12000000
2026-10-05,13821,Americana 5-Ipe,CPFL-PAULISTA,33050196000188,DEC,2023,2,0.16000000
2026-10-05,13818,Paulinia 2-Morumbi,CPFL-PAULISTA,33050196000188,DEC,2023,6,0.24000000
2026-10-05,13793,Nova Odessa 1,CPFL-PAULISTA,33050196000188,FEC,2023,11,0.27000000
2026-10-05,13812,Campinas 14-Bandeirantes,CPFL-PAULISTA,33050196000188,FEC,2023,12,0.39000000
2026-10-05,13808,Campinas 1-Centro,CPFL-PAULISTA,33050196000188,NumCon,2023,7,62437.00000000
2026-10-05,13809,Campinas 10-Chapadão,CPFL-PAULISTA,33050196000188,NumCon,2023,1,14370.00000000
2026-10-05,13808,Campinas 1-Centro,CPFL-PAULISTA,33050196000188,DEC,2023,11,0.27000000
2026-10-05,13809,Campinas 10-Chapadão,CPFL-PAULISTA,33050196000188,NumCon,2023,9,14344.00000000
2026-10-05,13805,Campinas 3-Trevo,CPFL-PAULISTA,33050196000188,FEC,2023,8,0.12000000
2026-10-05,13840,Capivari 1,CPFL-PAULISTA,33050196000188,DEC,2023,1,0.26000000
2026-10-05,13821,Americana 5-Ipe,CPFL-PAULISTA,33050196000188,DEC,2023,7,0.44000000
2026-10-05,13840,Capivari 1,CPFL-PAULISTA,33050196000188,DEC,2023,4,0.28000000
2026-10-05,13807,Campinas 6-Taquaral,CPFL-PAULISTA,33050196000188,FEC,2023,3,0.07000000
2026-10-05,13818,Paulinia 2-Morumbi,CPFL-PAULISTA,33050196000188,FEC,2023,7,0.12000000
2026-10-05,13830,Sumare 1,CPFL-PAULISTA,33050196000188,FEC,2023,8,0.10000000
2026-10-05,13808,Campinas 1-Centro,CPFL-PAULISTA,33050196000188,NumCon,2023,8,62557.00000000
2026-10-05,13814,Campinas 15-Dic,CPFL-PAULISTA,33050196000188,FEC,2023,2,0.34000000
2026-10-05,13808,Campinas 1-Centro,CPFL-PAULISTA,33050196000188,DEC,2023,9,0.16000000
2026-10-05,13830,Sumare 1,CPFL-PAULISTA,33050196000188,FEC,2023,6,0.06000000
2026-10-05,13457,ARTUR NOGUEIRA,ELEKTRO,02328280000197,FEC,2023,9,0.15000000
2026-10-05,13841,Rio das Pedras 1,CPFL-PAULISTA,33050196000188,FEC,2023,9,0.05000000
2026-10-05,2922,JAGUARIUNA,CPFL JAGUARI,53859112000169,NumCon,2023,1,26973.00000000
2026-10-05,13540,MOGI MIRIM UM,ELEKTRO,02328280000197,DEC,2023,5,0.31000000
2026-10-05,13841,Rio das Pedras 1,CPFL-PAULISTA,33050196000188,FEC,2023,4,0.04000000
2026-10-05,2922,JAGUARIUNA,CPFL JAGUARI,53859112000169,NumCon,2023,4,27127.00000000
2026-10-05,2922,JAGUARIUNA,CPFL JAGUARI,53859112000169,NumCon,2023,7,27238.00000000
2026-10-05,2922,JAGUARIUNA,CPFL JAGUARI,53859112000169,NumCon,2023,2,27000.00000000
2026-10-05,2922,JAGUARIUNA,CPFL JAGUARI,53859112000169,NumCon,2023,9,27466.00000000
2026-10-05,13540,MOGI MIRIM UM,ELEKTRO,02328280000197,DEC,2023,11,0.60000000
2026-10-05,13800,Campinas 9-Paineiras,CPFL-PAULISTA,33050196000188,FEC,2023,4,0.17000000
2026-10-05,2922,JAGUARIUNA,CPFL JAGUARI,53859112000169,NumCon,2023,6,27279.00000000
2026-10-05,2922,JAGUARIUNA,CPFL JAGUARI,53859112000169,NumCon,2023,3,27027.00000000
2026-10-05,2922,JAGUARIUNA,CPFL JAGUARI,53859112000169,NumCon,2023,8,27293.00000000
2026-10-05,13819,Paulinia 1,CPFL-PAULISTA,33050196000188,DEC,2023,2,0.93000000
2026-10-05,13830,Sumare 1,CPFL-PAULISTA,33050196000188,NumCon,2023,3,24349.00000000
2026-10-05,13819,Paulinia 1,CPFL-PAULISTA,33050196000188,DEC,2023,7,0.54000000
2026-10-05,13800,Campinas 9-Paineiras,CPFL-PAULISTA,33050196000188,FEC,2023,6,0.11000000
2026-10-05,13802,Valinhos 1,CPFL-PAULISTA,33050196000188,DEC,2023,8,0.38000000
2026-10-05,13830,Sumare 1,CPFL-PAULISTA,33050196000188,NumCon,2023,12,24768.00000000
2026-10-05,13820,Cosmopolis 1,CPFL-PAULISTA,33050196000188,FEC,2023,3,0.69000000
2026-10-05,13820,Cosmopolis 1,CPFL-PAULISTA,33050196000188,FEC,2023,12,1.27000000
2026-10-05,13800,Campinas 9-Paineiras,CPFL-PAULISTA,33050196000188,DEC,2023,1,0.24000000
2026-10-05,13800,Campinas 9-Paineiras,CPFL-PAULISTA,33050196000188,DEC,2023,7,0.27000000
2026-10-05,13820,Cosmopolis 1,CPFL-PAULISTA,33050196000188,FEC,2023,4,0.18000000
2026-10-05,13800,Campinas 9-Paineiras,CPFL-PAULISTA,33050196000188,DEC,2023,2,0.19000000
2026-10-05,13800,Campinas 9-Paineiras,CPFL-PAULISTA,33050196000188,FEC,2023,8,0.16000000
2026-10-05,13540,MOGI MIRIM UM,ELEKTRO,02328280000197,DEC,2023,4,0.33000000
2026-10-05,13826,Americana 4-Jardim,CPFL-PAULISTA,33050196000188,FEC,2023,8,0.12000000
2026-10-05,13835,Sumare 3-Quilombo,CPFL-PAULISTA,33050196000188,FEC,2023,7,0.14000000
2026-10-05,13819,Paulinia 1,CPFL-PAULISTA,33050196000188,DEC,2023,8,0.43000000
2026-10-05,13820,Cosmopolis 1,CPFL-PAULISTA,33050196000188,FEC,2023,6,0.41000000
2026-10-05,13819,Paulinia 1,CPFL-PAULISTA,33050196000188,DEC,2023,9,0.33000000
2026-10-05,13800,Campinas 9-Paineiras,CPFL-PAULISTA,33050196000188,FEC,2023,3,0.14000000
2026-10-05,13835,Sumare 3-Quilombo,CPFL-PAULISTA,33050196000188,FEC,2023,9,0.12000000
2026-10-05,13832,Sumare 6-Orquidea,CPFL-PAULISTA,33050196000188,NumCon,2023,9,21097.00000000
2026-10-05,13830,Sumare 1,CPFL-PAULISTA,33050196000188,NumCon,2023,10,24412.00000000
2026-10-05,13820,Cosmopolis 1,CPFL-PAULISTA,33050196000188,FEC,2023,11,0.18000000
2026-10-05,2922,JAGUARIUNA,CPFL JAGUARI,53859112000169,NumCon,2023,10,27499.00000000
2026-10-05,13836,Hortolandia 1,CPFL-PAULISTA,33050196000188,DEC,2023,3,0.20000000
2026-10-05,13800,Campinas 9-Paineiras,CPFL-PAULISTA,33050196000188,DEC,2023,9,0.44000000
2026-10-05,13836,Hortolandia 1,CPFL-PAULISTA,33050196000188,DEC,2023,10,0.32000000
2026-10-05,13830,Sumare 1,CPFL-PAULISTA,33050196000188,NumCon,2023,7,24307.00000000
2026-10-05,13802,Valinhos 1,CPFL-PAULISTA,33050196000188,DEC,2023,9,0.58000000
2026-10-05,13830,Sumare 1,CPFL-PAULISTA,33050196000188,NumCon,2023,2,24309.00000000
2026-10-05,13830,Sumare 1,CPFL-PAULISTA,33050196000188,DEC,2023,5,0.15000000
2026-10-05,13820,Cosmopolis 1,CPFL-PAULISTA,33050196000188,FEC,2023,1,0.18000000
2026-10-05,13812,Campinas 14-Bandeirantes,CPFL-PAULISTA,33050196000188,FEC,2023,7,0.17000000
2026-10-05,13800,Campinas 9-Paineiras,CPFL-PAULISTA,33050196000188,DEC,2023,12,0.32000000
2026-10-05,13818,Paulinia 2-Morumbi,CPFL-PAULISTA,33050196000188,DEC,2023,12,0.24000000
2026-10-05,13796,Itatiba 2-Cruzeiro,CPFL-PAULISTA,33050196000188,NumCon,2023,10,19759.00000000
2026-10-05,13837,Hortolandia 2-Morro Azul,CPFL-PAULISTA,33050196000188,DEC,2023,5,0.37000000
2026-10-05,13830,Sumare 1,CPFL-PAULISTA,33050196000188,NumCon,2023,4,24334.00000000
2026-10-05,13818,Paulinia 2-Morumbi,CPFL-PAULISTA,33050196000188,DEC,2023,4,0.12000000
2026-10-05,13837,Hortolandia 2-Morro Azul,CPFL-PAULISTA,33050196000188,FEC,2023,11,0.24000000
2026-10-05,13812,Campinas 14-Bandeirantes,CPFL-PAULISTA,33050196000188,FEC,2023,9,0.29000000
2026-10-05,13800,Campinas 9-Paineiras,CPFL-PAULISTA,33050196000188,FEC,2023,12,0.26000000
2026-10-05,13835,Sumare 3-Quilombo,CPFL-PAULISTA,33050196000188,FEC,2023,11,0.22000000
2026-10-05,13835,Sumare 3-Quilombo,CPFL-PAULISTA,33050196000188,DEC,2023,9,0.20000000
2026-10-05,13809,Campinas 10-Chapadão,CPFL-PAULISTA,33050196000188,NumCon,2023,6,14388.00000000
2026-10-05,13821,Americana 5-Ipe,CPFL-PAULISTA,33050196000188,DEC,2023,8,0.51000000
2026-10-05,13809,Campinas 10-Chapadão,CPFL-PAULISTA,33050196000188,NumCon,2023,11,14365.00000000
2026-10-05,13830,Sumare 1,CPFL-PAULISTA,33050196000188,NumCon,2023,8,24412.00000000
2026-10-05,13808,Campinas 1-Centro,CPFL-PAULISTA,33050196000188,NumCon,2023,2,61356.00000000
2026-10-05,13809,Campinas 10-Chapadão,CPFL-PAULISTA,33050196000188,NumCon,2023,5,14376.00000000
2026-10-05,13835,Sumare 3-Quilombo,CPFL-PAULISTA,33050196000188,DEC,2023,8,0.54000000
2026-10-05,13793,Nova Odessa 1,CPFL-PAULISTA,33050196000188,FEC,2023,4,0.23000000
2026-10-05,13821,Americana 5-Ipe,CPFL-PAULISTA,33050196000188,DEC,2023,5,0.13000000
2026-10-05,13812,Campinas 14-Bandeirantes,CPFL-PAULISTA,33050196000188,FEC,2023,5,0.18000000
2026-10-05,13809,Campinas 10-Chapadão,CPFL-PAULISTA,33050196000188,NumCon,2023,4,14355.00000000
2026-10-05,13819,Paulinia 1,CPFL-PAULISTA,33050196000188,DEC,2023,4,0.28000000
2026-10-05,13808,Campinas 1-Centro,CPFL-PAULISTA,33050196000188,NumCon,2023,10,62065.00000000
2026-10-05,13820,Cosmopolis 1,CPFL-PAULISTA,33050196000188,DEC,2023,5,0.10000000
2026-10-05,13793,Nova Odessa 1,CPFL-PAULISTA,33050196000188,FEC,2023,12,0.03000000
2026-10-05,13809,Campinas 10-Chapadão,CPFL-PAULISTA,33050196000188,NumCon,2023,10,14333.00000000
2026-10-05,13835,Sumare 3-Quilombo,CPFL-PAULISTA,33050196000188,DEC,2023,4,0.11000000
2026-10-05,13800,Campinas 9-Paineiras,CPFL-PAULISTA,33050196000188,DEC,2023,3,0.23000000
2026-10-05,13820,Cosmopolis 1,CPFL-PAULISTA,33050196000188,DEC,2023,3,0.56000000
2026-10-05,13808,Campinas 1-Centro,CPFL-PAULISTA,33050196000188,NumCon,2023,12,62372.00000000
2026-10-05,13819,Paulinia 1,CPFL-PAULISTA,33050196000188,DEC,2023,10,0.84000000
2026-10-05,13793,Nova Odessa 1,CPFL-PAULISTA,33050196000188,FEC,2023,7,0.49000000
2026-10-05,13837,Hortolandia 2-Morro Azul,CPFL-PAULISTA,33050196000188,FEC,2023,1,0.04000000
2026-10-05,13835,Sumare 3-Quilombo,CPFL-PAULISTA,33050196000188,FEC,2023,6,0.26000000
2026-10-05,2922,JAGUARIUNA,CPFL JAGUARI,53859112000169,NumCon,2023,5,27197.00000000
2026-10-05,13818,Paulinia 2-Morumbi,CPFL-PAULISTA,33050196000188,DEC,2023,8,0.47000000
2026-10-05,13834,Sumare 4-Nova Aparecida,CPFL-PAULISTA,33050196000188,DEC,2023,12,0.27000000
2026-10-05,13800,Campinas 9-Paineiras,CPFL-PAULISTA,33050196000188,FEC,2023,10,0.10000000
2026-10-05,13820,Cosmopolis 1,CPFL-PAULISTA,33050196000188,DEC,2023,8,0.42000000
2026-10-05,2922,JAGUARIUNA,CPFL JAGUARI,53859112000169,NumCon,2023,11,27551.00000000
2026-10-05,2922,JAGUARIUNA,CPFL JAGUARI,53859112000169,NumCon,2023,12,27526.00000000
2026-10-05,13800,Campinas 9-Paineiras,CPFL-PAULISTA,33050196000188,DEC,2023,6,0.25000000
2026-10-05,13809,Campinas 10-Chapadão,CPFL-PAULISTA,33050196000188,NumCon,2023,8,14405.00000000
2026-10-05,13818,Paulinia 2-Morumbi,CPFL-PAULISTA,33050196000188,DEC,2023,9,0.35000000
2026-10-05,13802,Valinhos 1,CPFL-PAULISTA,33050196000188,DEC,2023,12,0.38000000
2026-10-05,13800,Campinas 9-Paineiras,CPFL-PAULISTA,33050196000188,DEC,2023,5,0.12000000
2026-10-05,13809,Campinas 10-Chapadão,CPFL-PAULISTA,33050196000188,NumCon,2023,3,14368.00000000
2026-10-05,13820,Cosmopolis 1,CPFL-PAULISTA,33050196000188,DEC,2023,10,0.38000000
2026-10-05,13809,Campinas 10-Chapadão,CPFL-PAULISTA,33050196000188,NumCon,2023,7,14351.00000000
2026-10-05,13812,Campinas 14-Bandeirantes,CPFL-PAULISTA,33050196000188,FEC,2023,2,0.20000000
2026-10-05,13809,Campinas 10-Chapadão,CPFL-PAULISTA,33050196000188,NumCon,2023,2,14356.00000000
2026-10-05,13800,Campinas 9-Paineiras,CPFL-PAULISTA,33050196000188,DEC,2023,8,0.23000000
2026-10-05,13818,Paulinia 2-Morumbi,CPFL-PAULISTA,33050196000188,FEC,2023,12,0.10000000
2026-10-05,13793,Nova Odessa 1,CPFL-PAULISTA,33050196000188,FEC,2023,2,0.33000000
2026-10-05,13802,Valinhos 1,CPFL-PAULISTA,33050196000188,DEC,2023,5,0.34000000
2026-10-05,13809,Campinas 10-Chapadão,CPFL-PAULISTA,33050196000188,NumCon,2023,12,14376.00000000
2026-10-05,13819,Paulinia 1,CPFL-PAULISTA,33050196000188,DEC,2023,6,0.34000000
2026-10-05,13819,Paulinia 1,CPFL-PAULISTA,33050196000188,DEC,2023,11,0.38000000
2026-10-05,13820,Cosmopolis 1,CPFL-PAULISTA,33050196000188,DEC,2023,12,1.27000000
2026-10-05,13818,Paulinia 2-Morumbi,CPFL-PAULISTA,33050196000188,FEC,2023,1,0.23000000
2026-10-05,13837,Hortolandia 2-Morro Azul,CPFL-PAULISTA,33050196000188,DEC,2023,10,0.16000000
2026-10-05,13834,Sumare 4-Nova Aparecida,CPFL-PAULISTA,33050196000188,DEC,2023,2,0.23000000
2026-10-05,16461,Santa Barbara Doeste 1,CPFL-PAULISTA,33050196000188,NumCon,2023,10,39933.00000000
2026-10-05,13818,Paulinia 2-Morumbi,CPFL-PAULISTA,33050196000188,DEC,2023,5,0.37000000
2026-10-05,13830,Sumare 1,CPFL-PAULISTA,33050196000188,DEC,2023,3,0.21000000
2026-10-05,13820,Cosmopolis 1,CPFL-PAULISTA,33050196000188,DEC,2023,7,0.13000000
2026-10-05,13837,Hortolandia 2-Morro Azul,CPFL-PAULISTA,33050196000188,DEC,2023,3,0.23000000
2026-10-05,13832,Sumare 6-Orquidea,CPFL-PAULISTA,33050196000188,DEC,2023,8,0.29000000
2026-10-05,13819,Paulinia 1,CPFL-PAULISTA,33050196000188,DEC,2023,3,0.50000000
2026-10-05,16461,Santa Barbara Doeste 1,CPFL-PAULISTA,33050196000188,NumCon,2023,4,39869.00000000
2026-10-05,13800,Campinas 9-Paineiras,CPFL-PAULISTA,33050196000188,FEC,2023,1,0.12000000
2026-10-05,13834,Sumare 4-Nova Aparecida,CPFL-PAULISTA,33050196000188,DEC,2023,7,0.38000000
2026-10-05,13793,Nova Odessa 1,CPFL-PAULISTA,33050196000188,FEC,2023,5,0.27000000
2026-10-05,13834,Sumare 4-Nova Aparecida,CPFL-PAULISTA,33050196000188,DEC,2023,1,0.36000000
2026-10-05,13820,Cosmopolis 1,CPFL-PAULISTA,33050196000188,DEC,2023,2,0.59000000
2026-10-05,13830,Sumare 1,CPFL-PAULISTA,33050196000188,DEC,2023,10,0.29000000
2026-10-05,13808,Campinas 1-Centro,CPFL-PAULISTA,33050196000188,NumCon,2023,1,62157.00000000
2026-10-05,13826,Americana 4-Jardim,CPFL-PAULISTA,33050196000188,FEC,2023,12,0.07000000
2026-10-05,13800,Campinas 9-Paineiras,CPFL-PAULISTA,33050196000188,FEC,2023,2,0.19000000
2026-10-05,13818,Paulinia 2-Morumbi,CPFL-PAULISTA,33050196000188,DEC,2023,3,0.37000000
2026-10-05,13812,Campinas 14-Bandeirantes,CPFL-PAULISTA,33050196000188,FEC,2023,4,0.23000000
2026-10-05,13818,Paulinia 2-Morumbi,CPFL-PAULISTA,33050196000188,DEC,2023,11,0.51000000
2026-10-05,16461,Santa Barbara Doeste 1,CPFL-PAULISTA,33050196000188,NumCon,2023,3,39860.00000000
2026-10-05,16440,Campinas 5-Andorinha,CPFL-PAULISTA,33050196000188,FEC,2023,11,0.33000000
2026-10-05,13820,Cosmopolis 1,CPFL-PAULISTA,33050196000188,DEC,2023,1,0.63000000
2026-10-05,13835,Sumare 3-Quilombo,CPFL-PAULISTA,33050196000188,FEC,2023,3,0.12000000
2026-10-05,16461,Santa Barbara Doeste 1,CPFL-PAULISTA,33050196000188,NumCon,2023,8,40040.00000000
2026-10-05,13834,Sumare 4-Nova Aparecida,CPFL-PAULISTA,33050196000188,DEC,2023,8,0.37000000
2026-10-05,13812,Campinas 14-Bandeirantes,CPFL-PAULISTA,33050196000188,FEC,2023,1,0.10000000
2026-10-05,16461,Santa Barbara Doeste 1,CPFL-PAULISTA,33050196000188,NumCon,2023,5,39888.00000000
2026-10-05,13837,Hortolandia 2-Morro Azul,CPFL-PAULISTA,33050196000188,FEC,2023,5,0.38000000
2026-10-05,13837,Hortolandia 2-Morro Azul,CPFL-PAULISTA,33050196000188,FEC,2023,12,0.26000000
2026-10-05,13819,Paulinia 1,CPFL-PAULISTA,33050196000188,DEC,2023,12,0.35000000
2026-10-05,13818,Paulinia 2-Morumbi,CPFL-PAULISTA,33050196000188,DEC,2023,10,0.53000000
2026-10-05,13800,Campinas 9-Paineiras,CPFL-PAULISTA,33050196000188,DEC,2023,11,0.54000000
2026-10-05,13834,Sumare 4-Nova Aparecida,CPFL-PAULISTA,33050196000188,DEC,2023,9,0.32000000
2026-10-05,13826,Americana 4-Jardim,CPFL-PAULISTA,33050196000188,FEC,2023,3,0.17000000
2026-10-05,13793,Nova Odessa 1,CPFL-PAULISTA,33050196000188,FEC,2023,9,0.34000000
2026-10-05,13800,Campinas 9-Paineiras,CPFL-PAULISTA,33050196000188,DEC,2023,4,0.17000000
2026-10-05,13826,Americana 4-Jardim,CPFL-PAULISTA,33050196000188,FEC,2023,1,0.08000000
2026-10-05,13837,Hortolandia 2-Morro Azul,CPFL-PAULISTA,33050196000188,FEC,2023,7,0.15000000
2026-10-05,13800,Campinas 9-Paineiras,CPFL-PAULISTA,33050196000188,DEC,2023,10,0.35000000
2026-10-05,13818,Paulinia 2-Morumbi,CPFL-PAULISTA,33050196000188,FEC,2023,11,0.28000000
2026-10-05,13821,Americana 5-Ipe,CPFL-PAULISTA,33050196000188,DEC,2023,1,0.23000000
2026-10-05,13819,Paulinia 1,CPFL-PAULISTA,33050196000188,DEC,2023,5,0.42000000
2026-10-05,13834,Sumare 4-Nova Aparecida,CPFL-PAULISTA,33050196000188,DEC,2023,4,0.23000000
2026-10-05,16461,Santa Barbara Doeste 1,CPFL-PAULISTA,33050196000188,NumCon,2023,2,39752.00000000
2026-10-05,16461,Santa Barbara Doeste 1,CPFL-PAULISTA,33050196000188,NumCon,2023,7,39956.00000000
2026-10-05,16464,Valinhos 2-Figueira,CPFL-PAULISTA,33050196000188,FEC,2023,3,0.55000000
2026-10-05,16464,Valinhos 2-Figueira,CPFL-PAULISTA,33050196000188,FEC,2023,9,0.54000000
2026-10-05,16440,Campinas 5-Andorinha,CPFL-PAULISTA,33050196000188,FEC,2023,7,0.34000000
2026-10-05,16464,Valinhos 2-Figueira,CPFL-PAULISTA,33050196000188,FEC,2023,5,0.33000000
2026-10-05,16461,Santa Barbara Doeste 1,CPFL-PAULISTA,33050196000188,NumCon,2023,12,40279.00000000
2026-10-05,16440,Campinas 5-Andorinha,CPFL-PAULISTA,33050196000188,FEC,2023,9,0.13000000
2026-10-05,16464,Valinhos 2-Figueira,CPFL-PAULISTA,33050196000188,FEC,2023,11,0.24000000
2026-10-05,16464,Valinhos 2-Figueira,CPFL-PAULISTA,33050196000188,FEC,2023,2,0.27000000
2026-10-05,16464,Valinhos 2-Figueira,CPFL-PAULISTA,33050196000188,FEC,2023,1,0.38000000
2026-10-05,16464,Valinhos 2-Figueira,CPFL-PAULISTA,33050196000188,FEC,2023,12,0.30000000
2026-10-05,16464,Valinhos 2-Figueira,CPFL-PAULISTA,33050196000188,FEC,2023,4,0.12000000
2026-10-05,16464,Valinhos 2-Figueira,CPFL-PAULISTA,33050196000188,FEC,2023,7,0.13000000
2026-10-05,16440,Campinas 5-Andorinha,CPFL-PAULISTA,33050196000188,FEC,2023,5,0.15000000
2026-10-05,16461,Santa Barbara Doeste 1,CPFL-PAULISTA,33050196000188,NumCon,2023,1,39755.00000000
2026-10-05,16440,Campinas 5-Andorinha,CPFL-PAULISTA,33050196000188,FEC,2023,1,0.12000000
2026-10-05,16440,Campinas 5-Andorinha,CPFL-PAULISTA,33050196000188,FEC,2023,10,0.17000000
2026-10-05,13810,Campinas 12-Cidade Jardim,CPFL-PAULISTA,33050196000188,NumCon,2023,9,42295.00000000
2026-10-05,16440,Campinas 5-Andorinha,CPFL-PAULISTA,33050196000188,FEC,2023,8,0.29000000
2026-10-05,16440,Campinas 5-Andorinha,CPFL-PAULISTA,33050196000188,FEC,2023,3,0.11000000
2026-10-05,16461,Santa Barbara Doeste 1,CPFL-PAULISTA,33050196000188,NumCon,2023,9,39931.00000000
2026-10-05,16461,Santa Barbara Doeste 1,CPFL-PAULISTA,33050196000188,NumCon,2023,11,40064.00000000
2026-10-05,13810,Campinas 12-Cidade Jardim,CPFL-PAULISTA,33050196000188,NumCon,2023,5,42228.00000000
2026-10-05,16440,Campinas 5-Andorinha,CPFL-PAULISTA,33050196000188,FEC,2023,12,0.19000000
2026-10-05,13810,Campinas 12-Cidade Jardim,CPFL-PAULISTA,33050196000188,NumCon,2023,11,42672.00000000
2026-10-05,16461,Santa Barbara Doeste 1,CPFL-PAULISTA,33050196000188,NumCon,2023,6,39982.00000000
2026-10-05,16440,Campinas 5-Andorinha,CPFL-PAULISTA,33050196000188,FEC,2023,6,0.13000000
2026-10-05,16440,Campinas 5-Andorinha,CPFL-PAULISTA,33050196000188,FEC,2023,4,0.08000000
2026-10-05,16440,Campinas 5-Andorinha,CPFL-PAULISTA,33050196000188,FEC,2023,2,0.16000000
2026-10-05,13831,Sumare 5-Nova Veneza,CPFL-PAULISTA,33050196000188,FEC,2024,3,0.23000000
2026-10-05,13832,Sumare 6-Orquidea,CPFL-PAULISTA,33050196000188,NumCon,2024,11,16597.00000000
2026-10-05,13805,Campinas 3-Trevo,CPFL-PAULISTA,33050196000188,FEC,2024,9,0.12000000
2026-10-05,13830,Sumare 1,CPFL-PAULISTA,33050196000188,NumCon,2024,12,33161.00000000
2026-10-05,13808,Campinas 1-Centro,CPFL-PAULISTA,33050196000188,NumCon,2024,2,71584.00000000
2026-10-05,16440,Campinas 5-Andorinha,CPFL-PAULISTA,33050196000188,NumCon,2024,10,69299.00000000
2026-10-05,13824,Nova Odessa 2-Fazenda Velha,CPFL-PAULISTA,33050196000188,NumCon,2024,3,19975.00000000
2026-10-05,13831,Sumare 5-Nova Veneza,CPFL-PAULISTA,33050196000188,FEC,2024,1,0.06000000
2026-10-05,16722,CEMIRIM,CEMIRIM,52777034000190,NumCon,2024,12,17391.00000000
2026-10-05,13796,Itatiba 2-Cruzeiro,CPFL-PAULISTA,33050196000188,DEC,2024,2,0.56000000
2026-10-05,13793,Nova Odessa 1,CPFL-PAULISTA,33050196000188,DEC,2024,5,0.19000000
2026-10-05,13824,Nova Odessa 2-Fazenda Velha,CPFL-PAULISTA,33050196000188,NumCon,2024,11,20521.00000000
2026-10-05,13812,Campinas 14-Bandeirantes,CPFL-PAULISTA,33050196000188,DEC,2024,3,0.40000000
2026-10-05,13819,Paulinia 1,CPFL-PAULISTA,33050196000188,NumCon,2024,3,31950.00000000
2026-10-05,13800,Campinas 9-Paineiras,CPFL-PAULISTA,33050196000188,FEC,2024,7,0.11000000
2026-10-05,16722,CEMIRIM,CEMIRIM,52777034000190,NumCon,2024,2,16933.00000000
2026-10-05,13811,Campinas 4-Boa Vista,CPFL-PAULISTA,33050196000188,FEC,2024,9,0.33000000
2026-10-05,13832,Sumare 6-Orquidea,CPFL-PAULISTA,33050196000188,NumCon,2024,3,16390.00000000
2026-10-05,13841,Rio das Pedras 1,CPFL-PAULISTA,33050196000188,NumCon,2024,11,13052.00000000
2026-10-05,13831,Sumare 5-Nova Veneza,CPFL-PAULISTA,33050196000188,FEC,2024,7,0.17000000
2026-10-05,13830,Sumare 1,CPFL-PAULISTA,33050196000188,NumCon,2024,7,32784.00000000
2026-10-05,13810,Campinas 12-Cidade Jardim,CPFL-PAULISTA,33050196000188,FEC,2024,5,0.01000000
2026-10-05,16441,Campinas 7-Tanquinho,CPFL-PAULISTA,33050196000188,NumCon,2024,9,27195.00000000
2026-10-05,13805,Campinas 3-Trevo,CPFL-PAULISTA,33050196000188,FEC,2024,4,0.10000000
2026-10-05,16441,Campinas 7-Tanquinho,CPFL-PAULISTA,33050196000188,FEC,2024,5,0.28000000
2026-10-05,13817,Campinas 11-Barao Geraldo,CPFL-PAULISTA,33050196000188,NumCon,2024,11,7644.00000000
2026-10-05,16461,Santa Barbara Doeste 1,CPFL-PAULISTA,33050196000188,FEC,2024,11,0.05000000
2026-10-05,13540,MOGI MIRIM UM,ELEKTRO,02328280000197,DEC,2024,4,0.26000000
2026-10-05,16461,Santa Barbara Doeste 1,CPFL-PAULISTA,33050196000188,NumCon,2024,12,34302.00000000
2026-10-05,13805,Campinas 3-Trevo,CPFL-PAULISTA,33050196000188,FEC,2024,5,0.13000000
2026-10-05,13817,Campinas 11-Barao Geraldo,CPFL-PAULISTA,33050196000188,NumCon,2024,10,7716.00000000
2026-10-05,13808,Campinas 1-Centro,CPFL-PAULISTA,33050196000188,NumCon,2024,1,70457.00000000
2026-10-05,13817,Campinas 11-Barao Geraldo,CPFL-PAULISTA,33050196000188,NumCon,2024,6,7691.00000000
2026-10-05,13805,Campinas 3-Trevo,CPFL-PAULISTA,33050196000188,NumCon,2024,1,39328.00000000
2026-10-05,16722,CEMIRIM,CEMIRIM,52777034000190,NumCon,2024,7,17181.00000000
2026-10-05,13457,ARTUR NOGUEIRA,ELEKTRO,02328280000197,NumCon,2024,6,32880.00000000
2026-10-05,13808,Campinas 1-Centro,CPFL-PAULISTA,33050196000188,FEC,2024,2,0.09000000
2026-10-05,13817,Campinas 11-Barao Geraldo,CPFL-PAULISTA,33050196000188,NumCon,2024,4,7547.00000000
2026-10-05,13802,Valinhos 1,CPFL-PAULISTA,33050196000188,FEC,2024,3,0.35000000
2026-10-05,13817,Campinas 11-Barao Geraldo,CPFL-PAULISTA,33050196000188,NumCon,2024,1,7541.00000000
2026-10-05,13836,Hortolandia 1,CPFL-PAULISTA,33050196000188,DEC,2024,9,0.35000000
2026-10-05,13817,Campinas 11-Barao Geraldo,CPFL-PAULISTA,33050196000188,NumCon,2024,7,7707.00000000
2026-10-05,13805,Campinas 3-Trevo,CPFL-PAULISTA,33050196000188,NumCon,2024,2,39384.00000000
2026-10-05,964,PEDREIRA,CPFL JAGUARI,53859112000169,NumCon,2024,2,20079.00000000
2026-10-05,13793,Nova Odessa 1,CPFL-PAULISTA,33050196000188,DEC,2024,1,0.25000000
2026-10-05,13824,Nova Odessa 2-Fazenda Velha,CPFL-PAULISTA,33050196000188,NumCon,2024,7,20254.00000000
2026-10-05,16461,Santa Barbara Doeste 1,CPFL-PAULISTA,33050196000188,FEC,2024,10,0.11000000
2026-10-05,13800,Campinas 9-Paineiras,CPFL-PAULISTA,33050196000188,NumCon,2024,1,21676.00000000
2026-10-05,16722,CEMIRIM,CEMIRIM,52777034000190,NumCon,2024,9,17276.00000000
2026-10-05,13817,Campinas 11-Barao Geraldo,CPFL-PAULISTA,33050196000188,NumCon,2024,8,7714.00000000
2026-10-05,16461,Santa Barbara Doeste 1,CPFL-PAULISTA,33050196000188,FEC,2024,5,0.14000000
2026-10-05,13809,Campinas 10-Chapadão,CPFL-PAULISTA,33050196000188,NumCon,2024,6,10712.00000000
2026-10-05,13812,Campinas 14-Bandeirantes,CPFL-PAULISTA,33050196000188,DEC,2024,1,0.48000000
2026-10-05,16441,Campinas 7-Tanquinho,CPFL-PAULISTA,33050196000188,FEC,2024,1,0.46000000
2026-10-05,13817,Campinas 11-Barao Geraldo,CPFL-PAULISTA,33050196000188,NumCon,2024,5,7661.00000000
2026-10-05,16440,Campinas 5-Andorinha,CPFL-PAULISTA,33050196000188,FEC,2024,10,0.15000000
2026-10-05,13817,Campinas 11-Barao Geraldo,CPFL-PAULISTA,33050196000188,NumCon,2024,9,7678.00000000
2026-10-05,13810,Campinas 12-Cidade Jardim,CPFL-PAULISTA,33050196000188,FEC,2024,12,0.17000000
2026-10-05,13812,Campinas 14-Bandeirantes,CPFL-PAULISTA,33050196000188,DEC,2024,4,0.12000000
2026-10-05,13809,Campinas 10-Chapadão,CPFL-PAULISTA,33050196000188,NumCon,2024,8,10710.00000000
2026-10-05,13817,Campinas 11-Barao Geraldo,CPFL-PAULISTA,33050196000188,NumCon,2024,12,7736.00000000
2026-10-05,13830,Sumare 1,CPFL-PAULISTA,33050196000188,FEC,2024,7,0.23000000
2026-10-05,13793,Nova Odessa 1,CPFL-PAULISTA,33050196000188,FEC,2024,7,0.23000000
2026-10-05,13824,Nova Odessa 2-Fazenda Velha,CPFL-PAULISTA,33050196000188,NumCon,2024,12,20591.00000000
2026-10-05,13836,Hortolandia 1,CPFL-PAULISTA,33050196000188,FEC,2024,2,0.20000000
2026-10-05,13843,Piracicaba 4-Unileste,CPFL-PAULISTA,33050196000188,FEC,2024,8,0.15000000
2026-10-05,16461,Santa Barbara Doeste 1,CPFL-PAULISTA,33050196000188,NumCon,2024,11,34246.00000000
2026-10-05,13817,Campinas 11-Barao Geraldo,CPFL-PAULISTA,33050196000188,NumCon,2024,3,7510.00000000
2026-10-05,2922,JAGUARIUNA,CPFL JAGUARI,53859112000169,FEC,2024,2,0.22000000
2026-10-05,13808,Campinas 1-Centro,CPFL-PAULISTA,33050196000188,NumCon,2024,6,73000.00000000
2026-10-05,13817,Campinas 11-Barao Geraldo,CPFL-PAULISTA,33050196000188,FEC,2024,5,0.25000000
2026-10-05,16461,Santa Barbara Doeste 1,CPFL-PAULISTA,33050196000188,DEC,2024,3,0.22000000
2026-10-05,13793,Nova Odessa 1,CPFL-PAULISTA,33050196000188,FEC,2024,3,0.18000000
2026-10-05,13809,Campinas 10-Chapadão,CPFL-PAULISTA,33050196000188,NumCon,2024,5,10666.00000000
2026-10-05,13814,Campinas 15-Dic,CPFL-PAULISTA,33050196000188,NumCon,2024,2,21840.00000000
2026-10-05,16722,CEMIRIM,CEMIRIM,52777034000190,NumCon,2024,3,16982.00000000
2026-10-05,13824,Nova Odessa 2-Fazenda Velha,CPFL-PAULISTA,33050196000188,NumCon,2024,6,20172.00000000
2026-10-05,13841,Rio das Pedras 1,CPFL-PAULISTA,33050196000188,NumCon,2024,7,12946.00000000
2026-10-05,16440,Campinas 5-Andorinha,CPFL-PAULISTA,33050196000188,FEC,2024,8,0.18000000
2026-10-05,13808,Campinas 1-Centro,CPFL-PAULISTA,33050196000188,NumCon,2024,3,72464.00000000
2026-10-05,16440,Campinas 5-Andorinha,CPFL-PAULISTA,33050196000188,FEC,2024,3,0.09000000
2026-10-05,13817,Campinas 11-Barao Geraldo,CPFL-PAULISTA,33050196000188,NumCon,2024,2,7535.00000000
2026-10-05,16461,Santa Barbara Doeste 1,CPFL-PAULISTA,33050196000188,NumCon,2024,3,33787.00000000
2026-10-05,13824,Nova Odessa 2-Fazenda Velha,CPFL-PAULISTA,33050196000188,FEC,2024,4,0.04000000
2026-10-05,13817,Campinas 11-Barao Geraldo,CPFL-PAULISTA,33050196000188,FEC,2024,4,0.04000000
2026-10-05,13793,Nova Odessa 1,CPFL-PAULISTA,33050196000188,DEC,2024,7,0.29000000
2026-10-05,13802,Valinhos 1,CPFL-PAULISTA,33050196000188,FEC,2024,1,1.35000000
2026-10-05,13809,Campinas 10-Chapadão,CPFL-PAULISTA,33050196000188,NumCon,2024,9,10712.00000000
2026-10-05,13830,Sumare 1,CPFL-PAULISTA,33050196000188,FEC,2024,5,0.11000000
2026-10-05,13805,Campinas 3-Trevo,CPFL-PAULISTA,33050196000188,FEC,2024,10,0.27000000
2026-10-05,16433,Americana 1,CPFL-PAULISTA,33050196000188,FEC,2024,7,0.33000000
2026-10-05,16440,Campinas 5-Andorinha,CPFL-PAULISTA,33050196000188,NumCon,2024,5,68634.00000000
2026-10-05,13830,Sumare 1,CPFL-PAULISTA,33050196000188,NumCon,2024,6,32764.00000000
2026-10-05,16722,CEMIRIM,CEMIRIM,52777034000190,NumCon,2024,8,17221.00000000
2026-10-05,13540,MOGI MIRIM UM,ELEKTRO,02328280000197,FEC,2024,5,0.13000000
2026-10-05,16441,Campinas 7-Tanquinho,CPFL-PAULISTA,33050196000188,FEC,2024,9,0.20000000
2026-10-05,13817,Campinas 11-Barao Geraldo,CPFL-PAULISTA,33050196000188,FEC,2024,3,0.45000000
2026-10-05,2922,JAGUARIUNA,CPFL JAGUARI,53859112000169,NumCon,2024,7,27959.00000000
2026-10-05,16461,Santa Barbara Doeste 1,CPFL-PAULISTA,33050196000188,DEC,2024,4,0.09000000
2026-10-05,13809,Campinas 10-Chapadão,CPFL-PAULISTA,33050196000188,NumCon,2024,2,10702.00000000
2026-10-05,13805,Campinas 3-Trevo,CPFL-PAULISTA,33050196000188,FEC,2024,11,0.18000000
2026-10-05,16433,Americana 1,CPFL-PAULISTA,33050196000188,FEC,2024,1,0.04000000
2026-10-05,13832,Sumare 6-Orquidea,CPFL-PAULISTA,33050196000188,NumCon,2024,12,16589.00000000
2026-10-05,13793,Nova Odessa 1,CPFL-PAULISTA,33050196000188,DEC,2024,11,0.25000000
2026-10-05,13836,Hortolandia 1,CPFL-PAULISTA,33050196000188,FEC,2024,3,0.10000000
2026-10-05,13808,Campinas 1-Centro,CPFL-PAULISTA,33050196000188,NumCon,2024,7,72574.00000000
2026-10-05,16433,Americana 1,CPFL-PAULISTA,33050196000188,FEC,2024,8,0.12000000
2026-10-05,16434,Amparo 1,CPFL-PAULISTA,33050196000188,NumCon,2024,3,35476.00000000
2026-10-05,13802,Valinhos 1,CPFL-PAULISTA,33050196000188,DEC,2024,10,0.36000000
2026-10-05,13793,Nova Odessa 1,CPFL-PAULISTA,33050196000188,NumCon,2024,11,20337.00000000
2026-10-05,13830,Sumare 1,CPFL-PAULISTA,33050196000188,FEC,2024,4,0.13000000
2026-10-05,13800,Campinas 9-Paineiras,CPFL-PAULISTA,33050196000188,NumCon,2024,7,22344.00000000
2026-10-05,13806,Campinas 8-Viracopos,CPFL-PAULISTA,33050196000188,FEC,2024,6,0.28000000
2026-10-05,13830,Sumare 1,CPFL-PAULISTA,33050196000188,NumCon,2024,4,32516.00000000
2026-10-05,13810,Campinas 12-Cidade Jardim,CPFL-PAULISTA,33050196000188,FEC,2024,3,0.14000000
2026-10-05,16722,CEMIRIM,CEMIRIM,52777034000190,NumCon,2024,10,17318.00000000
2026-10-05,13811,Campinas 4-Boa Vista,CPFL-PAULISTA,33050196000188,FEC,2024,11,0.18000000
2026-10-05,16440,Campinas 5-Andorinha,CPFL-PAULISTA,33050196000188,NumCon,2024,8,68816.00000000
2026-10-05,13808,Campinas 1-Centro,CPFL-PAULISTA,33050196000188,NumCon,2024,11,72034.00000000
2026-10-05,16433,Americana 1,CPFL-PAULISTA,33050196000188,FEC,2024,6,0.16000000
2026-10-05,13793,Nova Odessa 1,CPFL-PAULISTA,33050196000188,FEC,2024,9,0.05000000
2026-10-05,16433,Americana 1,CPFL-PAULISTA,33050196000188,FEC,2024,5,0.33000000
2026-10-05,13800,Campinas 9-Paineiras,CPFL-PAULISTA,33050196000188,FEC,2024,6,0.08000000
2026-10-05,13817,Campinas 11-Barao Geraldo,CPFL-PAULISTA,33050196000188,FEC,2024,11,0.03000000
2026-10-05,13802,Valinhos 1,CPFL-PAULISTA,33050196000188,FEC,2024,10,0.29000000
2026-10-05,13808,Campinas 1-Centro,CPFL-PAULISTA,33050196000188,NumCon,2024,10,72073.00000000
2026-10-05,13811,Campinas 4-Boa Vista,CPFL-PAULISTA,33050196000188,DEC,2024,9,0.29000000
2026-10-05,13808,Campinas 1-Centro,CPFL-PAULISTA,33050196000188,FEC,2024,8,0.12000000
2026-10-05,16441,Campinas 7-Tanquinho,CPFL-PAULISTA,33050196000188,NumCon,2024,3,26711.00000000
2026-10-05,13805,Campinas 3-Trevo,CPFL-PAULISTA,33050196000188,NumCon,2024,4,39119.00000000
2026-10-05,13796,Itatiba 2-Cruzeiro,CPFL-PAULISTA,33050196000188,DEC,2024,10,0.56000000
2026-10-05,964,PEDREIRA,CPFL JAGUARI,53859112000169,NumCon,2024,11,20284.00000000
2026-10-05,13831,Sumare 5-Nova Veneza,CPFL-PAULISTA,33050196000188,FEC,2024,10,0.15000000
2026-10-05,16440,Campinas 5-Andorinha,CPFL-PAULISTA,33050196000188,FEC,2024,11,0.25000000
2026-10-05,13796,Itatiba 2-Cruzeiro,CPFL-PAULISTA,33050196000188,NumCon,2024,3,19002.00000000
2026-10-05,13810,Campinas 12-Cidade Jardim,CPFL-PAULISTA,33050196000188,FEC,2024,4,0.08000000
2026-10-05,13811,Campinas 4-Boa Vista,CPFL-PAULISTA,33050196000188,FEC,2024,10,0.12000000
2026-10-05,13805,Campinas 3-Trevo,CPFL-PAULISTA,33050196000188,FEC,2024,3,0.27000000
2026-10-05,13824,Nova Odessa 2-Fazenda Velha,CPFL-PAULISTA,33050196000188,FEC,2024,9,0.43000000
2026-10-05,13830,Sumare 1,CPFL-PAULISTA,33050196000188,FEC,2024,3,0.24000000
2026-10-05,13802,Valinhos 1,CPFL-PAULISTA,33050196000188,FEC,2024,11,0.44000000
2026-10-05,13824,Nova Odessa 2-Fazenda Velha,CPFL-PAULISTA,33050196000188,DEC,2024,2,0.32000000
2026-10-05,13812,Campinas 14-Bandeirantes,CPFL-PAULISTA,33050196000188,DEC,2024,7,0.71000000
2026-10-05,13824,Nova Odessa 2-Fazenda Velha,CPFL-PAULISTA,33050196000188,DEC,2024,10,0.65000000
2026-10-05,964,PEDREIRA,CPFL JAGUARI,53859112000169,NumCon,2024,10,20275.00000000
2026-10-05,16461,Santa Barbara Doeste 1,CPFL-PAULISTA,33050196000188,FEC,2024,8,0.17000000
2026-10-05,13800,Campinas 9-Paineiras,CPFL-PAULISTA,33050196000188,FEC,2024,12,0.11000000
2026-10-05,13812,Campinas 14-Bandeirantes,CPFL-PAULISTA,33050196000188,DEC,2024,2,0.66000000
2026-10-05,13837,Hortolandia 2-Morro Azul,CPFL-PAULISTA,33050196000188,FEC,2024,4,0.14000000
2026-10-05,13836,Hortolandia 1,CPFL-PAULISTA,33050196000188,DEC,2024,4,0.09000000
2026-10-05,13793,Nova Odessa 1,CPFL-PAULISTA,33050196000188,NumCon,2024,7,20221.00000000
2026-10-05,13806,Campinas 8-Viracopos,CPFL-PAULISTA,33050196000188,FEC,2024,7,0.17000000
2026-10-05,2922,JAGUARIUNA,CPFL JAGUARI,53859112000169,NumCon,2024,9,28153.00000000
2026-10-05,13802,Valinhos 1,CPFL-PAULISTA,33050196000188,DEC,2024,11,0.48000000
2026-10-05,16440,Campinas 5-Andorinha,CPFL-PAULISTA,33050196000188,NumCon,2024,11,69320.00000000
2026-10-05,13840,Capivari 1,CPFL-PAULISTA,33050196000188,DEC,2024,11,0.18000000
2026-10-05,13811,Campinas 4-Boa Vista,CPFL-PAULISTA,33050196000188,FEC,2024,1,0.24000000
2026-10-05,13831,Sumare 5-Nova Veneza,CPFL-PAULISTA,33050196000188,FEC,2024,6,0.23000000
2026-10-05,13824,Nova Odessa 2-Fazenda Velha,CPFL-PAULISTA,33050196000188,DEC,2024,11,0.26000000
2026-10-05,16441,Campinas 7-Tanquinho,CPFL-PAULISTA,33050196000188,FEC,2024,11,0.13000000
2026-10-05,13817,Campinas 11-Barao Geraldo,CPFL-PAULISTA,33050196000188,FEC,2024,9,0.47000000
2026-10-05,16441,Campinas 7-Tanquinho,CPFL-PAULISTA,33050196000188,NumCon,2024,4,26334.00000000
2026-10-05,13796,Itatiba 2-Cruzeiro,CPFL-PAULISTA,33050196000188,DEC,2024,11,0.41000000
2026-10-05,13824,Nova Odessa 2-Fazenda Velha,CPFL-PAULISTA,33050196000188,FEC,2024,11,0.10000000
2026-10-05,13808,Campinas 1-Centro,CPFL-PAULISTA,33050196000188,NumCon,2024,8,72865.00000000
2026-10-05,13800,Campinas 9-Paineiras,CPFL-PAULISTA,33050196000188,NumCon,2024,3,22215.00000000
2026-10-05,13840,Capivari 1,CPFL-PAULISTA,33050196000188,DEC,2024,10,0.31000000
2026-10-05,13811,Campinas 4-Boa Vista,CPFL-PAULISTA,33050196000188,FEC,2024,3,0.17000000
2026-10-05,2922,JAGUARIUNA,CPFL JAGUARI,53859112000169,NumCon,2024,6,27889.00000000
2026-10-05,13793,Nova Odessa 1,CPFL-PAULISTA,33050196000188,FEC,2024,10,0.38000000
2026-10-05,16440,Campinas 5-Andorinha,CPFL-PAULISTA,33050196000188,FEC,2024,9,0.22000000
2026-10-05,13800,Campinas 9-Paineiras,CPFL-PAULISTA,33050196000188,NumCon,2024,12,22656.00000000
2026-10-05,13841,Rio das Pedras 1,CPFL-PAULISTA,33050196000188,FEC,2024,10,0.13000000
2026-10-05,13810,Campinas 12-Cidade Jardim,CPFL-PAULISTA,33050196000188,FEC,2024,9,0.33000000
2026-10-05,13808,Campinas 1-Centro,CPFL-PAULISTA,33050196000188,NumCon,2024,4,78044.00000000
2026-10-05,16440,Campinas 5-Andorinha,CPFL-PAULISTA,33050196000188,NumCon,2024,9,69070.00000000
2026-10-05,2922,JAGUARIUNA,CPFL JAGUARI,53859112000169,NumCon,2024,8,28043.00000000
2026-10-05,964,PEDREIRA,CPFL JAGUARI,53859112000169,FEC,2024,1,0.24000000
2026-10-05,13800,Campinas 9-Paineiras,CPFL-PAULISTA,33050196000188,FEC,2024,3,0.25000000
2026-10-05,13808,Campinas 1-Centro,CPFL-PAULISTA,33050196000188,NumCon,2024,5,73817.00000000
2026-10-05,13817,Campinas 11-Barao Geraldo,CPFL-PAULISTA,33050196000188,FEC,2024,10,0.16000000
2026-10-05,13841,Rio das Pedras 1,CPFL-PAULISTA,33050196000188,FEC,2024,7,0.05000000
2026-10-05,13797,Itatiba 3-Colonial,CPFL-PAULISTA,33050196000188,DEC,2024,1,0.87000000
2026-10-05,16441,Campinas 7-Tanquinho,CPFL-PAULISTA,33050196000188,NumCon,2024,10,27198.00000000
2026-10-05,13808,Campinas 1-Centro,CPFL-PAULISTA,33050196000188,NumCon,2024,12,72131.00000000
2026-10-05,13810,Campinas 12-Cidade Jardim,CPFL-PAULISTA,33050196000188,FEC,2024,11,0.09000000
2026-10-05,13796,Itatiba 2-Cruzeiro,CPFL-PAULISTA,33050196000188,NumCon,2024,7,19165.00000000
2026-10-05,13836,Hortolandia 1,CPFL-PAULISTA,33050196000188,FEC,2024,4,0.06000000
2026-10-05,13841,Rio das Pedras 1,CPFL-PAULISTA,33050196000188,FEC,2024,5,0.16000000
2026-10-05,13805,Campinas 3-Trevo,CPFL-PAULISTA,33050196000188,FEC,2024,6,0.08000000
2026-10-05,13812,Campinas 14-Bandeirantes,CPFL-PAULISTA,33050196000188,DEC,2024,10,0.97000000
2026-10-05,13832,Sumare 6-Orquidea,CPFL-PAULISTA,33050196000188,NumCon,2024,7,16475.00000000
2026-10-05,13811,Campinas 4-Boa Vista,CPFL-PAULISTA,33050196000188,NumCon,2024,6,29716.00000000
2026-10-05,16433,Americana 1,CPFL-PAULISTA,33050196000188,FEC,2024,10,0.09000000
2026-10-05,13540,MOGI MIRIM UM,ELEKTRO,02328280000197,DEC,2024,3,0.28000000
2026-10-05,13800,Campinas 9-Paineiras,CPFL-PAULISTA,33050196000188,FEC,2024,5,0.20000000
2026-10-05,13796,Itatiba 2-Cruzeiro,CPFL-PAULISTA,33050196000188,NumCon,2024,11,19386.00000000
2026-10-05,13832,Sumare 6-Orquidea,CPFL-PAULISTA,33050196000188,FEC,2024,1,0.25000000
2026-10-05,13836,Hortolandia 1,CPFL-PAULISTA,33050196000188,FEC,2024,9,0.17000000
2026-10-05,13811,Campinas 4-Boa Vista,CPFL-PAULISTA,33050196000188,FEC,2024,4,0.10000000
2026-10-05,13812,Campinas 14-Bandeirantes,CPFL-PAULISTA,33050196000188,NumCon,2024,5,32054.00000000
2026-10-05,13811,Campinas 4-Boa Vista,CPFL-PAULISTA,33050196000188,NumCon,2024,4,29188.00000000
2026-10-05,2922,JAGUARIUNA,CPFL JAGUARI,53859112000169,NumCon,2024,1,27487.00000000
2026-10-05,13805,Campinas 3-Trevo,CPFL-PAULISTA,33050196000188,DEC,2024,8,0.16000000
2026-10-05,16440,Campinas 5-Andorinha,CPFL-PAULISTA,33050196000188,NumCon,2024,12,69422.00000000
2026-10-05,13802,Valinhos 1,CPFL-PAULISTA,33050196000188,FEC,2024,2,0.26000000
2026-10-05,13808,Campinas 1-Centro,CPFL-PAULISTA,33050196000188,NumCon,2024,9,72074.00000000
2026-10-05,964,PEDREIRA,CPFL JAGUARI,53859112000169,FEC,2024,5,0.16000000
2026-10-05,13841,Rio das Pedras 1,CPFL-PAULISTA,33050196000188,FEC,2024,11,0.51000000
2026-10-05,13841,Rio das Pedras 1,CPFL-PAULISTA,33050196000188,NumCon,2024,3,12900.00000000
2026-10-05,16440,Campinas 5-Andorinha,CPFL-PAULISTA,33050196000188,NumCon,2024,1,67779.00000000
2026-10-05,16461,Santa Barbara Doeste 1,CPFL-PAULISTA,33050196000188,NumCon,2024,7,34040.00000000
2026-10-05,16452,Monte Mor 1,CPFL-PAULISTA,33050196000188,NumCon,2024,3,34689.00000000
2026-10-05,13805,Campinas 3-Trevo,CPFL-PAULISTA,33050196000188,NumCon,2024,9,39943.00000000
2026-10-05,2922,JAGUARIUNA,CPFL JAGUARI,53859112000169,NumCon,2024,3,27611.00000000
2026-10-05,13837,Hortolandia 2-Morro Azul,CPFL-PAULISTA,33050196000188,FEC,2024,9,0.34000000
2026-10-05,13800,Campinas 9-Paineiras,CPFL-PAULISTA,33050196000188,NumCon,2024,10,22501.00000000
2026-10-05,13836,Hortolandia 1,CPFL-PAULISTA,33050196000188,FEC,2024,11,0.06000000
2026-10-05,13805,Campinas 3-Trevo,CPFL-PAULISTA,33050196000188,NumCon,2024,8,39617.00000000
2026-10-05,2922,JAGUARIUNA,CPFL JAGUARI,53859112000169,NumCon,2024,4,27675.00000000
2026-10-05,13802,Valinhos 1,CPFL-PAULISTA,33050196000188,FEC,2024,4,0.15000000
2026-10-05,13797,Itatiba 3-Colonial,CPFL-PAULISTA,33050196000188,DEC,2024,7,0.39000000
2026-10-05,13830,Sumare 1,CPFL-PAULISTA,33050196000188,FEC,2024,1,0.23000000
2026-10-05,13836,Hortolandia 1,CPFL-PAULISTA,33050196000188,FEC,2024,10,0.26000000
2026-10-05,13793,Nova Odessa 1,CPFL-PAULISTA,33050196000188,FEC,2024,11,0.07000000
2026-10-05,13819,Paulinia 1,CPFL-PAULISTA,33050196000188,NumCon,2024,4,32268.00000000
2026-10-05,13793,Nova Odessa 1,CPFL-PAULISTA,33050196000188,DEC,2024,12,0.28000000
2026-10-05,13802,Valinhos 1,CPFL-PAULISTA,33050196000188,FEC,2024,7,0.12000000
2026-10-05,13832,Sumare 6-Orquidea,CPFL-PAULISTA,33050196000188,FEC,2024,9,0.18000000
2026-10-05,13819,Paulinia 1,CPFL-PAULISTA,33050196000188,NumCon,2024,6,32703.00000000
2026-10-05,13540,MOGI MIRIM UM,ELEKTRO,02328280000197,DEC,2024,11,0.17000000
2026-10-05,13793,Nova Odessa 1,CPFL-PAULISTA,33050196000188,FEC,2024,6,0.24000000
2026-10-05,13805,Campinas 3-Trevo,CPFL-PAULISTA,33050196000188,NumCon,2024,5,39093.00000000
2026-10-05,13819,Paulinia 1,CPFL-PAULISTA,33050196000188,NumCon,2024,12,33116.00000000
2026-10-05,13841,Rio das Pedras 1,CPFL-PAULISTA,33050196000188,FEC,2024,3,0.22000000
2026-10-05,16722,CEMIRIM,CEMIRIM,52777034000190,NumCon,2024,4,17054.00000000
2026-10-05,13824,Nova Odessa 2-Fazenda Velha,CPFL-PAULISTA,33050196000188,FEC,2024,10,0.57000000
2026-10-05,13802,Valinhos 1,CPFL-PAULISTA,33050196000188,DEC,2024,9,0.44000000
2026-10-05,16433,Americana 1,CPFL-PAULISTA,33050196000188,FEC,2024,11,0.08000000
2026-10-05,16441,Campinas 7-Tanquinho,CPFL-PAULISTA,33050196000188,NumCon,2024,11,27211.00000000
2026-10-05,13841,Rio das Pedras 1,CPFL-PAULISTA,33050196000188,FEC,2024,2,0.13000000
2026-10-05,13808,Campinas 1-Centro,CPFL-PAULISTA,33050196000188,FEC,2024,6,0.08000000
2026-10-05,13812,Campinas 14-Bandeirantes,CPFL-PAULISTA,33050196000188,DEC,2024,5,0.27000000
2026-10-05,13819,Paulinia 1,CPFL-PAULISTA,33050196000188,NumCon,2024,11,33056.00000000
2026-10-05,13830,Sumare 1,CPFL-PAULISTA,33050196000188,FEC,2024,11,0.29000000
2026-10-05,13836,Hortolandia 1,CPFL-PAULISTA,33050196000188,FEC,2024,1,0.24000000
2026-10-05,13836,Hortolandia 1,CPFL-PAULISTA,33050196000188,DEC,2024,6,0.30000000
2026-10-05,13800,Campinas 9-Paineiras,CPFL-PAULISTA,33050196000188,FEC,2024,4,0.15000000
2026-10-05,13831,Sumare 5-Nova Veneza,CPFL-PAULISTA,33050196000188,FEC,2024,11,0.03000000
2026-10-05,13802,Valinhos 1,CPFL-PAULISTA,33050196000188,FEC,2024,5,0.04000000
2026-10-05,13802,Valinhos 1,CPFL-PAULISTA,33050196000188,DEC,2024,3,0.46000000
2026-10-05,13810,Campinas 12-Cidade Jardim,CPFL-PAULISTA,33050196000188,FEC,2024,7,0.17000000
2026-10-05,13812,Campinas 14-Bandeirantes,CPFL-PAULISTA,33050196000188,DEC,2024,11,0.41000000
2026-10-05,964,PEDREIRA,CPFL JAGUARI,53859112000169,NumCon,2024,8,20201.00000000
2026-10-05,13806,Campinas 8-Viracopos,CPFL-PAULISTA,33050196000188,FEC,2024,2,0.24000000
2026-10-05,13805,Campinas 3-Trevo,CPFL-PAULISTA,33050196000188,NumCon,2024,11,40142.00000000
2026-10-05,13832,Sumare 6-Orquidea,CPFL-PAULISTA,33050196000188,FEC,2024,8,0.19000000
2026-10-05,13819,Paulinia 1,CPFL-PAULISTA,33050196000188,NumCon,2024,7,32758.00000000
2026-10-05,13806,Campinas 8-Viracopos,CPFL-PAULISTA,33050196000188,FEC,2024,9,0.24000000
2026-10-05,13540,MOGI MIRIM UM,ELEKTRO,02328280000197,FEC,2024,10,0.14000000
2026-10-05,16461,Santa Barbara Doeste 1,CPFL-PAULISTA,33050196000188,DEC,2024,9,0.19000000
2026-10-05,13829,Santa Barbara 2-Barbarense,CPFL-PAULISTA,33050196000188,DEC,2024,12,0.36000000
2026-10-05,16434,Amparo 1,CPFL-PAULISTA,33050196000188,FEC,2024,2,0.09000000
2026-10-05,13832,Sumare 6-Orquidea,CPFL-PAULISTA,33050196000188,FEC,2024,6,0.06000000
2026-10-05,13831,Sumare 5-Nova Veneza,CPFL-PAULISTA,33050196000188,DEC,2024,5,0.12000000
2026-10-05,13809,Campinas 10-Chapadão,CPFL-PAULISTA,33050196000188,NumCon,2024,7,10713.00000000
2026-10-05,13819,Paulinia 1,CPFL-PAULISTA,33050196000188,NumCon,2024,2,31895.00000000
2026-10-05,13829,Santa Barbara 2-Barbarense,CPFL-PAULISTA,33050196000188,DEC,2024,5,0.16000000
2026-10-05,16461,Santa Barbara Doeste 1,CPFL-PAULISTA,33050196000188,FEC,2024,6,0.26000000
2026-10-05,13835,Sumare 3-Quilombo,CPFL-PAULISTA,33050196000188,FEC,2024,9,0.09000000
2026-10-05,13793,Nova Odessa 1,CPFL-PAULISTA,33050196000188,NumCon,2024,12,20390.00000000
2026-10-05,13841,Rio das Pedras 1,CPFL-PAULISTA,33050196000188,FEC,2024,12,0.92000000
2026-10-05,13808,Campinas 1-Centro,CPFL-PAULISTA,33050196000188,FEC,2024,11,0.06000000
2026-10-05,13793,Nova Odessa 1,CPFL-PAULISTA,33050196000188,DEC,2024,4,0.27000000
2026-10-05,13831,Sumare 5-Nova Veneza,CPFL-PAULISTA,33050196000188,DEC,2024,6,0.20000000
2026-10-05,13819,Paulinia 1,CPFL-PAULISTA,33050196000188,NumCon,2024,8,32853.00000000
2026-10-05,13832,Sumare 6-Orquidea,CPFL-PAULISTA,33050196000188,NumCon,2024,1,16393.00000000
2026-10-05,13800,Campinas 9-Paineiras,CPFL-PAULISTA,33050196000188,FEC,2024,9,0.16000000
2026-10-05,13796,Itatiba 2-Cruzeiro,CPFL-PAULISTA,33050196000188,DEC,2024,3,0.39000000
2026-10-05,13831,Sumare 5-Nova Veneza,CPFL-PAULISTA,33050196000188,DEC,2024,9,0.19000000
2026-10-05,16440,Campinas 5-Andorinha,CPFL-PAULISTA,33050196000188,NumCon,2024,7,68742.00000000
2026-10-05,13793,Nova Odessa 1,CPFL-PAULISTA,33050196000188,FEC,2024,1,0.16000000
2026-10-05,13805,Campinas 3-Trevo,CPFL-PAULISTA,33050196000188,NumCon,2024,10,40068.00000000
2026-10-05,13808,Campinas 1-Centro,CPFL-PAULISTA,33050196000188,FEC,2024,3,0.11000000
2026-10-05,13810,Campinas 12-Cidade Jardim,CPFL-PAULISTA,33050196000188,FEC,2024,10,0.07000000
2026-10-05,13808,Campinas 1-Centro,CPFL-PAULISTA,33050196000188,DEC,2024,3,0.21000000
2026-10-05,13836,Hortolandia 1,CPFL-PAULISTA,33050196000188,DEC,2024,8,0.37000000
2026-10-05,13800,Campinas 9-Paineiras,CPFL-PAULISTA,33050196000188,NumCon,2024,8,22360.00000000
2026-10-05,13832,Sumare 6-Orquidea,CPFL-PAULISTA,33050196000188,NumCon,2024,5,16333.00000000
2026-10-05,13540,MOGI MIRIM UM,ELEKTRO,02328280000197,DEC,2024,10,0.28000000
2026-10-05,13800,Campinas 9-Paineiras,CPFL-PAULISTA,33050196000188,FEC,2024,11,0.15000000
2026-10-05,16722,CEMIRIM,CEMIRIM,52777034000190,DEC,2024,10,0.66000000
2026-10-05,13819,Paulinia 1,CPFL-PAULISTA,33050196000188,NumCon,2024,1,31639.00000000
2026-10-05,13797,Itatiba 3-Colonial,CPFL-PAULISTA,33050196000188,DEC,2024,9,0.68000000
2026-10-05,16722,CEMIRIM,CEMIRIM,52777034000190,DEC,2024,5,0.50000000
2026-10-05,13800,Campinas 9-Paineiras,CPFL-PAULISTA,33050196000188,NumCon,2024,5,22717.00000000
2026-10-05,13807,Campinas 6-Taquaral,CPFL-PAULISTA,33050196000188,NumCon,2024,6,33016.00000000
2026-10-05,13824,Nova Odessa 2-Fazenda Velha,CPFL-PAULISTA,33050196000188,FEC,2024,6,0.30000000
2026-10-05,13812,Campinas 14-Bandeirantes,CPFL-PAULISTA,33050196000188,DEC,2024,12,0.50000000
2026-10-05,13819,Paulinia 1,CPFL-PAULISTA,33050196000188,NumCon,2024,5,32474.00000000
2026-10-05,16461,Santa Barbara Doeste 1,CPFL-PAULISTA,33050196000188,DEC,2024,8,0.25000000
2026-10-05,13831,Sumare 5-Nova Veneza,CPFL-PAULISTA,33050196000188,FEC,2024,8,0.24000000
2026-10-05,13796,Itatiba 2-Cruzeiro,CPFL-PAULISTA,33050196000188,FEC,2024,12,0.88000000
2026-10-05,13805,Campinas 3-Trevo,CPFL-PAULISTA,33050196000188,DEC,2024,3,0.41000000
2026-10-05,13805,Campinas 3-Trevo,CPFL-PAULISTA,33050196000188,FEC,2024,2,0.21000000
2026-10-05,13800,Campinas 9-Paineiras,CPFL-PAULISTA,33050196000188,FEC,2024,10,0.05000000
2026-10-05,13831,Sumare 5-Nova Veneza,CPFL-PAULISTA,33050196000188,FEC,2024,5,0.05000000
2026-10-05,13832,Sumare 6-Orquidea,CPFL-PAULISTA,33050196000188,NumCon,2024,9,16563.00000000
2026-10-05,13806,Campinas 8-Viracopos,CPFL-PAULISTA,33050196000188,FEC,2024,5,0.46000000
2026-10-05,13808,Campinas 1-Centro,CPFL-PAULISTA,33050196000188,FEC,2024,4,0.05000000
2026-10-05,13800,Campinas 9-Paineiras,CPFL-PAULISTA,33050196000188,NumCon,2024,9,22418.00000000
2026-10-05,16722,CEMIRIM,CEMIRIM,52777034000190,FEC,2024,5,0.28000000
2026-10-05,13809,Campinas 10-Chapadão,CPFL-PAULISTA,33050196000188,NumCon,2024,3,10697.00000000
2026-10-05,16440,Campinas 5-Andorinha,CPFL-PAULISTA,33050196000188,NumCon,2024,4,67547.00000000
2026-10-05,16722,CEMIRIM,CEMIRIM,52777034000190,FEC,2024,8,0.32000000
2026-10-05,16461,Santa Barbara Doeste 1,CPFL-PAULISTA,33050196000188,FEC,2024,3,0.23000000
2026-10-05,16461,Santa Barbara Doeste 1,CPFL-PAULISTA,33050196000188,FEC,2024,9,0.06000000
2026-10-05,13819,Paulinia 1,CPFL-PAULISTA,33050196000188,NumCon,2024,10,33016.00000000
2026-10-05,16433,Americana 1,CPFL-PAULISTA,33050196000188,NumCon,2024,1,34275.00000000
2026-10-05,13832,Sumare 6-Orquidea,CPFL-PAULISTA,33050196000188,NumCon,2024,10,16584.00000000
2026-10-05,13829,Santa Barbara 2-Barbarense,CPFL-PAULISTA,33050196000188,DEC,2024,3,0.33000000
2026-10-05,13819,Paulinia 1,CPFL-PAULISTA,33050196000188,NumCon,2024,9,32901.00000000
2026-10-05,16722,CEMIRIM,CEMIRIM,52777034000190,FEC,2024,10,0.26000000
2026-10-05,13817,Campinas 11-Barao Geraldo,CPFL-PAULISTA,33050196000188,FEC,2024,1,0.32000000
2026-10-05,13800,Campinas 9-Paineiras,CPFL-PAULISTA,33050196000188,NumCon,2024,11,22437.00000000
2026-10-05,16722,CEMIRIM,CEMIRIM,52777034000190,FEC,2024,3,0.63000000
2026-10-05,964,PEDREIRA,CPFL JAGUARI,53859112000169,NumCon,2024,6,20181.00000000
2026-10-05,16461,Santa Barbara Doeste 1,CPFL-PAULISTA,33050196000188,FEC,2024,4,0.07000000
2026-10-05,13809,Campinas 10-Chapadão,CPFL-PAULISTA,33050196000188,FEC,2024,6,0.06000000
2026-10-05,13806,Campinas 8-Viracopos,CPFL-PAULISTA,33050196000188,FEC,2024,10,0.36000000
2026-10-05,13807,Campinas 6-Taquaral,CPFL-PAULISTA,33050196000188,NumCon,2024,4,32572.00000000
2026-10-05,13826,Americana 4-Jardim,CPFL-PAULISTA,33050196000188,DEC,2024,7,0.19000000
2026-10-05,13809,Campinas 10-Chapadão,CPFL-PAULISTA,33050196000188,NumCon,2024,12,10703.00000000
2026-10-05,16722,CEMIRIM,CEMIRIM,52777034000190,FEC,2024,7,0.66000000
2026-10-05,16722,CEMIRIM,CEMIRIM,52777034000190,FEC,2024,11,0.46000000
2026-10-05,13806,Campinas 8-Viracopos,CPFL-PAULISTA,33050196000188,FEC,2024,12,0.69000000
2026-10-05,16722,CEMIRIM,CEMIRIM,52777034000190,FEC,2024,4,0.12000000
2026-10-05,13457,ARTUR NOGUEIRA,ELEKTRO,02328280000197,DEC,2024,12,0.65000000
2026-10-05,16722,CEMIRIM,CEMIRIM,52777034000190,FEC,2024,6,0.23000000
2026-10-05,13809,Campinas 10-Chapadão,CPFL-PAULISTA,33050196000188,FEC,2024,8,0.10000000
2026-10-05,16722,CEMIRIM,CEMIRIM,52777034000190,FEC,2024,9,0.15000000
2026-10-05,13812,Campinas 14-Bandeirantes,CPFL-PAULISTA,33050196000188,NumCon,2024,4,31912.00000000
2026-10-05,13832,Sumare 6-Orquidea,CPFL-PAULISTA,33050196000188,NumCon,2024,2,16363.00000000
2026-10-05,16722,CEMIRIM,CEMIRIM,52777034000190,FEC,2024,2,0.13000000
2026-10-05,13796,Itatiba 2-Cruzeiro,CPFL-PAULISTA,33050196000188,FEC,2024,8,0.27000000
2026-10-05,16722,CEMIRIM,CEMIRIM,52777034000190,FEC,2024,12,0.62000000
2026-10-05,13814,Campinas 15-Dic,CPFL-PAULISTA,33050196000188,DEC,2024,6,0.14000000
2026-10-05,13802,Valinhos 1,CPFL-PAULISTA,33050196000188,DEC,2024,8,0.49000000
2026-10-05,13832,Sumare 6-Orquidea,CPFL-PAULISTA,33050196000188,NumCon,2024,8,16510.00000000
2026-10-05,13824,Nova Odessa 2-Fazenda Velha,CPFL-PAULISTA,33050196000188,NumCon,2024,4,20112.00000000
2026-10-05,2922,JAGUARIUNA,CPFL JAGUARI,53859112000169,FEC,2024,7,0.03000000
2026-10-05,16461,Santa Barbara Doeste 1,CPFL-PAULISTA,33050196000188,DEC,2024,7,0.26000000
2026-10-05,2922,JAGUARIUNA,CPFL JAGUARI,53859112000169,FEC,2024,11,0.13000000
2026-10-05,13799,Campinas 2-Souzas,CPFL-PAULISTA,33050196000188,NumCon,2024,3,16791.00000000
2026-10-05,13805,Campinas 3-Trevo,CPFL-PAULISTA,33050196000188,FEC,2024,12,0.20000000
2026-10-05,13811,Campinas 4-Boa Vista,CPFL-PAULISTA,33050196000188,DEC,2024,5,0.30000000
2026-10-05,13806,Campinas 8-Viracopos,CPFL-PAULISTA,33050196000188,FEC,2024,3,0.17000000
2026-10-05,13826,Americana 4-Jardim,CPFL-PAULISTA,33050196000188,DEC,2024,1,0.21000000
2026-10-05,16722,CEMIRIM,CEMIRIM,52777034000190,FEC,2024,1,0.81000000
2026-10-05,13797,Itatiba 3-Colonial,CPFL-PAULISTA,33050196000188,DEC,2024,2,0.38000000
2026-10-05,13824,Nova Odessa 2-Fazenda Velha,CPFL-PAULISTA,33050196000188,DEC,2024,1,0.79000000
2026-10-05,13837,Hortolandia 2-Morro Azul,CPFL-PAULISTA,33050196000188,FEC,2024,2,0.19000000
2026-10-05,16440,Campinas 5-Andorinha,CPFL-PAULISTA,33050196000188,FEC,2024,12,0.20000000
2026-10-05,13841,Rio das Pedras 1,CPFL-PAULISTA,33050196000188,DEC,2024,12,0.67000000
2026-10-05,13809,Campinas 10-Chapadão,CPFL-PAULISTA,33050196000188,FEC,2024,7,0.01000000
2026-10-05,13800,Campinas 9-Paineiras,CPFL-PAULISTA,33050196000188,NumCon,2024,2,22083.00000000
2026-10-05,16440,Campinas 5-Andorinha,CPFL-PAULISTA,33050196000188,FEC,2024,7,0.20000000
2026-10-05,16461,Santa Barbara Doeste 1,CPFL-PAULISTA,33050196000188,FEC,2024,12,0.14000000
2026-10-05,13457,ARTUR NOGUEIRA,ELEKTRO,02328280000197,DEC,2024,2,0.69000000
2026-10-05,13797,Itatiba 3-Colonial,CPFL-PAULISTA,33050196000188,DEC,2024,11,0.47000000
2026-10-05,13799,Campinas 2-Souzas,CPFL-PAULISTA,33050196000188,NumCon,2024,7,16964.00000000
2026-10-05,13811,Campinas 4-Boa Vista,CPFL-PAULISTA,33050196000188,FEC,2024,12,0.18000000
2026-10-05,16722,CEMIRIM,CEMIRIM,52777034000190,NumCon,2024,1,16873.00000000
2026-10-05,13802,Valinhos 1,CPFL-PAULISTA,33050196000188,DEC,2024,2,0.41000000
2026-10-05,13807,Campinas 6-Taquaral,CPFL-PAULISTA,33050196000188,NumCon,2024,12,33204.00000000
2026-10-05,13841,Rio das Pedras 1,CPFL-PAULISTA,33050196000188,FEC,2024,1,0.42000000
2026-10-05,13799,Campinas 2-Souzas,CPFL-PAULISTA,33050196000188,NumCon,2024,12,17097.00000000
2026-10-05,16722,CEMIRIM,CEMIRIM,52777034000190,DEC,2024,4,0.24000000
2026-10-05,13800,Campinas 9-Paineiras,CPFL-PAULISTA,33050196000188,FEC,2024,8,0.15000000
2026-10-05,16722,CEMIRIM,CEMIRIM,52777034000190,DEC,2024,11,1.35000000
2026-10-05,13799,Campinas 2-Souzas,CPFL-PAULISTA,33050196000188,NumCon,2024,10,17027.00000000
2026-10-05,13811,Campinas 4-Boa Vista,CPFL-PAULISTA,33050196000188,DEC,2024,7,0.26000000
2026-10-05,2922,JAGUARIUNA,CPFL JAGUARI,53859112000169,DEC,2024,10,0.28000000
2026-10-05,16722,CEMIRIM,CEMIRIM,52777034000190,DEC,2024,6,0.39000000
2026-10-05,16434,Amparo 1,CPFL-PAULISTA,33050196000188,FEC,2024,4,0.21000000
2026-10-05,13814,Campinas 15-Dic,CPFL-PAULISTA,33050196000188,DEC,2024,4,0.14000000
2026-10-05,13796,Itatiba 2-Cruzeiro,CPFL-PAULISTA,33050196000188,FEC,2024,6,0.22000000
2026-10-05,13799,Campinas 2-Souzas,CPFL-PAULISTA,33050196000188,NumCon,2024,11,17009.00000000
2026-10-05,16722,CEMIRIM,CEMIRIM,52777034000190,DEC,2024,1,0.87000000
2026-10-05,13799,Campinas 2-Souzas,CPFL-PAULISTA,33050196000188,NumCon,2024,5,16508.00000000
2026-10-05,16433,Americana 1,CPFL-PAULISTA,33050196000188,NumCon,2024,2,34277.00000000
2026-10-05,13799,Campinas 2-Souzas,CPFL-PAULISTA,33050196000188,NumCon,2024,8,16987.00000000
2026-10-05,13814,Campinas 15-Dic,CPFL-PAULISTA,33050196000188,DEC,2024,9,0.71000000
2026-10-05,13807,Campinas 6-Taquaral,CPFL-PAULISTA,33050196000188,NumCon,2024,1,32656.00000000
2026-10-05,13814,Campinas 15-Dic,CPFL-PAULISTA,33050196000188,FEC,2024,6,0.06000000
2026-10-05,16440,Campinas 5-Andorinha,CPFL-PAULISTA,33050196000188,FEC,2024,4,0.11000000
2026-10-05,13799,Campinas 2-Souzas,CPFL-PAULISTA,33050196000188,FEC,2024,1,0.95000000
2026-10-05,13799,Campinas 2-Souzas,CPFL-PAULISTA,33050196000188,NumCon,2024,9,17028.00000000
2026-10-05,16722,CEMIRIM,CEMIRIM,52777034000190,DEC,2024,2,0.27000000
2026-10-05,13806,Campinas 8-Viracopos,CPFL-PAULISTA,33050196000188,FEC,2024,4,0.36000000
2026-10-05,13800,Campinas 9-Paineiras,CPFL-PAULISTA,33050196000188,NumCon,2024,6,22294.00000000
2026-10-05,13836,Hortolandia 1,CPFL-PAULISTA,33050196000188,DEC,2024,7,0.42000000
2026-10-05,2922,JAGUARIUNA,CPFL JAGUARI,53859112000169,DEC,2024,9,0.26000000
2026-10-05,13807,Campinas 6-Taquaral,CPFL-PAULISTA,33050196000188,DEC,2024,9,0.24000000
2026-10-05,13809,Campinas 10-Chapadão,CPFL-PAULISTA,33050196000188,FEC,2024,12,0.27000000
2026-10-05,13799,Campinas 2-Souzas,CPFL-PAULISTA,33050196000188,NumCon,2024,1,16286.00000000
2026-10-05,16461,Santa Barbara Doeste 1,CPFL-PAULISTA,33050196000188,FEC,2024,7,0.20000000
2026-10-05,13832,Sumare 6-Orquidea,CPFL-PAULISTA,33050196000188,NumCon,2024,4,16315.00000000
2026-10-05,16722,CEMIRIM,CEMIRIM,52777034000190,DEC,2024,8,0.52000000
2026-10-05,13457,ARTUR NOGUEIRA,ELEKTRO,02328280000197,DEC,2024,4,0.15000000
2026-10-05,13806,Campinas 8-Viracopos,CPFL-PAULISTA,33050196000188,FEC,2024,11,0.18000000
2026-10-05,13830,Sumare 1,CPFL-PAULISTA,33050196000188,FEC,2024,12,0.32000000
2026-10-05,13824,Nova Odessa 2-Fazenda Velha,CPFL-PAULISTA,33050196000188,DEC,2024,4,0.07000000
2026-10-05,13811,Campinas 4-Boa Vista,CPFL-PAULISTA,33050196000188,FEC,2024,6,0.18000000
2026-10-05,2922,JAGUARIUNA,CPFL JAGUARI,53859112000169,DEC,2024,11,0.39000000
2026-10-05,13808,Campinas 1-Centro,CPFL-PAULISTA,33050196000188,FEC,2024,12,0.28000000
2026-10-05,13837,Hortolandia 2-Morro Azul,CPFL-PAULISTA,33050196000188,FEC,2024,7,0.28000000
2026-10-05,16722,CEMIRIM,CEMIRIM,52777034000190,DEC,2024,9,0.27000000
2026-10-05,13799,Campinas 2-Souzas,CPFL-PAULISTA,33050196000188,NumCon,2024,4,16350.00000000
2026-10-05,13809,Campinas 10-Chapadão,CPFL-PAULISTA,33050196000188,NumCon,2024,10,10714.00000000
2026-10-05,13811,Campinas 4-Boa Vista,CPFL-PAULISTA,33050196000188,NumCon,2024,9,29866.00000000
2026-10-05,13835,Sumare 3-Quilombo,CPFL-PAULISTA,33050196000188,FEC,2024,6,0.15000000
2026-10-05,13809,Campinas 10-Chapadão,CPFL-PAULISTA,33050196000188,NumCon,2024,11,10709.00000000
2026-10-05,13457,ARTUR NOGUEIRA,ELEKTRO,02328280000197,DEC,2024,1,0.47000000
2026-10-05,13841,Rio das Pedras 1,CPFL-PAULISTA,33050196000188,DEC,2024,9,0.70000000
2026-10-05,13809,Campinas 10-Chapadão,CPFL-PAULISTA,33050196000188,NumCon,2024,4,10651.00000000
2026-10-05,13799,Campinas 2-Souzas,CPFL-PAULISTA,33050196000188,NumCon,2024,6,16932.00000000
2026-10-05,13830,Sumare 1,CPFL-PAULISTA,33050196000188,NumCon,2024,3,32662.00000000
2026-10-05,16722,CEMIRIM,CEMIRIM,52777034000190,NumCon,2024,5,17099.00000000
2026-10-05,13830,Sumare 1,CPFL-PAULISTA,33050196000188,FEC,2024,10,0.43000000
2026-10-05,16433,Americana 1,CPFL-PAULISTA,33050196000188,NumCon,2024,6,34417.00000000
2026-10-05,13808,Campinas 1-Centro,CPFL-PAULISTA,33050196000188,FEC,2024,10,0.11000000
2026-10-05,13809,Campinas 10-Chapadão,CPFL-PAULISTA,33050196000188,NumCon,2024,1,10686.00000000
2026-10-05,13793,Nova Odessa 1,CPFL-PAULISTA,33050196000188,NumCon,2024,3,20067.00000000
2026-10-05,13797,Itatiba 3-Colonial,CPFL-PAULISTA,33050196000188,FEC,2024,1,0.38000000
2026-10-05,13814,Campinas 15-Dic,CPFL-PAULISTA,33050196000188,FEC,2024,2,0.14000000
2026-10-05,13824,Nova Odessa 2-Fazenda Velha,CPFL-PAULISTA,33050196000188,FEC,2024,8,0.16000000
2026-10-05,13824,Nova Odessa 2-Fazenda Velha,CPFL-PAULISTA,33050196000188,NumCon,2024,1,19758.00000000
2026-10-05,13831,Sumare 5-Nova Veneza,CPFL-PAULISTA,33050196000188,FEC,2024,2,0.20000000
2026-10-05,16722,CEMIRIM,CEMIRIM,52777034000190,NumCon,2024,11,17363.00000000
2026-10-05,13824,Nova Odessa 2-Fazenda Velha,CPFL-PAULISTA,33050196000188,NumCon,2024,2,19819.00000000
2026-10-05,13826,Americana 4-Jardim,CPFL-PAULISTA,33050196000188,DEC,2024,12,0.20000000
2026-10-05,16434,Amparo 1,CPFL-PAULISTA,33050196000188,FEC,2024,6,0.26000000
2026-10-05,16433,Americana 1,CPFL-PAULISTA,33050196000188,NumCon,2024,4,34074.00000000
2026-10-05,13796,Itatiba 2-Cruzeiro,CPFL-PAULISTA,33050196000188,FEC,2024,9,0.45000000
2026-10-05,13814,Campinas 15-Dic,CPFL-PAULISTA,33050196000188,FEC,2024,12,0.19000000
2026-10-05,16722,CEMIRIM,CEMIRIM,52777034000190,DEC,2024,3,0.85000000
2026-10-05,16434,Amparo 1,CPFL-PAULISTA,33050196000188,FEC,2024,5,0.18000000
2026-10-05,13807,Campinas 6-Taquaral,CPFL-PAULISTA,33050196000188,NumCon,2024,9,33196.00000000
2026-10-05,13824,Nova Odessa 2-Fazenda Velha,CPFL-PAULISTA,33050196000188,NumCon,2024,10,20425.00000000
2026-10-05,16441,Campinas 7-Tanquinho,CPFL-PAULISTA,33050196000188,NumCon,2024,1,26445.00000000
2026-10-05,13841,Rio das Pedras 1,CPFL-PAULISTA,33050196000188,DEC,2024,10,0.37000000
2026-10-05,13824,Nova Odessa 2-Fazenda Velha,CPFL-PAULISTA,33050196000188,NumCon,2024,9,20383.00000000
2026-10-05,13824,Nova Odessa 2-Fazenda Velha,CPFL-PAULISTA,33050196000188,NumCon,2024,8,20315.00000000
2026-10-05,13830,Sumare 1,CPFL-PAULISTA,33050196000188,NumCon,2024,11,33104.00000000
2026-10-05,2922,JAGUARIUNA,CPFL JAGUARI,53859112000169,FEC,2024,9,0.58000000
2026-10-05,16722,CEMIRIM,CEMIRIM,52777034000190,NumCon,2024,6,17133.00000000
2026-10-05,16433,Americana 1,CPFL-PAULISTA,33050196000188,NumCon,2024,5,34086.00000000
2026-10-05,13824,Nova Odessa 2-Fazenda Velha,CPFL-PAULISTA,33050196000188,NumCon,2024,5,20125.00000000
2026-10-05,16461,Santa Barbara Doeste 1,CPFL-PAULISTA,33050196000188,FEC,2024,2,0.07000000
2026-10-05,13841,Rio das Pedras 1,CPFL-PAULISTA,33050196000188,DEC,2024,11,0.41000000
2026-10-05,13831,Sumare 5-Nova Veneza,CPFL-PAULISTA,33050196000188,NumCon,2024,3,25137.00000000
2026-10-05,13831,Sumare 5-Nova Veneza,CPFL-PAULISTA,33050196000188,FEC,2024,12,0.37000000
2026-10-05,13796,Itatiba 2-Cruzeiro,CPFL-PAULISTA,33050196000188,NumCon,2024,12,19434.00000000
2026-10-05,13800,Campinas 9-Paineiras,CPFL-PAULISTA,33050196000188,FEC,2024,1,0.10000000
2026-10-05,13832,Sumare 6-Orquidea,CPFL-PAULISTA,33050196000188,NumCon,2024,6,16461.00000000
2026-10-05,13796,Itatiba 2-Cruzeiro,CPFL-PAULISTA,33050196000188,FEC,2024,10,0.22000000
2026-10-05,13826,Americana 4-Jardim,CPFL-PAULISTA,33050196000188,DEC,2024,2,0.41000000
2026-10-05,13826,Americana 4-Jardim,CPFL-PAULISTA,33050196000188,DEC,2024,8,0.16000000
2026-10-05,13800,Campinas 9-Paineiras,CPFL-PAULISTA,33050196000188,FEC,2024,2,0.18000000
2026-10-05,16461,Santa Barbara Doeste 1,CPFL-PAULISTA,33050196000188,FEC,2024,1,0.08000000
2026-10-05,13831,Sumare 5-Nova Veneza,CPFL-PAULISTA,33050196000188,DEC,2024,7,0.19000000
2026-10-05,13807,Campinas 6-Taquaral,CPFL-PAULISTA,33050196000188,FEC,2024,1,0.13000000
2026-10-05,16434,Amparo 1,CPFL-PAULISTA,33050196000188,FEC,2024,3,0.30000000
2026-10-05,13841,Rio das Pedras 1,CPFL-PAULISTA,33050196000188,DEC,2024,1,0.92000000
2026-10-05,13796,Itatiba 2-Cruzeiro,CPFL-PAULISTA,33050196000188,FEC,2024,11,0.20000000
2026-10-05,13824,Nova Odessa 2-Fazenda Velha,CPFL-PAULISTA,33050196000188,FEC,2024,2,0.11000000
2026-10-05,13836,Hortolandia 1,CPFL-PAULISTA,33050196000188,DEC,2024,11,0.14000000
2026-10-05,2922,JAGUARIUNA,CPFL JAGUARI,53859112000169,DEC,2024,5,0.22000000
2026-10-05,13807,Campinas 6-Taquaral,CPFL-PAULISTA,33050196000188,FEC,2024,7,0.11000000
2026-10-05,13807,Campinas 6-Taquaral,CPFL-PAULISTA,33050196000188,NumCon,2024,2,32678.00000000
2026-10-05,13831,Sumare 5-Nova Veneza,CPFL-PAULISTA,33050196000188,NumCon,2024,11,25355.00000000
2026-10-05,13807,Campinas 6-Taquaral,CPFL-PAULISTA,33050196000188,DEC,2024,5,0.10000000
2026-10-05,13831,Sumare 5-Nova Veneza,CPFL-PAULISTA,33050196000188,NumCon,2024,7,25297.00000000
2026-10-05,13831,Sumare 5-Nova Veneza,CPFL-PAULISTA,33050196000188,NumCon,2024,12,25571.00000000
2026-10-05,2922,JAGUARIUNA,CPFL JAGUARI,53859112000169,DEC,2024,6,0.20000000
2026-10-05,13830,Sumare 1,CPFL-PAULISTA,33050196000188,FEC,2024,2,0.15000000
2026-10-05,13831,Sumare 5-Nova Veneza,CPFL-PAULISTA,33050196000188,NumCon,2024,6,25239.00000000
2026-10-05,16441,Campinas 7-Tanquinho,CPFL-PAULISTA,33050196000188,NumCon,2024,12,27247.00000000
2026-10-05,16461,Santa Barbara Doeste 1,CPFL-PAULISTA,33050196000188,DEC,2024,12,0.10000000
2026-10-05,13841,Rio das Pedras 1,CPFL-PAULISTA,33050196000188,DEC,2024,4,0.44000000
2026-10-05,13457,ARTUR NOGUEIRA,ELEKTRO,02328280000197,FEC,2024,3,1.14000000
2026-10-05,13796,Itatiba 2-Cruzeiro,CPFL-PAULISTA,33050196000188,FEC,2024,7,0.21000000
2026-10-05,13836,Hortolandia 1,CPFL-PAULISTA,33050196000188,DEC,2024,10,0.38000000
2026-10-05,13824,Nova Odessa 2-Fazenda Velha,CPFL-PAULISTA,33050196000188,FEC,2024,3,0.11000000
2026-10-05,13831,Sumare 5-Nova Veneza,CPFL-PAULISTA,33050196000188,NumCon,2024,4,25705.00000000
2026-10-05,2922,JAGUARIUNA,CPFL JAGUARI,53859112000169,DEC,2024,4,0.31000000
2026-10-05,13841,Rio das Pedras 1,CPFL-PAULISTA,33050196000188,DEC,2024,7,0.15000000
2026-10-05,16441,Campinas 7-Tanquinho,CPFL-PAULISTA,33050196000188,NumCon,2024,7,27028.00000000
2026-10-05,964,PEDREIRA,CPFL JAGUARI,53859112000169,DEC,2024,9,0.18000000
2026-10-05,13807,Campinas 6-Taquaral,CPFL-PAULISTA,33050196000188,NumCon,2024,5,32689.00000000
2026-10-05,13797,Itatiba 3-Colonial,CPFL-PAULISTA,33050196000188,DEC,2024,3,0.31000000
2026-10-05,13807,Campinas 6-Taquaral,CPFL-PAULISTA,33050196000188,FEC,2024,2,0.58000000
2026-10-05,13811,Campinas 4-Boa Vista,CPFL-PAULISTA,33050196000188,DEC,2024,3,0.32000000
2026-10-05,13807,Campinas 6-Taquaral,CPFL-PAULISTA,33050196000188,NumCon,2024,8,33075.00000000
2026-10-05,13811,Campinas 4-Boa Vista,CPFL-PAULISTA,33050196000188,FEC,2024,2,0.09000000
2026-10-05,13806,Campinas 8-Viracopos,CPFL-PAULISTA,33050196000188,FEC,2024,8,0.24000000
2026-10-05,13797,Itatiba 3-Colonial,CPFL-PAULISTA,33050196000188,NumCon,2024,10,36891.00000000
2026-10-05,2922,JAGUARIUNA,CPFL JAGUARI,53859112000169,NumCon,2024,11,28272.00000000
2026-10-05,2922,JAGUARIUNA,CPFL JAGUARI,53859112000169,DEC,2024,1,0.56000000
2026-10-05,16461,Santa Barbara Doeste 1,CPFL-PAULISTA,33050196000188,NumCon,2024,8,34131.00000000
2026-10-05,13812,Campinas 14-Bandeirantes,CPFL-PAULISTA,33050196000188,NumCon,2024,11,32957.00000000
2026-10-05,13802,Valinhos 1,CPFL-PAULISTA,33050196000188,DEC,2024,7,0.24000000
2026-10-05,16722,CEMIRIM,CEMIRIM,52777034000190,DEC,2024,12,0.84000000
2026-10-05,13457,ARTUR NOGUEIRA,ELEKTRO,02328280000197,DEC,2024,10,0.41000000
2026-10-05,13812,Campinas 14-Bandeirantes,CPFL-PAULISTA,33050196000188,NumCon,2024,10,32916.00000000
2026-10-05,2922,JAGUARIUNA,CPFL JAGUARI,53859112000169,FEC,2024,10,0.23000000
2026-10-05,13457,ARTUR NOGUEIRA,ELEKTRO,02328280000197,DEC,2024,6,0.22000000
2026-10-05,13807,Campinas 6-Taquaral,CPFL-PAULISTA,33050196000188,NumCon,2024,11,33290.00000000
2026-10-05,13811,Campinas 4-Boa Vista,CPFL-PAULISTA,33050196000188,NumCon,2024,5,29218.00000000
2026-10-05,2922,JAGUARIUNA,CPFL JAGUARI,53859112000169,DEC,2024,2,0.30000000
2026-10-05,16433,Americana 1,CPFL-PAULISTA,33050196000188,NumCon,2024,10,34521.00000000
2026-10-05,13796,Itatiba 2-Cruzeiro,CPFL-PAULISTA,33050196000188,FEC,2024,4,0.13000000
2026-10-05,13824,Nova Odessa 2-Fazenda Velha,CPFL-PAULISTA,33050196000188,FEC,2024,7,0.05000000
2026-10-05,13826,Americana 4-Jardim,CPFL-PAULISTA,33050196000188,DEC,2024,11,0.17000000
2026-10-05,2922,JAGUARIUNA,CPFL JAGUARI,53859112000169,FEC,2024,8,0.13000000
2026-10-05,13797,Itatiba 3-Colonial,CPFL-PAULISTA,33050196000188,DEC,2024,4,0.38000000
2026-10-05,964,PEDREIRA,CPFL JAGUARI,53859112000169,DEC,2024,11,0.34000000
2026-10-05,13797,Itatiba 3-Colonial,CPFL-PAULISTA,33050196000188,NumCon,2024,6,36731.00000000
2026-10-05,13811,Campinas 4-Boa Vista,CPFL-PAULISTA,33050196000188,NumCon,2024,8,29786.00000000
2026-10-05,13457,ARTUR NOGUEIRA,ELEKTRO,02328280000197,DEC,2024,5,0.42000000
2026-10-05,13811,Campinas 4-Boa Vista,CPFL-PAULISTA,33050196000188,DEC,2024,12,0.35000000
2026-10-05,13797,Itatiba 3-Colonial,CPFL-PAULISTA,33050196000188,DEC,2024,8,0.33000000
2026-10-05,16722,CEMIRIM,CEMIRIM,52777034000190,DEC,2024,7,1.22000000
2026-10-05,2922,JAGUARIUNA,CPFL JAGUARI,53859112000169,DEC,2024,7,0.07000000
2026-10-05,13540,MOGI MIRIM UM,ELEKTRO,02328280000197,DEC,2024,12,0.39000000
2026-10-05,16434,Amparo 1,CPFL-PAULISTA,33050196000188,FEC,2024,12,0.23000000
2026-10-05,13796,Itatiba 2-Cruzeiro,CPFL-PAULISTA,33050196000188,DEC,2024,1,0.82000000
2026-10-05,16461,Santa Barbara Doeste 1,CPFL-PAULISTA,33050196000188,NumCon,2024,4,33626.00000000
2026-10-05,13796,Itatiba 2-Cruzeiro,CPFL-PAULISTA,33050196000188,FEC,2024,2,0.22000000
2026-10-05,13457,ARTUR NOGUEIRA,ELEKTRO,02328280000197,NumCon,2024,4,32755.00000000
2026-10-05,13814,Campinas 15-Dic,CPFL-PAULISTA,33050196000188,NumCon,2024,3,21803.00000000
2026-10-05,16433,Americana 1,CPFL-PAULISTA,33050196000188,NumCon,2024,9,34542.00000000
2026-10-05,13826,Americana 4-Jardim,CPFL-PAULISTA,33050196000188,DEC,2024,4,0.05000000
2026-10-05,13797,Itatiba 3-Colonial,CPFL-PAULISTA,33050196000188,DEC,2024,10,0.48000000
2026-10-05,13824,Nova Odessa 2-Fazenda Velha,CPFL-PAULISTA,33050196000188,DEC,2024,12,0.30000000
2026-10-05,13826,Americana 4-Jardim,CPFL-PAULISTA,33050196000188,DEC,2024,10,0.27000000
2026-10-05,13831,Sumare 5-Nova Veneza,CPFL-PAULISTA,33050196000188,FEC,2024,4,0.06000000
2026-10-05,13814,Campinas 15-Dic,CPFL-PAULISTA,33050196000188,DEC,2024,3,0.41000000
2026-10-05,13797,Itatiba 3-Colonial,CPFL-PAULISTA,33050196000188,NumCon,2024,4,37177.00000000
2026-10-05,13824,Nova Odessa 2-Fazenda Velha,CPFL-PAULISTA,33050196000188,FEC,2024,12,0.14000000
2026-10-05,13831,Sumare 5-Nova Veneza,CPFL-PAULISTA,33050196000188,DEC,2024,1,0.29000000
2026-10-05,13829,Santa Barbara 2-Barbarense,CPFL-PAULISTA,33050196000188,NumCon,2024,12,34640.00000000
2026-10-05,16461,Santa Barbara Doeste 1,CPFL-PAULISTA,33050196000188,DEC,2024,5,0.16000000
2026-10-05,13796,Itatiba 2-Cruzeiro,CPFL-PAULISTA,33050196000188,FEC,2024,5,0.34000000
2026-10-05,13800,Campinas 9-Paineiras,CPFL-PAULISTA,33050196000188,NumCon,2024,4,21753.00000000
2026-10-05,13814,Campinas 15-Dic,CPFL-PAULISTA,33050196000188,FEC,2024,10,0.07000000
2026-10-05,13814,Campinas 15-Dic,CPFL-PAULISTA,33050196000188,FEC,2024,11,0.10000000
2026-10-05,13807,Campinas 6-Taquaral,CPFL-PAULISTA,33050196000188,NumCon,2024,10,33234.00000000
2026-10-05,13814,Campinas 15-Dic,CPFL-PAULISTA,33050196000188,FEC,2024,9,0.19000000
2026-10-05,2922,JAGUARIUNA,CPFL JAGUARI,53859112000169,NumCon,2024,2,27584.00000000
2026-10-05,2922,JAGUARIUNA,CPFL JAGUARI,53859112000169,DEC,2024,8,0.18000000
2026-10-05,13814,Campinas 15-Dic,CPFL-PAULISTA,33050196000188,DEC,2024,12,0.66000000
2026-10-05,16464,Valinhos 2-Figueira,CPFL-PAULISTA,33050196000188,NumCon,2024,9,24269.00000000
2026-10-05,13824,Nova Odessa 2-Fazenda Velha,CPFL-PAULISTA,33050196000188,FEC,2024,1,0.30000000
2026-10-05,13837,Hortolandia 2-Morro Azul,CPFL-PAULISTA,33050196000188,FEC,2024,3,0.06000000
2026-10-05,16461,Santa Barbara Doeste 1,CPFL-PAULISTA,33050196000188,DEC,2024,1,0.22000000
2026-10-05,13796,Itatiba 2-Cruzeiro,CPFL-PAULISTA,33050196000188,FEC,2024,1,0.54000000
2026-10-05,13829,Santa Barbara 2-Barbarense,CPFL-PAULISTA,33050196000188,DEC,2024,7,0.22000000
2026-10-05,13840,Capivari 1,CPFL-PAULISTA,33050196000188,NumCon,2024,9,27385.00000000
2026-10-05,13824,Nova Odessa 2-Fazenda Velha,CPFL-PAULISTA,33050196000188,FEC,2024,5,0.46000000
2026-10-05,16433,Americana 1,CPFL-PAULISTA,33050196000188,DEC,2024,2,0.12000000
2026-10-05,13796,Itatiba 2-Cruzeiro,CPFL-PAULISTA,33050196000188,FEC,2024,3,0.27000000
2026-10-05,13793,Nova Odessa 1,CPFL-PAULISTA,33050196000188,DEC,2024,9,0.22000000
2026-10-05,13814,Campinas 15-Dic,CPFL-PAULISTA,33050196000188,FEC,2024,4,0.04000000
2026-10-05,13814,Campinas 15-Dic,CPFL-PAULISTA,33050196000188,DEC,2024,7,0.36000000
2026-10-05,13796,Itatiba 2-Cruzeiro,CPFL-PAULISTA,33050196000188,DEC,2024,7,0.63000000
2026-10-05,13814,Campinas 15-Dic,CPFL-PAULISTA,33050196000188,FEC,2024,3,0.13000000
2026-10-05,13824,Nova Odessa 2-Fazenda Velha,CPFL-PAULISTA,33050196000188,DEC,2024,8,0.24000000
2026-10-05,13814,Campinas 15-Dic,CPFL-PAULISTA,33050196000188,DEC,2024,8,0.36000000
2026-10-05,13797,Itatiba 3-Colonial,CPFL-PAULISTA,33050196000188,NumCon,2024,5,36665.00000000
2026-10-05,13814,Campinas 15-Dic,CPFL-PAULISTA,33050196000188,DEC,2024,11,0.48000000
2026-10-05,13814,Campinas 15-Dic,CPFL-PAULISTA,33050196000188,DEC,2024,10,0.24000000
2026-10-05,13797,Itatiba 3-Colonial,CPFL-PAULISTA,33050196000188,DEC,2024,12,0.31000000
2026-10-05,16440,Campinas 5-Andorinha,CPFL-PAULISTA,33050196000188,FEC,2024,6,0.08000000
2026-10-05,16440,Campinas 5-Andorinha,CPFL-PAULISTA,33050196000188,FEC,2024,5,0.66000000
2026-10-05,13831,Sumare 5-Nova Veneza,CPFL-PAULISTA,33050196000188,DEC,2024,8,0.20000000
2026-10-05,16433,Americana 1,CPFL-PAULISTA,33050196000188,FEC,2024,9,0.13000000
2026-10-05,13829,Santa Barbara 2-Barbarense,CPFL-PAULISTA,33050196000188,NumCon,2024,11,34579.00000000
2026-10-05,13797,Itatiba 3-Colonial,CPFL-PAULISTA,33050196000188,NumCon,2024,9,36877.00000000
2026-10-05,13808,Campinas 1-Centro,CPFL-PAULISTA,33050196000188,FEC,2024,9,0.08000000
2026-10-05,13797,Itatiba 3-Colonial,CPFL-PAULISTA,33050196000188,NumCon,2024,8,36785.00000000
2026-10-05,13840,Capivari 1,CPFL-PAULISTA,33050196000188,NumCon,2024,8,27274.00000000
2026-10-05,13831,Sumare 5-Nova Veneza,CPFL-PAULISTA,33050196000188,DEC,2024,12,0.36000000
2026-10-05,13797,Itatiba 3-Colonial,CPFL-PAULISTA,33050196000188,NumCon,2024,2,36478.00000000
2026-10-05,13840,Capivari 1,CPFL-PAULISTA,33050196000188,NumCon,2024,5,27091.00000000
2026-10-05,13457,ARTUR NOGUEIRA,ELEKTRO,02328280000197,FEC,2024,8,0.28000000
2026-10-05,16461,Santa Barbara Doeste 1,CPFL-PAULISTA,33050196000188,NumCon,2024,2,33722.00000000
2026-10-05,13814,Campinas 15-Dic,CPFL-PAULISTA,33050196000188,DEC,2024,1,0.53000000
2026-10-05,16461,Santa Barbara Doeste 1,CPFL-PAULISTA,33050196000188,NumCon,2024,6,34049.00000000
2026-10-05,964,PEDREIRA,CPFL JAGUARI,53859112000169,FEC,2024,6,0.09000000
2026-10-05,13802,Valinhos 1,CPFL-PAULISTA,33050196000188,FEC,2024,12,0.29000000
2026-10-05,16433,Americana 1,CPFL-PAULISTA,33050196000188,DEC,2024,3,0.16000000
2026-10-05,16461,Santa Barbara Doeste 1,CPFL-PAULISTA,33050196000188,NumCon,2024,1,33774.00000000
2026-10-05,16461,Santa Barbara Doeste 1,CPFL-PAULISTA,33050196000188,DEC,2024,6,0.38000000
2026-10-05,13805,Campinas 3-Trevo,CPFL-PAULISTA,33050196000188,NumCon,2024,12,40232.00000000
2026-10-05,13829,Santa Barbara 2-Barbarense,CPFL-PAULISTA,33050196000188,NumCon,2024,7,34315.00000000
2026-10-05,13814,Campinas 15-Dic,CPFL-PAULISTA,33050196000188,DEC,2024,2,0.50000000
2026-10-05,964,PEDREIRA,CPFL JAGUARI,53859112000169,DEC,2024,12,0.59000000
2026-10-05,13805,Campinas 3-Trevo,CPFL-PAULISTA,33050196000188,NumCon,2024,7,39561.00000000
2026-10-05,16461,Santa Barbara Doeste 1,CPFL-PAULISTA,33050196000188,NumCon,2024,5,33604.00000000
2026-10-05,13836,Hortolandia 1,CPFL-PAULISTA,33050196000188,DEC,2024,2,0.29000000
2026-10-05,13840,Capivari 1,CPFL-PAULISTA,33050196000188,NumCon,2024,6,27173.00000000
2026-10-05,13540,MOGI MIRIM UM,ELEKTRO,02328280000197,DEC,2024,7,0.32000000
2026-10-05,13811,Campinas 4-Boa Vista,CPFL-PAULISTA,33050196000188,DEC,2024,6,0.19000000
2026-10-05,13814,Campinas 15-Dic,CPFL-PAULISTA,33050196000188,FEC,2024,5,0.13000000
2026-10-05,16433,Americana 1,CPFL-PAULISTA,33050196000188,DEC,2024,7,0.27000000
2026-10-05,13814,Campinas 15-Dic,CPFL-PAULISTA,33050196000188,NumCon,2024,4,21130.00000000
2026-10-05,964,PEDREIRA,CPFL JAGUARI,53859112000169,FEC,2024,8,0.14000000
2026-10-05,13457,ARTUR NOGUEIRA,ELEKTRO,02328280000197,DEC,2024,11,0.36000000
2026-10-05,13840,Capivari 1,CPFL-PAULISTA,33050196000188,NumCon,2024,11,27474.00000000
2026-10-05,16441,Campinas 7-Tanquinho,CPFL-PAULISTA,33050196000188,NumCon,2024,6,27003.00000000
2026-10-05,13840,Capivari 1,CPFL-PAULISTA,33050196000188,NumCon,2024,10,27420.00000000
2026-10-05,16433,Americana 1,CPFL-PAULISTA,33050196000188,DEC,2024,10,0.15000000
2026-10-05,13814,Campinas 15-Dic,CPFL-PAULISTA,33050196000188,DEC,2024,5,0.36000000
2026-10-05,13837,Hortolandia 2-Morro Azul,CPFL-PAULISTA,33050196000188,FEC,2024,10,0.10000000
2026-10-05,13824,Nova Odessa 2-Fazenda Velha,CPFL-PAULISTA,33050196000188,DEC,2024,5,0.49000000
2026-10-05,16433,Americana 1,CPFL-PAULISTA,33050196000188,DEC,2024,11,0.15000000
2026-10-05,964,PEDREIRA,CPFL JAGUARI,53859112000169,FEC,2024,10,0.54000000
2026-10-05,16440,Campinas 5-Andorinha,CPFL-PAULISTA,33050196000188,NumCon,2024,6,68698.00000000
2026-10-05,13831,Sumare 5-Nova Veneza,CPFL-PAULISTA,33050196000188,DEC,2024,4,0.06000000
2026-10-05,13807,Campinas 6-Taquaral,CPFL-PAULISTA,33050196000188,NumCon,2024,3,32581.00000000
2026-10-05,16464,Valinhos 2-Figueira,CPFL-PAULISTA,33050196000188,FEC,2024,1,0.40000000
2026-10-05,16461,Santa Barbara Doeste 1,CPFL-PAULISTA,33050196000188,NumCon,2024,10,34230.00000000
2026-10-05,964,PEDREIRA,CPFL JAGUARI,53859112000169,NumCon,2024,9,20252.00000000
2026-10-05,13793,Nova Odessa 1,CPFL-PAULISTA,33050196000188,DEC,2024,2,0.38000000
2026-10-05,13808,Campinas 1-Centro,CPFL-PAULISTA,33050196000188,FEC,2024,5,0.05000000
2026-10-05,13840,Capivari 1,CPFL-PAULISTA,33050196000188,NumCon,2024,4,27115.00000000
2026-10-05,13793,Nova Odessa 1,CPFL-PAULISTA,33050196000188,DEC,2024,10,0.42000000
2026-10-05,13797,Itatiba 3-Colonial,CPFL-PAULISTA,33050196000188,NumCon,2024,3,36570.00000000
2026-10-05,13829,Santa Barbara 2-Barbarense,CPFL-PAULISTA,33050196000188,NumCon,2024,4,34358.00000000
2026-10-05,16464,Valinhos 2-Figueira,CPFL-PAULISTA,33050196000188,FEC,2024,2,0.18000000
2026-10-05,13809,Campinas 10-Chapadão,CPFL-PAULISTA,33050196000188,FEC,2024,1,0.85000000
2026-10-05,16434,Amparo 1,CPFL-PAULISTA,33050196000188,FEC,2024,10,0.26000000
2026-10-05,13833,Sumare 2-Tres M,CPFL-PAULISTA,33050196000188,FEC,2024,11,0.07000000
2026-10-05,13797,Itatiba 3-Colonial,CPFL-PAULISTA,33050196000188,FEC,2024,10,0.27000000
2026-10-05,964,PEDREIRA,CPFL JAGUARI,53859112000169,DEC,2024,4,0.36000000
2026-10-05,16440,Campinas 5-Andorinha,CPFL-PAULISTA,33050196000188,FEC,2024,2,0.12000000
2026-10-05,16434,Amparo 1,CPFL-PAULISTA,33050196000188,DEC,2024,8,0.37000000
2026-10-05,13797,Itatiba 3-Colonial,CPFL-PAULISTA,33050196000188,DEC,2024,6,0.43000000
2026-10-05,16434,Amparo 1,CPFL-PAULISTA,33050196000188,FEC,2024,1,0.63000000
2026-10-05,13802,Valinhos 1,CPFL-PAULISTA,33050196000188,NumCon,2024,6,36592.00000000
2026-10-05,13796,Itatiba 2-Cruzeiro,CPFL-PAULISTA,33050196000188,DEC,2024,5,0.59000000
2026-10-05,964,PEDREIRA,CPFL JAGUARI,53859112000169,DEC,2024,6,0.43000000
2026-10-05,13833,Sumare 2-Tres M,CPFL-PAULISTA,33050196000188,FEC,2024,10,0.18000000
2026-10-05,13810,Campinas 12-Cidade Jardim,CPFL-PAULISTA,33050196000188,FEC,2024,2,0.15000000
2026-10-05,964,PEDREIRA,CPFL JAGUARI,53859112000169,DEC,2024,2,0.39000000
2026-10-05,13811,Campinas 4-Boa Vista,CPFL-PAULISTA,33050196000188,DEC,2024,4,0.20000000
2026-10-05,13814,Campinas 15-Dic,CPFL-PAULISTA,33050196000188,NumCon,2024,5,21503.00000000
2026-10-05,964,PEDREIRA,CPFL JAGUARI,53859112000169,DEC,2024,7,0.19000000
2026-10-05,16441,Campinas 7-Tanquinho,CPFL-PAULISTA,33050196000188,FEC,2024,7,0.06000000
2026-10-05,16452,Monte Mor 1,CPFL-PAULISTA,33050196000188,NumCon,2024,6,34990.00000000
2026-10-05,13457,ARTUR NOGUEIRA,ELEKTRO,02328280000197,FEC,2024,4,0.09000000
2026-10-05,13797,Itatiba 3-Colonial,CPFL-PAULISTA,33050196000188,DEC,2024,5,0.49000000
2026-10-05,13837,Hortolandia 2-Morro Azul,CPFL-PAULISTA,33050196000188,FEC,2024,6,0.06000000
2026-10-05,13814,Campinas 15-Dic,CPFL-PAULISTA,33050196000188,NumCon,2024,8,22026.00000000
2026-10-05,16464,Valinhos 2-Figueira,CPFL-PAULISTA,33050196000188,FEC,2024,6,0.50000000
2026-10-05,13540,MOGI MIRIM UM,ELEKTRO,02328280000197,DEC,2024,9,0.38000000
2026-10-05,964,PEDREIRA,CPFL JAGUARI,53859112000169,DEC,2024,3,0.34000000
2026-10-05,13796,Itatiba 2-Cruzeiro,CPFL-PAULISTA,33050196000188,DEC,2024,4,0.25000000
2026-10-05,13805,Campinas 3-Trevo,CPFL-PAULISTA,33050196000188,NumCon,2024,6,39512.00000000
2026-10-05,13837,Hortolandia 2-Morro Azul,CPFL-PAULISTA,33050196000188,FEC,2024,8,0.30000000
2026-10-05,13830,Sumare 1,CPFL-PAULISTA,33050196000188,FEC,2024,8,0.10000000
2026-10-05,16441,Campinas 7-Tanquinho,CPFL-PAULISTA,33050196000188,DEC,2024,8,0.73000000
2026-10-05,13540,MOGI MIRIM UM,ELEKTRO,02328280000197,DEC,2024,2,0.42000000
2026-10-05,964,PEDREIRA,CPFL JAGUARI,53859112000169,DEC,2024,5,0.34000000
2026-10-05,16441,Campinas 7-Tanquinho,CPFL-PAULISTA,33050196000188,FEC,2024,10,0.12000000
2026-10-05,16464,Valinhos 2-Figueira,CPFL-PAULISTA,33050196000188,FEC,2024,10,0.21000000
2026-10-05,16441,Campinas 7-Tanquinho,CPFL-PAULISTA,33050196000188,FEC,2024,8,0.49000000
2026-10-05,13812,Campinas 14-Bandeirantes,CPFL-PAULISTA,33050196000188,NumCon,2024,9,32892.00000000
2026-10-05,16434,Amparo 1,CPFL-PAULISTA,33050196000188,DEC,2024,12,0.58000000
2026-10-05,13836,Hortolandia 1,CPFL-PAULISTA,33050196000188,DEC,2024,1,0.39000000
2026-10-05,964,PEDREIRA,CPFL JAGUARI,53859112000169,DEC,2024,1,0.60000000
2026-10-05,13814,Campinas 15-Dic,CPFL-PAULISTA,33050196000188,FEC,2024,7,0.25000000
2026-10-05,13810,Campinas 12-Cidade Jardim,CPFL-PAULISTA,33050196000188,FEC,2024,6,0.07000000
2026-10-05,964,PEDREIRA,CPFL JAGUARI,53859112000169,DEC,2024,10,0.68000000
2026-10-05,13826,Americana 4-Jardim,CPFL-PAULISTA,33050196000188,DEC,2024,3,0.21000000
2026-10-05,13797,Itatiba 3-Colonial,CPFL-PAULISTA,33050196000188,NumCon,2024,7,36747.00000000
2026-10-05,13802,Valinhos 1,CPFL-PAULISTA,33050196000188,NumCon,2024,4,37161.00000000
2026-10-05,13840,Capivari 1,CPFL-PAULISTA,33050196000188,NumCon,2024,2,27013.00000000
2026-10-05,13809,Campinas 10-Chapadão,CPFL-PAULISTA,33050196000188,FEC,2024,5,0.26000000
2026-10-05,13797,Itatiba 3-Colonial,CPFL-PAULISTA,33050196000188,NumCon,2024,12,36971.00000000
2026-10-05,13833,Sumare 2-Tres M,CPFL-PAULISTA,33050196000188,DEC,2024,12,0.16000000
2026-10-05,16464,Valinhos 2-Figueira,CPFL-PAULISTA,33050196000188,FEC,2024,5,0.15000000
2026-10-05,13793,Nova Odessa 1,CPFL-PAULISTA,33050196000188,DEC,2024,3,0.29000000
2026-10-05,16440,Campinas 5-Andorinha,CPFL-PAULISTA,33050196000188,DEC,2024,4,0.18000000
2026-10-05,13814,Campinas 15-Dic,CPFL-PAULISTA,33050196000188,NumCon,2024,11,22184.00000000
2026-10-05,13797,Itatiba 3-Colonial,CPFL-PAULISTA,33050196000188,NumCon,2024,1,35981.00000000
2026-10-05,16434,Amparo 1,CPFL-PAULISTA,33050196000188,FEC,2024,9,0.27000000
2026-10-05,13805,Campinas 3-Trevo,CPFL-PAULISTA,33050196000188,NumCon,2024,3,39439.00000000
2026-10-05,13814,Campinas 15-Dic,CPFL-PAULISTA,33050196000188,NumCon,2024,10,22187.00000000
2026-10-05,13837,Hortolandia 2-Morro Azul,CPFL-PAULISTA,33050196000188,FEC,2024,12,0.18000000
2026-10-05,16464,Valinhos 2-Figueira,CPFL-PAULISTA,33050196000188,FEC,2024,11,0.50000000
2026-10-05,13822,Americana 2-Campo Verde,CPFL-PAULISTA,33050196000188,FEC,2024,12,0.07000000
2026-10-05,13811,Campinas 4-Boa Vista,CPFL-PAULISTA,33050196000188,FEC,2024,5,0.12000000
2026-10-05,16440,Campinas 5-Andorinha,CPFL-PAULISTA,33050196000188,DEC,2024,1,0.53000000
2026-10-05,13837,Hortolandia 2-Morro Azul,CPFL-PAULISTA,33050196000188,FEC,2024,1,0.23000000
2026-10-05,13814,Campinas 15-Dic,CPFL-PAULISTA,33050196000188,NumCon,2024,9,22195.00000000
2026-10-05,16434,Amparo 1,CPFL-PAULISTA,33050196000188,FEC,2024,11,0.27000000
2026-10-05,16433,Americana 1,CPFL-PAULISTA,33050196000188,DEC,2024,6,0.21000000
2026-10-05,13833,Sumare 2-Tres M,CPFL-PAULISTA,33050196000188,DEC,2024,8,0.08000000
2026-10-05,13586,SANTO ANTONIO DA POSSE,ELEKTRO,02328280000197,NumCon,2024,11,9961.00000000
2026-10-05,13811,Campinas 4-Boa Vista,CPFL-PAULISTA,33050196000188,NumCon,2024,2,29574.00000000
2026-10-05,13810,Campinas 12-Cidade Jardim,CPFL-PAULISTA,33050196000188,FEC,2024,8,0.20000000
2026-10-05,13802,Valinhos 1,CPFL-PAULISTA,33050196000188,NumCon,2024,7,36584.00000000
2026-10-05,13822,Americana 2-Campo Verde,CPFL-PAULISTA,33050196000188,DEC,2024,7,0.32000000
2026-10-05,16461,Santa Barbara Doeste 1,CPFL-PAULISTA,33050196000188,DEC,2024,11,0.13000000
2026-10-05,16440,Campinas 5-Andorinha,CPFL-PAULISTA,33050196000188,NumCon,2024,2,67976.00000000
2026-10-05,13811,Campinas 4-Boa Vista,CPFL-PAULISTA,33050196000188,DEC,2024,10,0.28000000
2026-10-05,13829,Santa Barbara 2-Barbarense,CPFL-PAULISTA,33050196000188,NumCon,2024,6,34231.00000000
2026-10-05,13797,Itatiba 3-Colonial,CPFL-PAULISTA,33050196000188,NumCon,2024,11,36829.00000000
2026-10-05,16461,Santa Barbara Doeste 1,CPFL-PAULISTA,33050196000188,NumCon,2024,9,34210.00000000
2026-10-05,16434,Amparo 1,CPFL-PAULISTA,33050196000188,FEC,2024,8,0.31000000
2026-10-05,13811,Campinas 4-Boa Vista,CPFL-PAULISTA,33050196000188,NumCon,2024,10,29824.00000000
2026-10-05,16433,Americana 1,CPFL-PAULISTA,33050196000188,DEC,2024,4,0.05000000
2026-10-05,13811,Campinas 4-Boa Vista,CPFL-PAULISTA,33050196000188,DEC,2024,11,0.36000000
2026-10-05,13805,Campinas 3-Trevo,CPFL-PAULISTA,33050196000188,DEC,2024,5,0.26000000
2026-10-05,16441,Campinas 7-Tanquinho,CPFL-PAULISTA,33050196000188,FEC,2024,4,0.35000000
2026-10-05,16433,Americana 1,CPFL-PAULISTA,33050196000188,NumCon,2024,8,34441.00000000
2026-10-05,16440,Campinas 5-Andorinha,CPFL-PAULISTA,33050196000188,DEC,2024,3,0.19000000
2026-10-05,964,PEDREIRA,CPFL JAGUARI,53859112000169,DEC,2024,8,0.23000000
2026-10-05,16452,Monte Mor 1,CPFL-PAULISTA,33050196000188,NumCon,2024,4,34808.00000000
2026-10-05,13793,Nova Odessa 1,CPFL-PAULISTA,33050196000188,DEC,2024,8,0.41000000
2026-10-05,16464,Valinhos 2-Figueira,CPFL-PAULISTA,33050196000188,FEC,2024,9,0.21000000
2026-10-05,13824,Nova Odessa 2-Fazenda Velha,CPFL-PAULISTA,33050196000188,DEC,2024,6,0.34000000
2026-10-05,964,PEDREIRA,CPFL JAGUARI,53859112000169,NumCon,2024,5,20087.00000000
2026-10-05,13802,Valinhos 1,CPFL-PAULISTA,33050196000188,NumCon,2024,12,36597.00000000
2026-10-05,13811,Campinas 4-Boa Vista,CPFL-PAULISTA,33050196000188,DEC,2024,8,0.24000000
2026-10-05,2922,JAGUARIUNA,CPFL JAGUARI,53859112000169,FEC,2024,4,0.14000000
2026-10-05,13814,Campinas 15-Dic,CPFL-PAULISTA,33050196000188,NumCon,2024,12,22203.00000000
2026-10-05,16433,Americana 1,CPFL-PAULISTA,33050196000188,DEC,2024,9,0.26000000
2026-10-05,13809,Campinas 10-Chapadão,CPFL-PAULISTA,33050196000188,FEC,2024,10,0.49000000
2026-10-05,13805,Campinas 3-Trevo,CPFL-PAULISTA,33050196000188,FEC,2024,8,0.06000000
2026-10-05,13826,Americana 4-Jardim,CPFL-PAULISTA,33050196000188,NumCon,2024,8,38936.00000000
2026-10-05,13805,Campinas 3-Trevo,CPFL-PAULISTA,33050196000188,FEC,2024,1,0.33000000
2026-10-05,13826,Americana 4-Jardim,CPFL-PAULISTA,33050196000188,NumCon,2024,5,38632.00000000
2026-10-05,13826,Americana 4-Jardim,CPFL-PAULISTA,33050196000188,NumCon,2024,9,39079.00000000
2026-10-05,13802,Valinhos 1,CPFL-PAULISTA,33050196000188,NumCon,2024,8,36598.00000000
2026-10-05,16441,Campinas 7-Tanquinho,CPFL-PAULISTA,33050196000188,FEC,2024,12,0.49000000
2026-10-05,13586,SANTO ANTONIO DA POSSE,ELEKTRO,02328280000197,NumCon,2024,3,9834.00000000
2026-10-05,13835,Sumare 3-Quilombo,CPFL-PAULISTA,33050196000188,FEC,2024,8,0.27000000
2026-10-05,16433,Americana 1,CPFL-PAULISTA,33050196000188,NumCon,2024,7,34436.00000000
2026-10-05,13820,Cosmopolis 1,CPFL-PAULISTA,33050196000188,NumCon,2024,10,24749.00000000
2026-10-05,13805,Campinas 3-Trevo,CPFL-PAULISTA,33050196000188,DEC,2024,9,0.24000000
2026-10-05,13809,Campinas 10-Chapadão,CPFL-PAULISTA,33050196000188,FEC,2024,9,0.31000000
2026-10-05,13840,Capivari 1,CPFL-PAULISTA,33050196000188,DEC,2024,1,0.66000000
2026-10-05,13540,MOGI MIRIM UM,ELEKTRO,02328280000197,FEC,2024,6,0.14000000
2026-10-05,13833,Sumare 2-Tres M,CPFL-PAULISTA,33050196000188,FEC,2024,4,0.37000000
2026-10-05,13802,Valinhos 1,CPFL-PAULISTA,33050196000188,NumCon,2024,5,36254.00000000
2026-10-05,16441,Campinas 7-Tanquinho,CPFL-PAULISTA,33050196000188,FEC,2024,6,0.19000000
2026-10-05,16433,Americana 1,CPFL-PAULISTA,33050196000188,NumCon,2024,12,34581.00000000
2026-10-05,13811,Campinas 4-Boa Vista,CPFL-PAULISTA,33050196000188,DEC,2024,2,0.15000000
2026-10-05,13802,Valinhos 1,CPFL-PAULISTA,33050196000188,NumCon,2024,9,36620.00000000
2026-10-05,13797,Itatiba 3-Colonial,CPFL-PAULISTA,33050196000188,FEC,2024,3,0.19000000
2026-10-05,13820,Cosmopolis 1,CPFL-PAULISTA,33050196000188,NumCon,2024,1,24617.00000000
2026-10-05,13807,Campinas 6-Taquaral,CPFL-PAULISTA,33050196000188,FEC,2024,6,0.01000000
2026-10-05,16452,Monte Mor 1,CPFL-PAULISTA,33050196000188,NumCon,2024,2,34624.00000000
2026-10-05,13809,Campinas 10-Chapadão,CPFL-PAULISTA,33050196000188,FEC,2024,11,0.07000000
2026-10-05,13826,Americana 4-Jardim,CPFL-PAULISTA,33050196000188,NumCon,2024,1,38654.00000000
2026-10-05,13824,Nova Odessa 2-Fazenda Velha,CPFL-PAULISTA,33050196000188,DEC,2024,9,0.76000000
2026-10-05,13826,Americana 4-Jardim,CPFL-PAULISTA,33050196000188,NumCon,2024,2,38652.00000000
2026-10-05,13822,Americana 2-Campo Verde,CPFL-PAULISTA,33050196000188,DEC,2024,5,0.28000000
2026-10-05,16461,Santa Barbara Doeste 1,CPFL-PAULISTA,33050196000188,DEC,2024,10,0.29000000
2026-10-05,16441,Campinas 7-Tanquinho,CPFL-PAULISTA,33050196000188,FEC,2024,3,0.29000000
2026-10-05,13796,Itatiba 2-Cruzeiro,CPFL-PAULISTA,33050196000188,DEC,2024,12,0.85000000
2026-10-05,13809,Campinas 10-Chapadão,CPFL-PAULISTA,33050196000188,FEC,2024,3,0.37000000
2026-10-05,13811,Campinas 4-Boa Vista,CPFL-PAULISTA,33050196000188,NumCon,2024,11,29775.00000000
2026-10-05,13808,Campinas 1-Centro,CPFL-PAULISTA,33050196000188,DEC,2024,9,0.13000000
2026-10-05,13837,Hortolandia 2-Morro Azul,CPFL-PAULISTA,33050196000188,FEC,2024,11,0.14000000
2026-10-05,13833,Sumare 2-Tres M,CPFL-PAULISTA,33050196000188,FEC,2024,7,0.18000000
2026-10-05,13812,Campinas 14-Bandeirantes,CPFL-PAULISTA,33050196000188,DEC,2024,9,0.32000000
2026-10-05,13820,Cosmopolis 1,CPFL-PAULISTA,33050196000188,NumCon,2024,6,24654.00000000
2026-10-05,16434,Amparo 1,CPFL-PAULISTA,33050196000188,NumCon,2024,12,35969.00000000
2026-10-05,16441,Campinas 7-Tanquinho,CPFL-PAULISTA,33050196000188,FEC,2024,2,0.20000000
2026-10-05,13799,Campinas 2-Souzas,CPFL-PAULISTA,33050196000188,FEC,2024,12,0.32000000
2026-10-05,13835,Sumare 3-Quilombo,CPFL-PAULISTA,33050196000188,DEC,2024,10,0.21000000
2026-10-05,13799,Campinas 2-Souzas,CPFL-PAULISTA,33050196000188,FEC,2024,6,0.21000000
2026-10-05,13802,Valinhos 1,CPFL-PAULISTA,33050196000188,NumCon,2024,1,35941.00000000
2026-10-05,16434,Amparo 1,CPFL-PAULISTA,33050196000188,FEC,2024,7,0.14000000
2026-10-05,13802,Valinhos 1,CPFL-PAULISTA,33050196000188,NumCon,2024,2,36383.00000000
2026-10-05,13820,Cosmopolis 1,CPFL-PAULISTA,33050196000188,NumCon,2024,4,24650.00000000
2026-10-05,13793,Nova Odessa 1,CPFL-PAULISTA,33050196000188,DEC,2024,6,0.30000000
2026-10-05,13835,Sumare 3-Quilombo,CPFL-PAULISTA,33050196000188,DEC,2024,11,0.28000000
2026-10-05,16452,Monte Mor 1,CPFL-PAULISTA,33050196000188,NumCon,2024,1,34594.00000000
2026-10-05,13802,Valinhos 1,CPFL-PAULISTA,33050196000188,NumCon,2024,11,36550.00000000
2026-10-05,2922,JAGUARIUNA,CPFL JAGUARI,53859112000169,DEC,2024,12,0.22000000
2026-10-05,13837,Hortolandia 2-Morro Azul,CPFL-PAULISTA,33050196000188,FEC,2024,5,0.23000000
2026-10-05,16461,Santa Barbara Doeste 1,CPFL-PAULISTA,33050196000188,DEC,2024,2,0.15000000
2026-10-05,964,PEDREIRA,CPFL JAGUARI,53859112000169,NumCon,2024,3,20049.00000000
2026-10-05,16433,Americana 1,CPFL-PAULISTA,33050196000188,NumCon,2024,11,34578.00000000
2026-10-05,16464,Valinhos 2-Figueira,CPFL-PAULISTA,33050196000188,FEC,2024,4,0.08000000
2026-10-05,13807,Campinas 6-Taquaral,CPFL-PAULISTA,33050196000188,NumCon,2024,7,33053.00000000
2026-10-05,13811,Campinas 4-Boa Vista,CPFL-PAULISTA,33050196000188,DEC,2024,1,0.64000000
2026-10-05,16440,Campinas 5-Andorinha,CPFL-PAULISTA,33050196000188,DEC,2024,9,0.43000000
2026-10-05,13809,Campinas 10-Chapadão,CPFL-PAULISTA,33050196000188,FEC,2024,4,0.29000000
2026-10-05,13829,Santa Barbara 2-Barbarense,CPFL-PAULISTA,33050196000188,FEC,2024,1,0.24000000
2026-10-05,16440,Campinas 5-Andorinha,CPFL-PAULISTA,33050196000188,FEC,2024,1,0.29000000
2026-10-05,964,PEDREIRA,CPFL JAGUARI,53859112000169,NumCon,2024,4,20018.00000000
2026-10-05,13833,Sumare 2-Tres M,CPFL-PAULISTA,33050196000188,FEC,2024,5,0.15000000
2026-10-05,13819,Paulinia 1,CPFL-PAULISTA,33050196000188,DEC,2024,10,0.50000000
2026-10-05,16433,Americana 1,CPFL-PAULISTA,33050196000188,NumCon,2024,3,34229.00000000
2026-10-05,16452,Monte Mor 1,CPFL-PAULISTA,33050196000188,FEC,2024,7,0.11000000
2026-10-05,13812,Campinas 14-Bandeirantes,CPFL-PAULISTA,33050196000188,DEC,2024,8,0.29000000
2026-10-05,13799,Campinas 2-Souzas,CPFL-PAULISTA,33050196000188,FEC,2024,7,0.21000000
2026-10-05,13814,Campinas 15-Dic,CPFL-PAULISTA,33050196000188,NumCon,2024,7,22005.00000000
2026-10-05,13835,Sumare 3-Quilombo,CPFL-PAULISTA,33050196000188,FEC,2024,12,0.12000000
2026-10-05,13833,Sumare 2-Tres M,CPFL-PAULISTA,33050196000188,NumCon,2024,8,16850.00000000
2026-10-05,16441,Campinas 7-Tanquinho,CPFL-PAULISTA,33050196000188,DEC,2024,4,0.41000000
2026-10-05,13799,Campinas 2-Souzas,CPFL-PAULISTA,33050196000188,FEC,2024,2,0.36000000
2026-10-05,16440,Campinas 5-Andorinha,CPFL-PAULISTA,33050196000188,DEC,2024,7,0.24000000
2026-10-05,964,PEDREIRA,CPFL JAGUARI,53859112000169,NumCon,2024,7,20189.00000000
2026-10-05,13820,Cosmopolis 1,CPFL-PAULISTA,33050196000188,NumCon,2024,9,24749.00000000
2026-10-05,13802,Valinhos 1,CPFL-PAULISTA,33050196000188,NumCon,2024,10,36568.00000000
2026-10-05,13820,Cosmopolis 1,CPFL-PAULISTA,33050196000188,NumCon,2024,5,24624.00000000
2026-10-05,13830,Sumare 1,CPFL-PAULISTA,33050196000188,DEC,2024,12,0.37000000
2026-10-05,13833,Sumare 2-Tres M,CPFL-PAULISTA,33050196000188,NumCon,2024,5,16691.00000000
2026-10-05,13820,Cosmopolis 1,CPFL-PAULISTA,33050196000188,NumCon,2024,8,24716.00000000
2026-10-05,13837,Hortolandia 2-Morro Azul,CPFL-PAULISTA,33050196000188,DEC,2024,4,0.19000000
2026-10-05,13799,Campinas 2-Souzas,CPFL-PAULISTA,33050196000188,FEC,2024,8,0.22000000
2026-10-05,13831,Sumare 5-Nova Veneza,CPFL-PAULISTA,33050196000188,DEC,2024,2,0.13000000
2026-10-05,13805,Campinas 3-Trevo,CPFL-PAULISTA,33050196000188,FEC,2024,7,0.11000000
2026-10-05,13831,Sumare 5-Nova Veneza,CPFL-PAULISTA,33050196000188,NumCon,2024,2,25092.00000000
2026-10-05,13820,Cosmopolis 1,CPFL-PAULISTA,33050196000188,NumCon,2024,2,24586.00000000
2026-10-05,13837,Hortolandia 2-Morro Azul,CPFL-PAULISTA,33050196000188,DEC,2024,9,0.32000000
2026-10-05,13834,Sumare 4-Nova Aparecida,CPFL-PAULISTA,33050196000188,DEC,2024,7,0.23000000
2026-10-05,13586,SANTO ANTONIO DA POSSE,ELEKTRO,02328280000197,NumCon,2024,6,9885.00000000
2026-10-05,13843,Piracicaba 4-Unileste,CPFL-PAULISTA,33050196000188,DEC,2024,7,0.46000000
2026-10-05,964,PEDREIRA,CPFL JAGUARI,53859112000169,NumCon,2024,1,20055.00000000
2026-10-05,13833,Sumare 2-Tres M,CPFL-PAULISTA,33050196000188,DEC,2024,3,1.13000000
2026-10-05,13831,Sumare 5-Nova Veneza,CPFL-PAULISTA,33050196000188,NumCon,2024,1,24898.00000000
2026-10-05,13826,Americana 4-Jardim,CPFL-PAULISTA,33050196000188,NumCon,2024,10,39053.00000000
2026-10-05,13820,Cosmopolis 1,CPFL-PAULISTA,33050196000188,NumCon,2024,12,24753.00000000
2026-10-05,13832,Sumare 6-Orquidea,CPFL-PAULISTA,33050196000188,DEC,2024,9,0.27000000
2026-10-05,13586,SANTO ANTONIO DA POSSE,ELEKTRO,02328280000197,NumCon,2024,8,9921.00000000
2026-10-05,13818,Paulinia 2-Morumbi,CPFL-PAULISTA,33050196000188,FEC,2024,12,0.50000000
2026-10-05,16441,Campinas 7-Tanquinho,CPFL-PAULISTA,33050196000188,DEC,2024,3,0.51000000
2026-10-05,13833,Sumare 2-Tres M,CPFL-PAULISTA,33050196000188,NumCon,2024,1,16768.00000000
2026-10-05,13814,Campinas 15-Dic,CPFL-PAULISTA,33050196000188,NumCon,2024,6,21955.00000000
2026-10-05,13822,Americana 2-Campo Verde,CPFL-PAULISTA,33050196000188,DEC,2024,8,0.19000000
2026-10-05,13833,Sumare 2-Tres M,CPFL-PAULISTA,33050196000188,NumCon,2024,2,16739.00000000
2026-10-05,13841,Rio das Pedras 1,CPFL-PAULISTA,33050196000188,DEC,2024,2,0.31000000
2026-10-05,13812,Campinas 14-Bandeirantes,CPFL-PAULISTA,33050196000188,FEC,2024,6,0.19000000
2026-10-05,13840,Capivari 1,CPFL-PAULISTA,33050196000188,NumCon,2024,3,27015.00000000
2026-10-05,13822,Americana 2-Campo Verde,CPFL-PAULISTA,33050196000188,DEC,2024,1,0.27000000
2026-10-05,16433,Americana 1,CPFL-PAULISTA,33050196000188,DEC,2024,8,0.22000000
2026-10-05,13841,Rio das Pedras 1,CPFL-PAULISTA,33050196000188,DEC,2024,3,0.36000000
2026-10-05,13831,Sumare 5-Nova Veneza,CPFL-PAULISTA,33050196000188,DEC,2024,11,0.04000000
2026-10-05,13814,Campinas 15-Dic,CPFL-PAULISTA,33050196000188,NumCon,2024,1,21485.00000000
2026-10-05,13840,Capivari 1,CPFL-PAULISTA,33050196000188,NumCon,2024,12,27521.00000000
2026-10-05,13457,ARTUR NOGUEIRA,ELEKTRO,02328280000197,FEC,2024,11,0.22000000
2026-10-05,13833,Sumare 2-Tres M,CPFL-PAULISTA,33050196000188,DEC,2024,2,0.15000000
2026-10-05,13540,MOGI MIRIM UM,ELEKTRO,02328280000197,FEC,2024,12,0.10000000
2026-10-05,16433,Americana 1,CPFL-PAULISTA,33050196000188,DEC,2024,1,0.14000000
2026-10-05,13824,Nova Odessa 2-Fazenda Velha,CPFL-PAULISTA,33050196000188,DEC,2024,7,0.18000000
2026-10-05,13819,Paulinia 1,CPFL-PAULISTA,33050196000188,DEC,2024,2,0.53000000
2026-10-05,16464,Valinhos 2-Figueira,CPFL-PAULISTA,33050196000188,DEC,2024,6,0.41000000
2026-10-05,13822,Americana 2-Campo Verde,CPFL-PAULISTA,33050196000188,DEC,2024,4,0.07000000
2026-10-05,13834,Sumare 4-Nova Aparecida,CPFL-PAULISTA,33050196000188,DEC,2024,3,0.30000000
2026-10-05,13831,Sumare 5-Nova Veneza,CPFL-PAULISTA,33050196000188,DEC,2024,3,0.23000000
2026-10-05,13805,Campinas 3-Trevo,CPFL-PAULISTA,33050196000188,DEC,2024,6,0.26000000
2026-10-05,13809,Campinas 10-Chapadão,CPFL-PAULISTA,33050196000188,FEC,2024,2,0.50000000
2026-10-05,13830,Sumare 1,CPFL-PAULISTA,33050196000188,DEC,2024,8,0.27000000
2026-10-05,13586,SANTO ANTONIO DA POSSE,ELEKTRO,02328280000197,NumCon,2024,7,9901.00000000
2026-10-05,13831,Sumare 5-Nova Veneza,CPFL-PAULISTA,33050196000188,DEC,2024,10,0.17000000
2026-10-05,13843,Piracicaba 4-Unileste,CPFL-PAULISTA,33050196000188,DEC,2024,4,0.19000000
2026-10-05,13835,Sumare 3-Quilombo,CPFL-PAULISTA,33050196000188,DEC,2024,2,0.29000000
2026-10-05,13840,Capivari 1,CPFL-PAULISTA,33050196000188,NumCon,2024,7,27212.00000000
2026-10-05,13834,Sumare 4-Nova Aparecida,CPFL-PAULISTA,33050196000188,DEC,2024,9,0.18000000
2026-10-05,13805,Campinas 3-Trevo,CPFL-PAULISTA,33050196000188,DEC,2024,2,0.35000000
2026-10-05,16433,Americana 1,CPFL-PAULISTA,33050196000188,DEC,2024,5,0.27000000
2026-10-05,13833,Sumare 2-Tres M,CPFL-PAULISTA,33050196000188,DEC,2024,11,0.11000000
2026-10-05,16464,Valinhos 2-Figueira,CPFL-PAULISTA,33050196000188,NumCon,2024,4,23255.00000000
2026-10-05,13829,Santa Barbara 2-Barbarense,CPFL-PAULISTA,33050196000188,FEC,2024,11,0.17000000
2026-10-05,13800,Campinas 9-Paineiras,CPFL-PAULISTA,33050196000188,DEC,2024,3,0.40000000
2026-10-05,13833,Sumare 2-Tres M,CPFL-PAULISTA,33050196000188,DEC,2024,10,0.14000000
2026-10-05,13814,Campinas 15-Dic,CPFL-PAULISTA,33050196000188,FEC,2024,8,0.14000000
2026-10-05,13811,Campinas 4-Boa Vista,CPFL-PAULISTA,33050196000188,NumCon,2024,7,29730.00000000
2026-10-05,13807,Campinas 6-Taquaral,CPFL-PAULISTA,33050196000188,FEC,2024,5,0.06000000
2026-10-05,13829,Santa Barbara 2-Barbarense,CPFL-PAULISTA,33050196000188,FEC,2024,10,0.35000000
2026-10-05,13831,Sumare 5-Nova Veneza,CPFL-PAULISTA,33050196000188,NumCon,2024,8,25286.00000000
2026-10-05,13840,Capivari 1,CPFL-PAULISTA,33050196000188,NumCon,2024,1,27026.00000000
2026-10-05,13810,Campinas 12-Cidade Jardim,CPFL-PAULISTA,33050196000188,FEC,2024,1,0.21000000
2026-10-05,13829,Santa Barbara 2-Barbarense,CPFL-PAULISTA,33050196000188,NumCon,2024,3,33939.00000000
2026-10-05,964,PEDREIRA,CPFL JAGUARI,53859112000169,FEC,2024,3,0.14000000
2026-10-05,13797,Itatiba 3-Colonial,CPFL-PAULISTA,33050196000188,FEC,2024,2,0.15000000
2026-10-05,13829,Santa Barbara 2-Barbarense,CPFL-PAULISTA,33050196000188,FEC,2024,4,0.06000000
2026-10-05,13807,Campinas 6-Taquaral,CPFL-PAULISTA,33050196000188,FEC,2024,4,0.12000000
2026-10-05,13807,Campinas 6-Taquaral,CPFL-PAULISTA,33050196000188,FEC,2024,3,0.08000000
2026-10-05,13822,Americana 2-Campo Verde,CPFL-PAULISTA,33050196000188,DEC,2024,12,0.16000000
2026-10-05,13833,Sumare 2-Tres M,CPFL-PAULISTA,33050196000188,DEC,2024,4,0.58000000
2026-10-05,13819,Paulinia 1,CPFL-PAULISTA,33050196000188,FEC,2024,8,0.13000000
2026-10-05,13841,Rio das Pedras 1,CPFL-PAULISTA,33050196000188,DEC,2024,8,0.47000000
2026-10-05,13820,Cosmopolis 1,CPFL-PAULISTA,33050196000188,NumCon,2024,11,24779.00000000
2026-10-05,13841,Rio das Pedras 1,CPFL-PAULISTA,33050196000188,DEC,2024,5,0.17000000
2026-10-05,13820,Cosmopolis 1,CPFL-PAULISTA,33050196000188,NumCon,2024,7,24685.00000000
2026-10-05,13802,Valinhos 1,CPFL-PAULISTA,33050196000188,FEC,2024,6,0.14000000
2026-10-05,13826,Americana 4-Jardim,CPFL-PAULISTA,33050196000188,FEC,2024,1,0.12000000
2026-10-05,13797,Itatiba 3-Colonial,CPFL-PAULISTA,33050196000188,FEC,2024,11,0.26000000
2026-10-05,13833,Sumare 2-Tres M,CPFL-PAULISTA,33050196000188,DEC,2024,1,0.37000000
2026-10-05,16452,Monte Mor 1,CPFL-PAULISTA,33050196000188,FEC,2024,3,0.19000000
2026-10-05,16440,Campinas 5-Andorinha,CPFL-PAULISTA,33050196000188,DEC,2024,8,0.35000000
2026-10-05,13812,Campinas 14-Bandeirantes,CPFL-PAULISTA,33050196000188,FEC,2024,1,0.48000000
2026-10-05,13833,Sumare 2-Tres M,CPFL-PAULISTA,33050196000188,FEC,2024,3,1.75000000
2026-10-05,16464,Valinhos 2-Figueira,CPFL-PAULISTA,33050196000188,DEC,2024,9,0.47000000
2026-10-05,13819,Paulinia 1,CPFL-PAULISTA,33050196000188,DEC,2024,11,0.42000000
2026-10-05,13818,Paulinia 2-Morumbi,CPFL-PAULISTA,33050196000188,DEC,2024,9,0.27000000
2026-10-05,13540,MOGI MIRIM UM,ELEKTRO,02328280000197,FEC,2024,8,0.10000000
2026-10-05,16433,Americana 1,CPFL-PAULISTA,33050196000188,DEC,2024,12,0.24000000
2026-10-05,13586,SANTO ANTONIO DA POSSE,ELEKTRO,02328280000197,DEC,2024,7,0.74000000
2026-10-05,16440,Campinas 5-Andorinha,CPFL-PAULISTA,33050196000188,DEC,2024,11,0.43000000
2026-10-05,13835,Sumare 3-Quilombo,CPFL-PAULISTA,33050196000188,DEC,2024,12,0.25000000
2026-10-05,16440,Campinas 5-Andorinha,CPFL-PAULISTA,33050196000188,DEC,2024,10,0.39000000
2026-10-05,16434,Amparo 1,CPFL-PAULISTA,33050196000188,NumCon,2024,9,35857.00000000
2026-10-05,13843,Piracicaba 4-Unileste,CPFL-PAULISTA,33050196000188,DEC,2024,12,0.22000000
2026-10-05,16464,Valinhos 2-Figueira,CPFL-PAULISTA,33050196000188,NumCon,2024,6,24151.00000000
2026-10-05,16441,Campinas 7-Tanquinho,CPFL-PAULISTA,33050196000188,DEC,2024,1,1.07000000
2026-10-05,13457,ARTUR NOGUEIRA,ELEKTRO,02328280000197,FEC,2024,12,0.42000000
2026-10-05,13807,Campinas 6-Taquaral,CPFL-PAULISTA,33050196000188,FEC,2024,9,0.17000000
2026-10-05,16464,Valinhos 2-Figueira,CPFL-PAULISTA,33050196000188,FEC,2024,7,0.13000000
2026-10-05,13807,Campinas 6-Taquaral,CPFL-PAULISTA,33050196000188,FEC,2024,11,0.07000000
2026-10-05,13586,SANTO ANTONIO DA POSSE,ELEKTRO,02328280000197,FEC,2024,11,0.45000000
2026-10-05,13835,Sumare 3-Quilombo,CPFL-PAULISTA,33050196000188,DEC,2024,5,0.30000000
2026-10-05,13830,Sumare 1,CPFL-PAULISTA,33050196000188,FEC,2024,9,0.16000000
2026-10-05,13829,Santa Barbara 2-Barbarense,CPFL-PAULISTA,33050196000188,DEC,2024,6,0.15000000
2026-10-05,13831,Sumare 5-Nova Veneza,CPFL-PAULISTA,33050196000188,NumCon,2024,9,25336.00000000
2026-10-05,13802,Valinhos 1,CPFL-PAULISTA,33050196000188,NumCon,2024,3,36322.00000000
2026-10-05,16452,Monte Mor 1,CPFL-PAULISTA,33050196000188,FEC,2024,9,0.21000000
2026-10-05,13829,Santa Barbara 2-Barbarense,CPFL-PAULISTA,33050196000188,NumCon,2024,10,34542.00000000
2026-10-05,16452,Monte Mor 1,CPFL-PAULISTA,33050196000188,FEC,2024,11,0.20000000
2026-10-05,13586,SANTO ANTONIO DA POSSE,ELEKTRO,02328280000197,FEC,2024,10,0.53000000
2026-10-05,13831,Sumare 5-Nova Veneza,CPFL-PAULISTA,33050196000188,NumCon,2024,5,25690.00000000
2026-10-05,13832,Sumare 6-Orquidea,CPFL-PAULISTA,33050196000188,DEC,2024,7,0.15000000
2026-10-05,13822,Americana 2-Campo Verde,CPFL-PAULISTA,33050196000188,DEC,2024,6,0.11000000
2026-10-05,13826,Americana 4-Jardim,CPFL-PAULISTA,33050196000188,FEC,2024,4,0.02000000
2026-10-05,16464,Valinhos 2-Figueira,CPFL-PAULISTA,33050196000188,FEC,2024,8,0.39000000
2026-10-05,13806,Campinas 8-Viracopos,CPFL-PAULISTA,33050196000188,DEC,2024,3,0.39000000
2026-10-05,16464,Valinhos 2-Figueira,CPFL-PAULISTA,33050196000188,NumCon,2024,10,24261.00000000
2026-10-05,13831,Sumare 5-Nova Veneza,CPFL-PAULISTA,33050196000188,NumCon,2024,10,25332.00000000
2026-10-05,13807,Campinas 6-Taquaral,CPFL-PAULISTA,33050196000188,FEC,2024,10,0.09000000
2026-10-05,13809,Campinas 10-Chapadão,CPFL-PAULISTA,33050196000188,DEC,2024,11,0.19000000
2026-10-05,16452,Monte Mor 1,CPFL-PAULISTA,33050196000188,DEC,2024,11,0.45000000
2026-10-05,13834,Sumare 4-Nova Aparecida,CPFL-PAULISTA,33050196000188,FEC,2024,4,0.14000000
2026-10-05,13832,Sumare 6-Orquidea,CPFL-PAULISTA,33050196000188,DEC,2024,3,0.17000000
2026-10-05,16452,Monte Mor 1,CPFL-PAULISTA,33050196000188,DEC,2024,10,0.49000000
2026-10-05,13819,Paulinia 1,CPFL-PAULISTA,33050196000188,FEC,2024,4,0.11000000
2026-10-05,13540,MOGI MIRIM UM,ELEKTRO,02328280000197,NumCon,2024,8,29917.00000000
2026-10-05,13797,Itatiba 3-Colonial,CPFL-PAULISTA,33050196000188,FEC,2024,9,0.48000000
2026-10-05,13819,Paulinia 1,CPFL-PAULISTA,33050196000188,FEC,2024,6,0.22000000
2026-10-05,13841,Rio das Pedras 1,CPFL-PAULISTA,33050196000188,DEC,2024,6,0.19000000
2026-10-05,13829,Santa Barbara 2-Barbarense,CPFL-PAULISTA,33050196000188,FEC,2024,9,0.19000000
2026-10-05,2922,JAGUARIUNA,CPFL JAGUARI,53859112000169,NumCon,2024,12,28346.00000000
2026-10-05,13800,Campinas 9-Paineiras,CPFL-PAULISTA,33050196000188,DEC,2024,8,0.51000000
2026-10-05,13800,Campinas 9-Paineiras,CPFL-PAULISTA,33050196000188,DEC,2024,6,0.21000000
2026-10-05,13833,Sumare 2-Tres M,CPFL-PAULISTA,33050196000188,FEC,2024,8,0.03000000
2026-10-05,13807,Campinas 6-Taquaral,CPFL-PAULISTA,33050196000188,DEC,2024,7,0.12000000
2026-10-05,13834,Sumare 4-Nova Aparecida,CPFL-PAULISTA,33050196000188,DEC,2024,11,0.24000000
2026-10-05,13808,Campinas 1-Centro,CPFL-PAULISTA,33050196000188,DEC,2024,4,0.14000000
2026-10-05,16440,Campinas 5-Andorinha,CPFL-PAULISTA,33050196000188,DEC,2024,6,0.13000000
2026-10-05,13819,Paulinia 1,CPFL-PAULISTA,33050196000188,FEC,2024,5,0.15000000
2026-10-05,13807,Campinas 6-Taquaral,CPFL-PAULISTA,33050196000188,DEC,2024,4,0.18000000
2026-10-05,16440,Campinas 5-Andorinha,CPFL-PAULISTA,33050196000188,DEC,2024,12,0.39000000
2026-10-05,13802,Valinhos 1,CPFL-PAULISTA,33050196000188,FEC,2024,8,0.27000000
2026-10-05,13808,Campinas 1-Centro,CPFL-PAULISTA,33050196000188,DEC,2024,7,0.16000000
2026-10-05,13835,Sumare 3-Quilombo,CPFL-PAULISTA,33050196000188,DEC,2024,4,0.17000000
2026-10-05,13829,Santa Barbara 2-Barbarense,CPFL-PAULISTA,33050196000188,DEC,2024,9,0.38000000
2026-10-05,13829,Santa Barbara 2-Barbarense,CPFL-PAULISTA,33050196000188,FEC,2024,6,0.11000000
2026-10-05,13796,Itatiba 2-Cruzeiro,CPFL-PAULISTA,33050196000188,DEC,2024,9,0.52000000
2026-10-05,13819,Paulinia 1,CPFL-PAULISTA,33050196000188,DEC,2024,3,0.56000000
2026-10-05,13809,Campinas 10-Chapadão,CPFL-PAULISTA,33050196000188,DEC,2024,10,0.72000000
2026-10-05,16440,Campinas 5-Andorinha,CPFL-PAULISTA,33050196000188,DEC,2024,5,0.33000000
2026-10-05,16464,Valinhos 2-Figueira,CPFL-PAULISTA,33050196000188,DEC,2024,4,0.22000000
2026-10-05,13793,Nova Odessa 1,CPFL-PAULISTA,33050196000188,NumCon,2024,8,20265.00000000
2026-10-05,16452,Monte Mor 1,CPFL-PAULISTA,33050196000188,DEC,2024,7,0.27000000
2026-10-05,16440,Campinas 5-Andorinha,CPFL-PAULISTA,33050196000188,DEC,2024,2,0.18000000
2026-10-05,16452,Monte Mor 1,CPFL-PAULISTA,33050196000188,FEC,2024,8,0.29000000
2026-10-05,13808,Campinas 1-Centro,CPFL-PAULISTA,33050196000188,DEC,2024,10,0.17000000
2026-10-05,13818,Paulinia 2-Morumbi,CPFL-PAULISTA,33050196000188,NumCon,2024,3,16605.00000000
2026-10-05,16464,Valinhos 2-Figueira,CPFL-PAULISTA,33050196000188,FEC,2024,12,0.28000000
2026-10-05,13810,Campinas 12-Cidade Jardim,CPFL-PAULISTA,33050196000188,DEC,2024,9,0.57000000
2026-10-05,13832,Sumare 6-Orquidea,CPFL-PAULISTA,33050196000188,FEC,2024,11,0.22000000
2026-10-05,13586,SANTO ANTONIO DA POSSE,ELEKTRO,02328280000197,DEC,2024,6,0.25000000
2026-10-05,13540,MOGI MIRIM UM,ELEKTRO,02328280000197,NumCon,2024,3,29742.00000000
2026-10-05,964,PEDREIRA,CPFL JAGUARI,53859112000169,FEC,2024,2,0.30000000
2026-10-05,13809,Campinas 10-Chapadão,CPFL-PAULISTA,33050196000188,DEC,2024,4,0.28000000
2026-10-05,13829,Santa Barbara 2-Barbarense,CPFL-PAULISTA,33050196000188,FEC,2024,8,0.19000000
2026-10-05,13830,Sumare 1,CPFL-PAULISTA,33050196000188,DEC,2024,4,0.17000000
2026-10-05,13802,Valinhos 1,CPFL-PAULISTA,33050196000188,FEC,2024,9,0.36000000
2026-10-05,16464,Valinhos 2-Figueira,CPFL-PAULISTA,33050196000188,FEC,2024,3,0.26000000
2026-10-05,13811,Campinas 4-Boa Vista,CPFL-PAULISTA,33050196000188,FEC,2024,8,0.14000000
2026-10-05,13808,Campinas 1-Centro,CPFL-PAULISTA,33050196000188,DEC,2024,1,0.26000000
2026-10-05,13811,Campinas 4-Boa Vista,CPFL-PAULISTA,33050196000188,NumCon,2024,12,29809.00000000
2026-10-05,13808,Campinas 1-Centro,CPFL-PAULISTA,33050196000188,DEC,2024,11,0.11000000
2026-10-05,13799,Campinas 2-Souzas,CPFL-PAULISTA,33050196000188,DEC,2024,12,0.73000000
2026-10-05,13800,Campinas 9-Paineiras,CPFL-PAULISTA,33050196000188,DEC,2024,12,0.21000000
2026-10-05,13808,Campinas 1-Centro,CPFL-PAULISTA,33050196000188,DEC,2024,12,0.14000000
2026-10-05,13807,Campinas 6-Taquaral,CPFL-PAULISTA,33050196000188,FEC,2024,12,0.11000000
2026-10-05,13799,Campinas 2-Souzas,CPFL-PAULISTA,33050196000188,DEC,2024,8,0.74000000
2026-10-05,13826,Americana 4-Jardim,CPFL-PAULISTA,33050196000188,DEC,2024,5,0.40000000
2026-10-05,13797,Itatiba 3-Colonial,CPFL-PAULISTA,33050196000188,FEC,2024,12,0.19000000
2026-10-05,13457,ARTUR NOGUEIRA,ELEKTRO,02328280000197,FEC,2024,7,0.28000000
2026-10-05,13814,Campinas 15-Dic,CPFL-PAULISTA,33050196000188,FEC,2024,1,0.30000000
2026-10-05,13822,Americana 2-Campo Verde,CPFL-PAULISTA,33050196000188,FEC,2024,8,0.13000000
2026-10-05,2922,JAGUARIUNA,CPFL JAGUARI,53859112000169,FEC,2024,6,0.11000000
2026-10-05,13834,Sumare 4-Nova Aparecida,CPFL-PAULISTA,33050196000188,DEC,2024,10,0.30000000
2026-10-05,13540,MOGI MIRIM UM,ELEKTRO,02328280000197,NumCon,2024,11,29834.00000000
2026-10-05,13835,Sumare 3-Quilombo,CPFL-PAULISTA,33050196000188,DEC,2024,8,0.37000000
2026-10-05,13822,Americana 2-Campo Verde,CPFL-PAULISTA,33050196000188,FEC,2024,4,0.09000000
2026-10-05,16452,Monte Mor 1,CPFL-PAULISTA,33050196000188,DEC,2024,4,0.23000000
2026-10-05,13843,Piracicaba 4-Unileste,CPFL-PAULISTA,33050196000188,NumCon,2024,11,15772.00000000
2026-10-05,13540,MOGI MIRIM UM,ELEKTRO,02328280000197,NumCon,2024,7,29877.00000000
2026-10-05,13834,Sumare 4-Nova Aparecida,CPFL-PAULISTA,33050196000188,NumCon,2024,10,29743.00000000
2026-10-05,13812,Campinas 14-Bandeirantes,CPFL-PAULISTA,33050196000188,FEC,2024,8,0.11000000
2026-10-05,13818,Paulinia 2-Morumbi,CPFL-PAULISTA,33050196000188,DEC,2024,6,0.14000000
2026-10-05,964,PEDREIRA,CPFL JAGUARI,53859112000169,FEC,2024,9,0.07000000
2026-10-05,16452,Monte Mor 1,CPFL-PAULISTA,33050196000188,FEC,2024,10,0.18000000
2026-10-05,16452,Monte Mor 1,CPFL-PAULISTA,33050196000188,DEC,2024,2,0.61000000
2026-10-05,13841,Rio das Pedras 1,CPFL-PAULISTA,33050196000188,NumCon,2024,8,12962.00000000
2026-10-05,13826,Americana 4-Jardim,CPFL-PAULISTA,33050196000188,FEC,2024,8,0.07000000
2026-10-05,964,PEDREIRA,CPFL JAGUARI,53859112000169,FEC,2024,11,0.15000000
2026-10-05,13835,Sumare 3-Quilombo,CPFL-PAULISTA,33050196000188,DEC,2024,1,0.69000000
2026-10-05,16452,Monte Mor 1,CPFL-PAULISTA,33050196000188,DEC,2024,1,0.45000000
2026-10-05,13586,SANTO ANTONIO DA POSSE,ELEKTRO,02328280000197,DEC,2024,10,0.35000000
2026-10-05,13807,Campinas 6-Taquaral,CPFL-PAULISTA,33050196000188,FEC,2024,8,0.04000000
2026-10-05,13806,Campinas 8-Viracopos,CPFL-PAULISTA,33050196000188,DEC,2024,4,0.29000000
2026-10-05,13821,Americana 5-Ipe,CPFL-PAULISTA,33050196000188,FEC,2024,8,0.23000000
2026-10-05,13834,Sumare 4-Nova Aparecida,CPFL-PAULISTA,33050196000188,NumCon,2024,4,29212.00000000
2026-10-05,16452,Monte Mor 1,CPFL-PAULISTA,33050196000188,FEC,2024,1,0.28000000
2026-10-05,13793,Nova Odessa 1,CPFL-PAULISTA,33050196000188,NumCon,2024,5,20065.00000000
2026-10-05,13813,Campinas 16-Jardim Marajo,CPFL-PAULISTA,33050196000188,DEC,2024,5,0.31000000
2026-10-05,16452,Monte Mor 1,CPFL-PAULISTA,33050196000188,NumCon,2024,9,35396.00000000
2026-10-05,13843,Piracicaba 4-Unileste,CPFL-PAULISTA,33050196000188,DEC,2024,8,0.40000000
2026-10-05,13819,Paulinia 1,CPFL-PAULISTA,33050196000188,FEC,2024,10,0.45000000
2026-10-05,13586,SANTO ANTONIO DA POSSE,ELEKTRO,02328280000197,DEC,2024,3,0.30000000
2026-10-05,13822,Americana 2-Campo Verde,CPFL-PAULISTA,33050196000188,FEC,2024,1,0.35000000
2026-10-05,13812,Campinas 14-Bandeirantes,CPFL-PAULISTA,33050196000188,NumCon,2024,12,33026.00000000
2026-10-05,13797,Itatiba 3-Colonial,CPFL-PAULISTA,33050196000188,FEC,2024,4,0.23000000
2026-10-05,13818,Paulinia 2-Morumbi,CPFL-PAULISTA,33050196000188,NumCon,2024,10,16907.00000000
2026-10-05,13793,Nova Odessa 1,CPFL-PAULISTA,33050196000188,NumCon,2024,2,20066.00000000
2026-10-05,13799,Campinas 2-Souzas,CPFL-PAULISTA,33050196000188,DEC,2024,1,1.83000000
2026-10-05,13820,Cosmopolis 1,CPFL-PAULISTA,33050196000188,FEC,2024,7,0.04000000
2026-10-05,13841,Rio das Pedras 1,CPFL-PAULISTA,33050196000188,NumCon,2024,1,12872.00000000
2026-10-05,13830,Sumare 1,CPFL-PAULISTA,33050196000188,DEC,2024,1,0.28000000
2026-10-05,13821,Americana 5-Ipe,CPFL-PAULISTA,33050196000188,FEC,2024,7,0.05000000
2026-10-05,13832,Sumare 6-Orquidea,CPFL-PAULISTA,33050196000188,FEC,2024,10,0.10000000
2026-10-05,13822,Americana 2-Campo Verde,CPFL-PAULISTA,33050196000188,FEC,2024,10,0.21000000
2026-10-05,13843,Piracicaba 4-Unileste,CPFL-PAULISTA,33050196000188,NumCon,2024,3,15180.00000000
2026-10-05,13818,Paulinia 2-Morumbi,CPFL-PAULISTA,33050196000188,NumCon,2024,7,16800.00000000
2026-10-05,13808,Campinas 1-Centro,CPFL-PAULISTA,33050196000188,DEC,2024,8,0.15000000
2026-10-05,13806,Campinas 8-Viracopos,CPFL-PAULISTA,33050196000188,DEC,2024,7,0.58000000
2026-10-05,13834,Sumare 4-Nova Aparecida,CPFL-PAULISTA,33050196000188,NumCon,2024,6,29564.00000000
2026-10-05,13843,Piracicaba 4-Unileste,CPFL-PAULISTA,33050196000188,DEC,2024,5,0.44000000
2026-10-05,13818,Paulinia 2-Morumbi,CPFL-PAULISTA,33050196000188,NumCon,2024,12,17018.00000000
2026-10-05,13834,Sumare 4-Nova Aparecida,CPFL-PAULISTA,33050196000188,DEC,2024,2,0.16000000
2026-10-05,13834,Sumare 4-Nova Aparecida,CPFL-PAULISTA,33050196000188,NumCon,2024,9,29733.00000000
2026-10-05,13812,Campinas 14-Bandeirantes,CPFL-PAULISTA,33050196000188,NumCon,2024,3,32330.00000000
2026-10-05,13822,Americana 2-Campo Verde,CPFL-PAULISTA,33050196000188,FEC,2024,11,0.29000000
2026-10-05,13799,Campinas 2-Souzas,CPFL-PAULISTA,33050196000188,DEC,2024,7,0.67000000
2026-10-05,13813,Campinas 16-Jardim Marajo,CPFL-PAULISTA,33050196000188,DEC,2024,9,0.55000000
2026-10-05,13793,Nova Odessa 1,CPFL-PAULISTA,33050196000188,NumCon,2024,1,20092.00000000
2026-10-05,13822,Americana 2-Campo Verde,CPFL-PAULISTA,33050196000188,FEC,2024,2,0.19000000
2026-10-05,13818,Paulinia 2-Morumbi,CPFL-PAULISTA,33050196000188,NumCon,2024,6,16735.00000000
2026-10-05,13832,Sumare 6-Orquidea,CPFL-PAULISTA,33050196000188,DEC,2024,5,0.26000000
2026-10-05,13826,Americana 4-Jardim,CPFL-PAULISTA,33050196000188,FEC,2024,12,0.26000000
2026-10-05,13818,Paulinia 2-Morumbi,CPFL-PAULISTA,33050196000188,NumCon,2024,4,16559.00000000
2026-10-05,13830,Sumare 1,CPFL-PAULISTA,33050196000188,NumCon,2024,5,32418.00000000
2026-10-05,13822,Americana 2-Campo Verde,CPFL-PAULISTA,33050196000188,FEC,2024,3,0.18000000
2026-10-05,13818,Paulinia 2-Morumbi,CPFL-PAULISTA,33050196000188,NumCon,2024,9,16908.00000000
2026-10-05,13586,SANTO ANTONIO DA POSSE,ELEKTRO,02328280000197,DEC,2024,1,0.61000000
2026-10-05,13818,Paulinia 2-Morumbi,CPFL-PAULISTA,33050196000188,NumCon,2024,5,16537.00000000
2026-10-05,13540,MOGI MIRIM UM,ELEKTRO,02328280000197,NumCon,2024,6,29844.00000000
2026-10-05,16434,Amparo 1,CPFL-PAULISTA,33050196000188,NumCon,2024,8,35808.00000000
2026-10-05,13830,Sumare 1,CPFL-PAULISTA,33050196000188,NumCon,2024,8,32873.00000000
2026-10-05,16452,Monte Mor 1,CPFL-PAULISTA,33050196000188,DEC,2024,3,0.56000000
2026-10-05,16441,Campinas 7-Tanquinho,CPFL-PAULISTA,33050196000188,DEC,2024,9,0.40000000
2026-10-05,13837,Hortolandia 2-Morro Azul,CPFL-PAULISTA,33050196000188,DEC,2024,3,0.19000000
2026-10-05,13800,Campinas 9-Paineiras,CPFL-PAULISTA,33050196000188,DEC,2024,9,0.42000000
2026-10-05,13819,Paulinia 1,CPFL-PAULISTA,33050196000188,FEC,2024,2,0.38000000
2026-10-05,13830,Sumare 1,CPFL-PAULISTA,33050196000188,NumCon,2024,2,32640.00000000
2026-10-05,16452,Monte Mor 1,CPFL-PAULISTA,33050196000188,NumCon,2024,5,34799.00000000
2026-10-05,13841,Rio das Pedras 1,CPFL-PAULISTA,33050196000188,NumCon,2024,2,12890.00000000
2026-10-05,13830,Sumare 1,CPFL-PAULISTA,33050196000188,NumCon,2024,1,32641.00000000
2026-10-05,16464,Valinhos 2-Figueira,CPFL-PAULISTA,33050196000188,NumCon,2024,7,24159.00000000
2026-10-05,13837,Hortolandia 2-Morro Azul,CPFL-PAULISTA,33050196000188,DEC,2024,6,0.15000000
2026-10-05,13832,Sumare 6-Orquidea,CPFL-PAULISTA,33050196000188,FEC,2024,2,0.08000000
2026-10-05,13843,Piracicaba 4-Unileste,CPFL-PAULISTA,33050196000188,DEC,2024,2,0.98000000
2026-10-05,13820,Cosmopolis 1,CPFL-PAULISTA,33050196000188,FEC,2024,4,0.02000000
2026-10-05,13820,Cosmopolis 1,CPFL-PAULISTA,33050196000188,FEC,2024,8,0.10000000
2026-10-05,2922,JAGUARIUNA,CPFL JAGUARI,53859112000169,FEC,2024,5,0.22000000
2026-10-05,13807,Campinas 6-Taquaral,CPFL-PAULISTA,33050196000188,DEC,2024,6,0.01000000
2026-10-05,13837,Hortolandia 2-Morro Azul,CPFL-PAULISTA,33050196000188,DEC,2024,5,0.46000000
2026-10-05,16452,Monte Mor 1,CPFL-PAULISTA,33050196000188,DEC,2024,5,0.33000000
2026-10-05,13820,Cosmopolis 1,CPFL-PAULISTA,33050196000188,NumCon,2024,3,24583.00000000
2026-10-05,13808,Campinas 1-Centro,CPFL-PAULISTA,33050196000188,DEC,2024,2,0.31000000
2026-10-05,13812,Campinas 14-Bandeirantes,CPFL-PAULISTA,33050196000188,FEC,2024,4,0.06000000
2026-10-05,13807,Campinas 6-Taquaral,CPFL-PAULISTA,33050196000188,DEC,2024,8,0.18000000
2026-10-05,13540,MOGI MIRIM UM,ELEKTRO,02328280000197,NumCon,2024,10,29815.00000000
2026-10-05,13840,Capivari 1,CPFL-PAULISTA,33050196000188,DEC,2024,9,0.28000000
2026-10-05,13802,Valinhos 1,CPFL-PAULISTA,33050196000188,DEC,2024,6,0.20000000
2026-10-05,13834,Sumare 4-Nova Aparecida,CPFL-PAULISTA,33050196000188,NumCon,2024,5,29333.00000000
2026-10-05,13835,Sumare 3-Quilombo,CPFL-PAULISTA,33050196000188,FEC,2024,1,0.67000000
2026-10-05,13817,Campinas 11-Barao Geraldo,CPFL-PAULISTA,33050196000188,DEC,2024,7,0.06000000
2026-10-05,13818,Paulinia 2-Morumbi,CPFL-PAULISTA,33050196000188,FEC,2024,10,0.11000000
2026-10-05,16452,Monte Mor 1,CPFL-PAULISTA,33050196000188,NumCon,2024,8,35293.00000000
2026-10-05,13818,Paulinia 2-Morumbi,CPFL-PAULISTA,33050196000188,NumCon,2024,8,16836.00000000
2026-10-05,13812,Campinas 14-Bandeirantes,CPFL-PAULISTA,33050196000188,FEC,2024,7,0.28000000
2026-10-05,13826,Americana 4-Jardim,CPFL-PAULISTA,33050196000188,FEC,2024,6,0.09000000
2026-10-05,13809,Campinas 10-Chapadão,CPFL-PAULISTA,33050196000188,DEC,2024,9,0.33000000
2026-10-05,13818,Paulinia 2-Morumbi,CPFL-PAULISTA,33050196000188,NumCon,2024,2,16516.00000000
2026-10-05,13840,Capivari 1,CPFL-PAULISTA,33050196000188,DEC,2024,3,0.48000000
2026-10-05,13818,Paulinia 2-Morumbi,CPFL-PAULISTA,33050196000188,NumCon,2024,1,16519.00000000
2026-10-05,13540,MOGI MIRIM UM,ELEKTRO,02328280000197,NumCon,2024,2,29708.00000000
2026-10-05,13822,Americana 2-Campo Verde,CPFL-PAULISTA,33050196000188,DEC,2024,9,0.23000000
2026-10-05,13834,Sumare 4-Nova Aparecida,CPFL-PAULISTA,33050196000188,NumCon,2024,1,29509.00000000
2026-10-05,16464,Valinhos 2-Figueira,CPFL-PAULISTA,33050196000188,NumCon,2024,12,24294.00000000
2026-10-05,16452,Monte Mor 1,CPFL-PAULISTA,33050196000188,DEC,2024,6,0.29000000
2026-10-05,13818,Paulinia 2-Morumbi,CPFL-PAULISTA,33050196000188,NumCon,2024,11,16887.00000000
2026-10-05,13840,Capivari 1,CPFL-PAULISTA,33050196000188,DEC,2024,6,0.36000000
2026-10-05,13812,Campinas 14-Bandeirantes,CPFL-PAULISTA,33050196000188,FEC,2024,3,0.18000000
2026-10-05,13796,Itatiba 2-Cruzeiro,CPFL-PAULISTA,33050196000188,NumCon,2024,10,19404.00000000
2026-10-05,16452,Monte Mor 1,CPFL-PAULISTA,33050196000188,DEC,2024,12,1.14000000
2026-10-05,13810,Campinas 12-Cidade Jardim,CPFL-PAULISTA,33050196000188,NumCon,2024,4,36308.00000000
2026-10-05,13824,Nova Odessa 2-Fazenda Velha,CPFL-PAULISTA,33050196000188,DEC,2024,3,0.29000000
2026-10-05,13837,Hortolandia 2-Morro Azul,CPFL-PAULISTA,33050196000188,DEC,2024,1,0.42000000
2026-10-05,13834,Sumare 4-Nova Aparecida,CPFL-PAULISTA,33050196000188,NumCon,2024,2,29460.00000000
2026-10-05,13834,Sumare 4-Nova Aparecida,CPFL-PAULISTA,33050196000188,NumCon,2024,8,29609.00000000
2026-10-05,13843,Piracicaba 4-Unileste,CPFL-PAULISTA,33050196000188,DEC,2024,3,0.66000000
2026-10-05,13834,Sumare 4-Nova Aparecida,CPFL-PAULISTA,33050196000188,FEC,2024,3,0.18000000
2026-10-05,13819,Paulinia 1,CPFL-PAULISTA,33050196000188,DEC,2024,4,0.16000000
2026-10-05,13796,Itatiba 2-Cruzeiro,CPFL-PAULISTA,33050196000188,NumCon,2024,9,19369.00000000
2026-10-05,16452,Monte Mor 1,CPFL-PAULISTA,33050196000188,DEC,2024,8,0.40000000
2026-10-05,13807,Campinas 6-Taquaral,CPFL-PAULISTA,33050196000188,DEC,2024,3,0.20000000
2026-10-05,13818,Paulinia 2-Morumbi,CPFL-PAULISTA,33050196000188,FEC,2024,4,0.19000000
2026-10-05,13832,Sumare 6-Orquidea,CPFL-PAULISTA,33050196000188,FEC,2024,5,0.17000000
2026-10-05,13834,Sumare 4-Nova Aparecida,CPFL-PAULISTA,33050196000188,FEC,2024,10,0.12000000
2026-10-05,13808,Campinas 1-Centro,CPFL-PAULISTA,33050196000188,DEC,2024,5,0.13000000
2026-10-05,16434,Amparo 1,CPFL-PAULISTA,33050196000188,NumCon,2024,6,35753.00000000
2026-10-05,13813,Campinas 16-Jardim Marajo,CPFL-PAULISTA,33050196000188,DEC,2024,4,0.24000000
2026-10-05,13818,Paulinia 2-Morumbi,CPFL-PAULISTA,33050196000188,FEC,2024,5,0.08000000
2026-10-05,13811,Campinas 4-Boa Vista,CPFL-PAULISTA,33050196000188,NumCon,2024,3,29603.00000000
2026-10-05,13829,Santa Barbara 2-Barbarense,CPFL-PAULISTA,33050196000188,DEC,2024,1,0.36000000
2026-10-05,13819,Paulinia 1,CPFL-PAULISTA,33050196000188,FEC,2024,12,0.25000000
2026-10-05,13830,Sumare 1,CPFL-PAULISTA,33050196000188,NumCon,2024,10,33112.00000000
2026-10-05,13832,Sumare 6-Orquidea,CPFL-PAULISTA,33050196000188,DEC,2024,6,0.17000000
2026-10-05,16434,Amparo 1,CPFL-PAULISTA,33050196000188,DEC,2024,11,0.63000000
2026-10-05,16441,Campinas 7-Tanquinho,CPFL-PAULISTA,33050196000188,DEC,2024,7,0.14000000
2026-10-05,16464,Valinhos 2-Figueira,CPFL-PAULISTA,33050196000188,NumCon,2024,11,24245.00000000
2026-10-05,13832,Sumare 6-Orquidea,CPFL-PAULISTA,33050196000188,FEC,2024,7,0.06000000
2026-10-05,13829,Santa Barbara 2-Barbarense,CPFL-PAULISTA,33050196000188,NumCon,2024,2,33854.00000000
2026-10-05,13796,Itatiba 2-Cruzeiro,CPFL-PAULISTA,33050196000188,NumCon,2024,5,18617.00000000
2026-10-05,13586,SANTO ANTONIO DA POSSE,ELEKTRO,02328280000197,FEC,2024,6,0.21000000
2026-10-05,13831,Sumare 5-Nova Veneza,CPFL-PAULISTA,33050196000188,FEC,2024,9,0.14000000
2026-10-05,16464,Valinhos 2-Figueira,CPFL-PAULISTA,33050196000188,NumCon,2024,3,23677.00000000
2026-10-05,16434,Amparo 1,CPFL-PAULISTA,33050196000188,DEC,2024,10,0.56000000
2026-10-05,13809,Campinas 10-Chapadão,CPFL-PAULISTA,33050196000188,DEC,2024,12,0.80000000
2026-10-05,13826,Americana 4-Jardim,CPFL-PAULISTA,33050196000188,FEC,2024,10,0.12000000
2026-10-05,13829,Santa Barbara 2-Barbarense,CPFL-PAULISTA,33050196000188,NumCon,2024,1,33766.00000000
2026-10-05,13540,MOGI MIRIM UM,ELEKTRO,02328280000197,NumCon,2024,5,29813.00000000
2026-10-05,2922,JAGUARIUNA,CPFL JAGUARI,53859112000169,FEC,2024,12,0.09000000
2026-10-05,13799,Campinas 2-Souzas,CPFL-PAULISTA,33050196000188,DEC,2024,3,1.11000000
2026-10-05,13820,Cosmopolis 1,CPFL-PAULISTA,33050196000188,FEC,2024,10,0.06000000
2026-10-05,13820,Cosmopolis 1,CPFL-PAULISTA,33050196000188,FEC,2024,9,0.13000000
2026-10-05,13843,Piracicaba 4-Unileste,CPFL-PAULISTA,33050196000188,DEC,2024,6,0.11000000
2026-10-05,13830,Sumare 1,CPFL-PAULISTA,33050196000188,NumCon,2024,9,33046.00000000
2026-10-05,13586,SANTO ANTONIO DA POSSE,ELEKTRO,02328280000197,FEC,2024,2,0.22000000
2026-10-05,16434,Amparo 1,CPFL-PAULISTA,33050196000188,NumCon,2024,2,35523.00000000
2026-10-05,16434,Amparo 1,CPFL-PAULISTA,33050196000188,DEC,2024,6,0.37000000
2026-10-05,13834,Sumare 4-Nova Aparecida,CPFL-PAULISTA,33050196000188,FEC,2024,7,0.12000000
2026-10-05,13809,Campinas 10-Chapadão,CPFL-PAULISTA,33050196000188,DEC,2024,5,0.37000000
2026-10-05,13833,Sumare 2-Tres M,CPFL-PAULISTA,33050196000188,FEC,2024,12,0.17000000
2026-10-05,13540,MOGI MIRIM UM,ELEKTRO,02328280000197,FEC,2024,3,1.13000000
2026-10-05,13829,Santa Barbara 2-Barbarense,CPFL-PAULISTA,33050196000188,NumCon,2024,8,34400.00000000
2026-10-05,13822,Americana 2-Campo Verde,CPFL-PAULISTA,33050196000188,FEC,2024,7,0.21000000
2026-10-05,16434,Amparo 1,CPFL-PAULISTA,33050196000188,NumCon,2024,5,35564.00000000
2026-10-05,13457,ARTUR NOGUEIRA,ELEKTRO,02328280000197,FEC,2024,2,0.35000000
2026-10-05,13821,Americana 5-Ipe,CPFL-PAULISTA,33050196000188,NumCon,2024,6,28941.00000000
2026-10-05,13820,Cosmopolis 1,CPFL-PAULISTA,33050196000188,FEC,2024,11,0.21000000
2026-10-05,964,PEDREIRA,CPFL JAGUARI,53859112000169,FEC,2024,7,0.09000000
2026-10-05,13808,Campinas 1-Centro,CPFL-PAULISTA,33050196000188,DEC,2024,6,0.25000000
2026-10-05,16452,Monte Mor 1,CPFL-PAULISTA,33050196000188,FEC,2024,12,0.93000000
2026-10-05,13797,Itatiba 3-Colonial,CPFL-PAULISTA,33050196000188,FEC,2024,5,0.35000000
2026-10-05,13826,Americana 4-Jardim,CPFL-PAULISTA,33050196000188,DEC,2024,9,0.21000000
2026-10-05,16434,Amparo 1,CPFL-PAULISTA,33050196000188,DEC,2024,2,0.29000000
2026-10-05,13843,Piracicaba 4-Unileste,CPFL-PAULISTA,33050196000188,DEC,2024,11,0.85000000
2026-10-05,13840,Capivari 1,CPFL-PAULISTA,33050196000188,DEC,2024,4,0.33000000
2026-10-05,13829,Santa Barbara 2-Barbarense,CPFL-PAULISTA,33050196000188,NumCon,2024,9,34450.00000000
2026-10-05,13821,Americana 5-Ipe,CPFL-PAULISTA,33050196000188,FEC,2024,9,0.23000000
2026-10-05,13586,SANTO ANTONIO DA POSSE,ELEKTRO,02328280000197,NumCon,2024,12,9956.00000000
2026-10-05,13807,Campinas 6-Taquaral,CPFL-PAULISTA,33050196000188,DEC,2024,12,0.22000000
2026-10-05,13802,Valinhos 1,CPFL-PAULISTA,33050196000188,DEC,2024,5,0.13000000
2026-10-05,13821,Americana 5-Ipe,CPFL-PAULISTA,33050196000188,NumCon,2024,9,28718.00000000
2026-10-05,13806,Campinas 8-Viracopos,CPFL-PAULISTA,33050196000188,DEC,2024,11,0.30000000
2026-10-05,13586,SANTO ANTONIO DA POSSE,ELEKTRO,02328280000197,NumCon,2024,1,9683.00000000
2026-10-05,13586,SANTO ANTONIO DA POSSE,ELEKTRO,02328280000197,FEC,2024,4,0.11000000
2026-10-05,16452,Monte Mor 1,CPFL-PAULISTA,33050196000188,FEC,2024,4,0.24000000
2026-10-05,16434,Amparo 1,CPFL-PAULISTA,33050196000188,NumCon,2024,11,35788.00000000
2026-10-05,13843,Piracicaba 4-Unileste,CPFL-PAULISTA,33050196000188,DEC,2024,10,0.32000000
2026-10-05,13826,Americana 4-Jardim,CPFL-PAULISTA,33050196000188,FEC,2024,9,0.08000000
2026-10-05,13810,Campinas 12-Cidade Jardim,CPFL-PAULISTA,33050196000188,DEC,2024,3,0.19000000
2026-10-05,13834,Sumare 4-Nova Aparecida,CPFL-PAULISTA,33050196000188,FEC,2024,2,0.05000000
2026-10-05,13818,Paulinia 2-Morumbi,CPFL-PAULISTA,33050196000188,FEC,2024,11,0.27000000
2026-10-05,13833,Sumare 2-Tres M,CPFL-PAULISTA,33050196000188,FEC,2024,6,0.11000000
2026-10-05,13820,Cosmopolis 1,CPFL-PAULISTA,33050196000188,FEC,2024,3,0.29000000
2026-10-05,13833,Sumare 2-Tres M,CPFL-PAULISTA,33050196000188,FEC,2024,1,0.13000000
2026-10-05,13812,Campinas 14-Bandeirantes,CPFL-PAULISTA,33050196000188,FEC,2024,5,0.10000000
2026-10-05,16434,Amparo 1,CPFL-PAULISTA,33050196000188,DEC,2024,1,0.99000000
2026-10-05,13826,Americana 4-Jardim,CPFL-PAULISTA,33050196000188,FEC,2024,5,0.46000000
2026-10-05,964,PEDREIRA,CPFL JAGUARI,53859112000169,NumCon,2024,12,20292.00000000
2026-10-05,13586,SANTO ANTONIO DA POSSE,ELEKTRO,02328280000197,NumCon,2024,9,9930.00000000
2026-10-05,13813,Campinas 16-Jardim Marajo,CPFL-PAULISTA,33050196000188,DEC,2024,3,0.28000000
2026-10-05,13806,Campinas 8-Viracopos,CPFL-PAULISTA,33050196000188,DEC,2024,10,0.61000000
2026-10-05,13819,Paulinia 1,CPFL-PAULISTA,33050196000188,DEC,2024,5,0.28000000
2026-10-05,16452,Monte Mor 1,CPFL-PAULISTA,33050196000188,FEC,2024,6,0.09000000
2026-10-05,13833,Sumare 2-Tres M,CPFL-PAULISTA,33050196000188,DEC,2024,5,0.52000000
2026-10-05,13819,Paulinia 1,CPFL-PAULISTA,33050196000188,DEC,2024,12,0.40000000
2026-10-05,13826,Americana 4-Jardim,CPFL-PAULISTA,33050196000188,DEC,2024,6,0.28000000
2026-10-05,13822,Americana 2-Campo Verde,CPFL-PAULISTA,33050196000188,FEC,2024,9,0.12000000
2026-10-05,13843,Piracicaba 4-Unileste,CPFL-PAULISTA,33050196000188,DEC,2024,9,0.50000000
2026-10-05,13835,Sumare 3-Quilombo,CPFL-PAULISTA,33050196000188,DEC,2024,7,0.23000000
2026-10-05,13810,Campinas 12-Cidade Jardim,CPFL-PAULISTA,33050196000188,NumCon,2024,8,37083.00000000
2026-10-05,13800,Campinas 9-Paineiras,CPFL-PAULISTA,33050196000188,DEC,2024,5,0.36000000
2026-10-05,16434,Amparo 1,CPFL-PAULISTA,33050196000188,DEC,2024,7,0.35000000
2026-10-05,13829,Santa Barbara 2-Barbarense,CPFL-PAULISTA,33050196000188,NumCon,2024,5,34341.00000000
2026-10-05,16434,Amparo 1,CPFL-PAULISTA,33050196000188,NumCon,2024,10,35880.00000000
2026-10-05,13834,Sumare 4-Nova Aparecida,CPFL-PAULISTA,33050196000188,NumCon,2024,7,29544.00000000
2026-10-05,13840,Capivari 1,CPFL-PAULISTA,33050196000188,DEC,2024,2,0.31000000
2026-10-05,13820,Cosmopolis 1,CPFL-PAULISTA,33050196000188,FEC,2024,1,0.17000000
2026-10-05,964,PEDREIRA,CPFL JAGUARI,53859112000169,FEC,2024,12,0.59000000
2026-10-05,13809,Campinas 10-Chapadão,CPFL-PAULISTA,33050196000188,DEC,2024,3,0.53000000
2026-10-05,13836,Hortolandia 1,CPFL-PAULISTA,33050196000188,DEC,2024,12,0.50000000
2026-10-05,16434,Amparo 1,CPFL-PAULISTA,33050196000188,DEC,2024,5,0.44000000
2026-10-05,13586,SANTO ANTONIO DA POSSE,ELEKTRO,02328280000197,NumCon,2024,10,9947.00000000
2026-10-05,13805,Campinas 3-Trevo,CPFL-PAULISTA,33050196000188,DEC,2024,11,0.41000000
2026-10-05,13834,Sumare 4-Nova Aparecida,CPFL-PAULISTA,33050196000188,NumCon,2024,12,29795.00000000
2026-10-05,2922,JAGUARIUNA,CPFL JAGUARI,53859112000169,DEC,2024,3,0.56000000
2026-10-05,13812,Campinas 14-Bandeirantes,CPFL-PAULISTA,33050196000188,FEC,2024,10,0.48000000
2026-10-05,13805,Campinas 3-Trevo,CPFL-PAULISTA,33050196000188,DEC,2024,10,0.44000000
2026-10-05,13812,Campinas 14-Bandeirantes,CPFL-PAULISTA,33050196000188,FEC,2024,2,0.27000000
2026-10-05,13810,Campinas 12-Cidade Jardim,CPFL-PAULISTA,33050196000188,NumCon,2024,5,36122.00000000
2026-10-05,13586,SANTO ANTONIO DA POSSE,ELEKTRO,02328280000197,NumCon,2024,5,9867.00000000
2026-10-05,13819,Paulinia 1,CPFL-PAULISTA,33050196000188,FEC,2024,7,0.33000000
2026-10-05,13835,Sumare 3-Quilombo,CPFL-PAULISTA,33050196000188,DEC,2024,3,0.52000000
2026-10-05,13836,Hortolandia 1,CPFL-PAULISTA,33050196000188,DEC,2024,3,0.20000000
2026-10-05,13843,Piracicaba 4-Unileste,CPFL-PAULISTA,33050196000188,DEC,2024,1,0.67000000
2026-10-05,13457,ARTUR NOGUEIRA,ELEKTRO,02328280000197,NumCon,2024,9,33154.00000000
2026-10-05,13829,Santa Barbara 2-Barbarense,CPFL-PAULISTA,33050196000188,FEC,2024,7,0.12000000
2026-10-05,13817,Campinas 11-Barao Geraldo,CPFL-PAULISTA,33050196000188,FEC,2024,2,0.36000000
2026-10-05,2922,JAGUARIUNA,CPFL JAGUARI,53859112000169,FEC,2024,3,0.24000000
2026-10-05,13812,Campinas 14-Bandeirantes,CPFL-PAULISTA,33050196000188,FEC,2024,11,0.20000000
2026-10-05,13822,Americana 2-Campo Verde,CPFL-PAULISTA,33050196000188,FEC,2024,5,0.16000000
2026-10-05,13818,Paulinia 2-Morumbi,CPFL-PAULISTA,33050196000188,FEC,2024,1,0.53000000
2026-10-05,964,PEDREIRA,CPFL JAGUARI,53859112000169,FEC,2024,4,0.12000000
2026-10-05,16452,Monte Mor 1,CPFL-PAULISTA,33050196000188,NumCon,2024,10,35495.00000000
2026-10-05,13829,Santa Barbara 2-Barbarense,CPFL-PAULISTA,33050196000188,DEC,2024,4,0.20000000
2026-10-05,13812,Campinas 14-Bandeirantes,CPFL-PAULISTA,33050196000188,FEC,2024,12,0.36000000
2026-10-05,13813,Campinas 16-Jardim Marajo,CPFL-PAULISTA,33050196000188,FEC,2024,1,0.37000000
2026-10-05,13819,Paulinia 1,CPFL-PAULISTA,33050196000188,DEC,2024,7,0.65000000
2026-10-05,16441,Campinas 7-Tanquinho,CPFL-PAULISTA,33050196000188,DEC,2024,5,0.75000000
2026-10-05,13586,SANTO ANTONIO DA POSSE,ELEKTRO,02328280000197,NumCon,2024,4,9870.00000000
2026-10-05,13837,Hortolandia 2-Morro Azul,CPFL-PAULISTA,33050196000188,DEC,2024,10,0.16000000
2026-10-05,13586,SANTO ANTONIO DA POSSE,ELEKTRO,02328280000197,FEC,2024,7,1.48000000
2026-10-05,16441,Campinas 7-Tanquinho,CPFL-PAULISTA,33050196000188,DEC,2024,6,0.34000000
2026-10-05,13829,Santa Barbara 2-Barbarense,CPFL-PAULISTA,33050196000188,FEC,2024,3,0.90000000
2026-10-05,13821,Americana 5-Ipe,CPFL-PAULISTA,33050196000188,FEC,2024,1,0.14000000
2026-10-05,13837,Hortolandia 2-Morro Azul,CPFL-PAULISTA,33050196000188,DEC,2024,11,0.23000000
2026-10-05,13826,Americana 4-Jardim,CPFL-PAULISTA,33050196000188,FEC,2024,7,0.50000000
2026-10-05,13834,Sumare 4-Nova Aparecida,CPFL-PAULISTA,33050196000188,FEC,2024,5,0.20000000
2026-10-05,16452,Monte Mor 1,CPFL-PAULISTA,33050196000188,DEC,2024,9,0.44000000
2026-10-05,13834,Sumare 4-Nova Aparecida,CPFL-PAULISTA,33050196000188,NumCon,2024,11,29771.00000000
2026-10-05,13812,Campinas 14-Bandeirantes,CPFL-PAULISTA,33050196000188,FEC,2024,9,0.18000000
2026-10-05,13586,SANTO ANTONIO DA POSSE,ELEKTRO,02328280000197,DEC,2024,5,0.51000000
2026-10-05,13799,Campinas 2-Souzas,CPFL-PAULISTA,33050196000188,DEC,2024,6,0.54000000
2026-10-05,13834,Sumare 4-Nova Aparecida,CPFL-PAULISTA,33050196000188,FEC,2024,11,0.09000000
2026-10-05,13834,Sumare 4-Nova Aparecida,CPFL-PAULISTA,33050196000188,DEC,2024,6,0.32000000
2026-10-05,13834,Sumare 4-Nova Aparecida,CPFL-PAULISTA,33050196000188,NumCon,2024,3,29405.00000000
2026-10-05,13830,Sumare 1,CPFL-PAULISTA,33050196000188,DEC,2024,7,0.22000000
2026-10-05,13822,Americana 2-Campo Verde,CPFL-PAULISTA,33050196000188,FEC,2024,6,0.05000000
2026-10-05,16434,Amparo 1,CPFL-PAULISTA,33050196000188,DEC,2024,9,0.43000000
2026-10-05,13810,Campinas 12-Cidade Jardim,CPFL-PAULISTA,33050196000188,NumCon,2024,6,36654.00000000
2026-10-05,13540,MOGI MIRIM UM,ELEKTRO,02328280000197,FEC,2024,11,0.11000000
2026-10-05,13836,Hortolandia 1,CPFL-PAULISTA,33050196000188,NumCon,2024,10,49258.00000000
2026-10-05,13833,Sumare 2-Tres M,CPFL-PAULISTA,33050196000188,FEC,2024,9,0.05000000
2026-10-05,13829,Santa Barbara 2-Barbarense,CPFL-PAULISTA,33050196000188,FEC,2024,5,0.17000000
2026-10-05,13540,MOGI MIRIM UM,ELEKTRO,02328280000197,FEC,2024,4,0.13000000
2026-10-05,16441,Campinas 7-Tanquinho,CPFL-PAULISTA,33050196000188,DEC,2024,2,0.44000000
2026-10-05,13810,Campinas 12-Cidade Jardim,CPFL-PAULISTA,33050196000188,NumCon,2024,2,36344.00000000
2026-10-05,16434,Amparo 1,CPFL-PAULISTA,33050196000188,DEC,2024,4,0.30000000
2026-10-05,13586,SANTO ANTONIO DA POSSE,ELEKTRO,02328280000197,FEC,2024,1,0.09000000
2026-10-05,13840,Capivari 1,CPFL-PAULISTA,33050196000188,FEC,2024,4,0.16000000
2026-10-05,16434,Amparo 1,CPFL-PAULISTA,33050196000188,DEC,2024,3,0.56000000
2026-10-05,13840,Capivari 1,CPFL-PAULISTA,33050196000188,DEC,2024,12,0.38000000
2026-10-05,13586,SANTO ANTONIO DA POSSE,ELEKTRO,02328280000197,FEC,2024,5,0.14000000
2026-10-05,13836,Hortolandia 1,CPFL-PAULISTA,33050196000188,NumCon,2024,9,49222.00000000
2026-10-05,13833,Sumare 2-Tres M,CPFL-PAULISTA,33050196000188,DEC,2024,6,0.07000000
2026-10-05,13812,Campinas 14-Bandeirantes,CPFL-PAULISTA,33050196000188,NumCon,2024,7,32676.00000000
2026-10-05,13813,Campinas 16-Jardim Marajo,CPFL-PAULISTA,33050196000188,FEC,2024,3,0.09000000
2026-10-05,13826,Americana 4-Jardim,CPFL-PAULISTA,33050196000188,FEC,2024,2,0.20000000
2026-10-05,13586,SANTO ANTONIO DA POSSE,ELEKTRO,02328280000197,DEC,2024,4,0.21000000
2026-10-05,13819,Paulinia 1,CPFL-PAULISTA,33050196000188,FEC,2024,9,0.26000000
2026-10-05,13796,Itatiba 2-Cruzeiro,CPFL-PAULISTA,33050196000188,NumCon,2024,4,18546.00000000
2026-10-05,13817,Campinas 11-Barao Geraldo,CPFL-PAULISTA,33050196000188,DEC,2024,3,0.46000000
2026-10-05,13834,Sumare 4-Nova Aparecida,CPFL-PAULISTA,33050196000188,FEC,2024,8,0.22000000
2026-10-05,13826,Americana 4-Jardim,CPFL-PAULISTA,33050196000188,FEC,2024,11,0.06000000
2026-10-05,13813,Campinas 16-Jardim Marajo,CPFL-PAULISTA,33050196000188,FEC,2024,4,0.11000000
2026-10-05,13834,Sumare 4-Nova Aparecida,CPFL-PAULISTA,33050196000188,FEC,2024,9,0.10000000
2026-10-05,13799,Campinas 2-Souzas,CPFL-PAULISTA,33050196000188,DEC,2024,5,0.39000000
2026-10-05,13810,Campinas 12-Cidade Jardim,CPFL-PAULISTA,33050196000188,NumCon,2024,10,37217.00000000
2026-10-05,13836,Hortolandia 1,CPFL-PAULISTA,33050196000188,NumCon,2024,6,48845.00000000
2026-10-05,13805,Campinas 3-Trevo,CPFL-PAULISTA,33050196000188,DEC,2024,4,0.30000000
2026-10-05,13837,Hortolandia 2-Morro Azul,CPFL-PAULISTA,33050196000188,DEC,2024,12,0.29000000
2026-10-05,13818,Paulinia 2-Morumbi,CPFL-PAULISTA,33050196000188,FEC,2024,7,0.23000000
2026-10-05,13836,Hortolandia 1,CPFL-PAULISTA,33050196000188,DEC,2024,5,0.21000000
2026-10-05,13813,Campinas 16-Jardim Marajo,CPFL-PAULISTA,33050196000188,FEC,2024,10,0.12000000
2026-10-05,16433,Americana 1,CPFL-PAULISTA,33050196000188,FEC,2024,3,0.21000000
2026-10-05,16434,Amparo 1,CPFL-PAULISTA,33050196000188,NumCon,2024,1,35438.00000000
2026-10-05,13810,Campinas 12-Cidade Jardim,CPFL-PAULISTA,33050196000188,NumCon,2024,11,37459.00000000
2026-10-05,13813,Campinas 16-Jardim Marajo,CPFL-PAULISTA,33050196000188,FEC,2024,9,0.26000000
2026-10-05,13817,Campinas 11-Barao Geraldo,CPFL-PAULISTA,33050196000188,FEC,2024,12,0.07000000
2026-10-05,13836,Hortolandia 1,CPFL-PAULISTA,33050196000188,NumCon,2024,4,48862.00000000
2026-10-05,13837,Hortolandia 2-Morro Azul,CPFL-PAULISTA,33050196000188,NumCon,2024,8,43189.00000000
2026-10-05,13826,Americana 4-Jardim,CPFL-PAULISTA,33050196000188,NumCon,2024,7,38987.00000000
2026-10-05,13821,Americana 5-Ipe,CPFL-PAULISTA,33050196000188,FEC,2024,3,0.09000000
2026-10-05,13821,Americana 5-Ipe,CPFL-PAULISTA,33050196000188,FEC,2024,12,0.19000000
2026-10-05,13796,Itatiba 2-Cruzeiro,CPFL-PAULISTA,33050196000188,NumCon,2024,6,19138.00000000
2026-10-05,13799,Campinas 2-Souzas,CPFL-PAULISTA,33050196000188,DEC,2024,9,0.59000000
2026-10-05,13836,Hortolandia 1,CPFL-PAULISTA,33050196000188,NumCon,2024,5,49038.00000000
2026-10-05,13586,SANTO ANTONIO DA POSSE,ELEKTRO,02328280000197,FEC,2024,8,0.10000000
2026-10-05,13797,Itatiba 3-Colonial,CPFL-PAULISTA,33050196000188,FEC,2024,7,0.13000000
2026-10-05,13837,Hortolandia 2-Morro Azul,CPFL-PAULISTA,33050196000188,NumCon,2024,2,42658.00000000
2026-10-05,13841,Rio das Pedras 1,CPFL-PAULISTA,33050196000188,FEC,2024,9,0.22000000
2026-10-05,13822,Americana 2-Campo Verde,CPFL-PAULISTA,33050196000188,DEC,2024,3,0.31000000
2026-10-05,13818,Paulinia 2-Morumbi,CPFL-PAULISTA,33050196000188,FEC,2024,3,0.09000000
2026-10-05,16433,Americana 1,CPFL-PAULISTA,33050196000188,FEC,2024,12,0.11000000
2026-10-05,13832,Sumare 6-Orquidea,CPFL-PAULISTA,33050196000188,FEC,2024,4,0.14000000
2026-10-05,13813,Campinas 16-Jardim Marajo,CPFL-PAULISTA,33050196000188,FEC,2024,12,0.21000000
2026-10-05,13810,Campinas 12-Cidade Jardim,CPFL-PAULISTA,33050196000188,NumCon,2024,9,37168.00000000
2026-10-05,13796,Itatiba 2-Cruzeiro,CPFL-PAULISTA,33050196000188,DEC,2024,8,0.44000000
2026-10-05,13813,Campinas 16-Jardim Marajo,CPFL-PAULISTA,33050196000188,FEC,2024,11,0.12000000
2026-10-05,13821,Americana 5-Ipe,CPFL-PAULISTA,33050196000188,FEC,2024,4,0.06000000
2026-10-05,13833,Sumare 2-Tres M,CPFL-PAULISTA,33050196000188,DEC,2024,9,0.08000000
2026-10-05,13586,SANTO ANTONIO DA POSSE,ELEKTRO,02328280000197,FEC,2024,12,0.06000000
2026-10-05,13820,Cosmopolis 1,CPFL-PAULISTA,33050196000188,DEC,2024,11,0.41000000
2026-10-05,13829,Santa Barbara 2-Barbarense,CPFL-PAULISTA,33050196000188,FEC,2024,12,0.24000000
2026-10-05,13810,Campinas 12-Cidade Jardim,CPFL-PAULISTA,33050196000188,DEC,2024,8,0.25000000
2026-10-05,13835,Sumare 3-Quilombo,CPFL-PAULISTA,33050196000188,NumCon,2024,2,38764.00000000
2026-10-05,13826,Americana 4-Jardim,CPFL-PAULISTA,33050196000188,FEC,2024,3,0.18000000
2026-10-05,13837,Hortolandia 2-Morro Azul,CPFL-PAULISTA,33050196000188,NumCon,2024,1,42708.00000000
2026-10-05,13840,Capivari 1,CPFL-PAULISTA,33050196000188,FEC,2024,9,0.20000000
2026-10-05,13799,Campinas 2-Souzas,CPFL-PAULISTA,33050196000188,NumCon,2024,2,16520.00000000
2026-10-05,13841,Rio das Pedras 1,CPFL-PAULISTA,33050196000188,NumCon,2024,6,12937.00000000
2026-10-05,13830,Sumare 1,CPFL-PAULISTA,33050196000188,DEC,2024,11,0.34000000
2026-10-05,13835,Sumare 3-Quilombo,CPFL-PAULISTA,33050196000188,NumCon,2024,1,38567.00000000
2026-10-05,13820,Cosmopolis 1,CPFL-PAULISTA,33050196000188,DEC,2024,3,0.36000000
2026-10-05,13819,Paulinia 1,CPFL-PAULISTA,33050196000188,DEC,2024,6,0.23000000
2026-10-05,13813,Campinas 16-Jardim Marajo,CPFL-PAULISTA,33050196000188,FEC,2024,8,0.28000000
2026-10-05,13793,Nova Odessa 1,CPFL-PAULISTA,33050196000188,FEC,2024,2,0.35000000
2026-10-05,13837,Hortolandia 2-Morro Azul,CPFL-PAULISTA,33050196000188,NumCon,2024,5,42503.00000000
2026-10-05,13813,Campinas 16-Jardim Marajo,CPFL-PAULISTA,33050196000188,FEC,2024,6,0.06000000
2026-10-05,13829,Santa Barbara 2-Barbarense,CPFL-PAULISTA,33050196000188,DEC,2024,10,0.52000000
2026-10-05,13806,Campinas 8-Viracopos,CPFL-PAULISTA,33050196000188,DEC,2024,8,0.40000000
2026-10-05,13829,Santa Barbara 2-Barbarense,CPFL-PAULISTA,33050196000188,DEC,2024,2,0.45000000
2026-10-05,13840,Capivari 1,CPFL-PAULISTA,33050196000188,FEC,2024,10,0.16000000
2026-10-05,13806,Campinas 8-Viracopos,CPFL-PAULISTA,33050196000188,FEC,2024,1,0.74000000
2026-10-05,13826,Americana 4-Jardim,CPFL-PAULISTA,33050196000188,NumCon,2024,6,38823.00000000
2026-10-05,13819,Paulinia 1,CPFL-PAULISTA,33050196000188,FEC,2024,11,0.40000000
2026-10-05,13812,Campinas 14-Bandeirantes,CPFL-PAULISTA,33050196000188,NumCon,2024,6,32566.00000000
2026-10-05,13843,Piracicaba 4-Unileste,CPFL-PAULISTA,33050196000188,FEC,2024,7,0.28000000
2026-10-05,13540,MOGI MIRIM UM,ELEKTRO,02328280000197,FEC,2024,1,0.17000000
2026-10-05,13836,Hortolandia 1,CPFL-PAULISTA,33050196000188,NumCon,2024,8,49020.00000000
2026-10-05,13796,Itatiba 2-Cruzeiro,CPFL-PAULISTA,33050196000188,NumCon,2024,2,18959.00000000
2026-10-05,13840,Capivari 1,CPFL-PAULISTA,33050196000188,FEC,2024,11,0.08000000
2026-10-05,13835,Sumare 3-Quilombo,CPFL-PAULISTA,33050196000188,NumCon,2024,12,39119.00000000
2026-10-05,13822,Americana 2-Campo Verde,CPFL-PAULISTA,33050196000188,NumCon,2024,6,30125.00000000
2026-10-05,13821,Americana 5-Ipe,CPFL-PAULISTA,33050196000188,FEC,2024,5,0.06000000
2026-10-05,13799,Campinas 2-Souzas,CPFL-PAULISTA,33050196000188,DEC,2024,4,0.63000000
2026-10-05,16464,Valinhos 2-Figueira,CPFL-PAULISTA,33050196000188,DEC,2024,8,0.56000000
2026-10-05,16441,Campinas 7-Tanquinho,CPFL-PAULISTA,33050196000188,NumCon,2024,8,27056.00000000
2026-10-05,13836,Hortolandia 1,CPFL-PAULISTA,33050196000188,FEC,2024,5,0.07000000
2026-10-05,13807,Campinas 6-Taquaral,CPFL-PAULISTA,33050196000188,DEC,2024,11,0.13000000
2026-10-05,13836,Hortolandia 1,CPFL-PAULISTA,33050196000188,FEC,2024,12,0.44000000
2026-10-05,13810,Campinas 12-Cidade Jardim,CPFL-PAULISTA,33050196000188,DEC,2024,11,0.22000000
2026-10-05,13586,SANTO ANTONIO DA POSSE,ELEKTRO,02328280000197,DEC,2024,8,0.39000000
2026-10-05,16441,Campinas 7-Tanquinho,CPFL-PAULISTA,33050196000188,DEC,2024,12,0.69000000
2026-10-05,13457,ARTUR NOGUEIRA,ELEKTRO,02328280000197,FEC,2024,1,0.22000000
2026-10-05,13807,Campinas 6-Taquaral,CPFL-PAULISTA,33050196000188,DEC,2024,10,0.25000000
2026-10-05,13841,Rio das Pedras 1,CPFL-PAULISTA,33050196000188,FEC,2024,8,0.18000000
2026-10-05,13586,SANTO ANTONIO DA POSSE,ELEKTRO,02328280000197,FEC,2024,3,0.12000000
2026-10-05,13835,Sumare 3-Quilombo,CPFL-PAULISTA,33050196000188,NumCon,2024,7,38997.00000000
2026-10-05,13836,Hortolandia 1,CPFL-PAULISTA,33050196000188,NumCon,2024,2,48104.00000000
2026-10-05,13822,Americana 2-Campo Verde,CPFL-PAULISTA,33050196000188,DEC,2024,11,0.48000000
2026-10-05,13800,Campinas 9-Paineiras,CPFL-PAULISTA,33050196000188,DEC,2024,10,0.19000000
2026-10-05,13829,Santa Barbara 2-Barbarense,CPFL-PAULISTA,33050196000188,DEC,2024,11,0.29000000
2026-10-05,13797,Itatiba 3-Colonial,CPFL-PAULISTA,33050196000188,FEC,2024,6,0.19000000
2026-10-05,13837,Hortolandia 2-Morro Azul,CPFL-PAULISTA,33050196000188,NumCon,2024,7,43124.00000000
2026-10-05,13843,Piracicaba 4-Unileste,CPFL-PAULISTA,33050196000188,FEC,2024,3,1.12000000
2026-10-05,13540,MOGI MIRIM UM,ELEKTRO,02328280000197,FEC,2024,2,0.30000000
2026-10-05,13821,Americana 5-Ipe,CPFL-PAULISTA,33050196000188,NumCon,2024,2,28126.00000000
2026-10-05,13818,Paulinia 2-Morumbi,CPFL-PAULISTA,33050196000188,DEC,2024,1,0.50000000
2026-10-05,13841,Rio das Pedras 1,CPFL-PAULISTA,33050196000188,NumCon,2024,4,12929.00000000
2026-10-05,13810,Campinas 12-Cidade Jardim,CPFL-PAULISTA,33050196000188,DEC,2024,10,0.19000000
2026-10-05,13833,Sumare 2-Tres M,CPFL-PAULISTA,33050196000188,NumCon,2024,7,16837.00000000
2026-10-05,13805,Campinas 3-Trevo,CPFL-PAULISTA,33050196000188,DEC,2024,7,0.17000000
2026-10-05,13805,Campinas 3-Trevo,CPFL-PAULISTA,33050196000188,DEC,2024,12,0.24000000
2026-10-05,13837,Hortolandia 2-Morro Azul,CPFL-PAULISTA,33050196000188,NumCon,2024,12,43733.00000000
2026-10-05,13835,Sumare 3-Quilombo,CPFL-PAULISTA,33050196000188,FEC,2024,11,0.23000000
2026-10-05,13819,Paulinia 1,CPFL-PAULISTA,33050196000188,DEC,2024,9,0.51000000
2026-10-05,13799,Campinas 2-Souzas,CPFL-PAULISTA,33050196000188,DEC,2024,10,1.67000000
2026-10-05,2922,JAGUARIUNA,CPFL JAGUARI,53859112000169,NumCon,2024,5,27761.00000000
2026-10-05,13818,Paulinia 2-Morumbi,CPFL-PAULISTA,33050196000188,FEC,2024,6,0.05000000
2026-10-05,16464,Valinhos 2-Figueira,CPFL-PAULISTA,33050196000188,DEC,2024,5,0.27000000
2026-10-05,13820,Cosmopolis 1,CPFL-PAULISTA,33050196000188,DEC,2024,2,0.20000000
2026-10-05,13836,Hortolandia 1,CPFL-PAULISTA,33050196000188,FEC,2024,6,0.19000000
2026-10-05,16441,Campinas 7-Tanquinho,CPFL-PAULISTA,33050196000188,DEC,2024,11,0.32000000
2026-10-05,13806,Campinas 8-Viracopos,CPFL-PAULISTA,33050196000188,DEC,2024,12,0.90000000
2026-10-05,13586,SANTO ANTONIO DA POSSE,ELEKTRO,02328280000197,DEC,2024,11,0.73000000
2026-10-05,13586,SANTO ANTONIO DA POSSE,ELEKTRO,02328280000197,FEC,2024,9,0.24000000
2026-10-05,13822,Americana 2-Campo Verde,CPFL-PAULISTA,33050196000188,NumCon,2024,7,30179.00000000
2026-10-05,16433,Americana 1,CPFL-PAULISTA,33050196000188,FEC,2024,2,0.08000000
2026-10-05,13799,Campinas 2-Souzas,CPFL-PAULISTA,33050196000188,DEC,2024,11,1.35000000
2026-10-05,13820,Cosmopolis 1,CPFL-PAULISTA,33050196000188,DEC,2024,10,0.11000000
2026-10-05,13817,Campinas 11-Barao Geraldo,CPFL-PAULISTA,33050196000188,FEC,2024,6,0.56000000
2026-10-05,13826,Americana 4-Jardim,CPFL-PAULISTA,33050196000188,NumCon,2024,12,39062.00000000
2026-10-05,13822,Americana 2-Campo Verde,CPFL-PAULISTA,33050196000188,NumCon,2024,12,30461.00000000
2026-10-05,13835,Sumare 3-Quilombo,CPFL-PAULISTA,33050196000188,NumCon,2024,6,38982.00000000
2026-10-05,13832,Sumare 6-Orquidea,CPFL-PAULISTA,33050196000188,DEC,2024,1,0.22000000
2026-10-05,13796,Itatiba 2-Cruzeiro,CPFL-PAULISTA,33050196000188,NumCon,2024,1,18446.00000000
2026-10-05,13457,ARTUR NOGUEIRA,ELEKTRO,02328280000197,NumCon,2024,10,33209.00000000
2026-10-05,16441,Campinas 7-Tanquinho,CPFL-PAULISTA,33050196000188,DEC,2024,10,0.27000000
2026-10-05,2922,JAGUARIUNA,CPFL JAGUARI,53859112000169,NumCon,2024,10,28246.00000000
2026-10-05,13586,SANTO ANTONIO DA POSSE,ELEKTRO,02328280000197,NumCon,2024,2,9779.00000000
2026-10-05,13817,Campinas 11-Barao Geraldo,CPFL-PAULISTA,33050196000188,DEC,2024,8,0.30000000
2026-10-05,13837,Hortolandia 2-Morro Azul,CPFL-PAULISTA,33050196000188,NumCon,2024,6,43060.00000000
2026-10-05,13821,Americana 5-Ipe,CPFL-PAULISTA,33050196000188,DEC,2024,10,0.28000000
2026-10-05,13457,ARTUR NOGUEIRA,ELEKTRO,02328280000197,FEC,2024,9,0.13000000
2026-10-05,13457,ARTUR NOGUEIRA,ELEKTRO,02328280000197,NumCon,2024,2,32587.00000000
2026-10-05,16464,Valinhos 2-Figueira,CPFL-PAULISTA,33050196000188,DEC,2024,7,0.31000000
2026-10-05,13586,SANTO ANTONIO DA POSSE,ELEKTRO,02328280000197,DEC,2024,12,0.20000000
2026-10-05,16440,Campinas 5-Andorinha,CPFL-PAULISTA,33050196000188,NumCon,2024,3,68177.00000000
2026-10-05,16441,Campinas 7-Tanquinho,CPFL-PAULISTA,33050196000188,NumCon,2024,5,27701.00000000
2026-10-05,13810,Campinas 12-Cidade Jardim,CPFL-PAULISTA,33050196000188,NumCon,2024,12,37589.00000000
2026-10-05,13809,Campinas 10-Chapadão,CPFL-PAULISTA,33050196000188,DEC,2024,6,0.10000000
2026-10-05,13843,Piracicaba 4-Unileste,CPFL-PAULISTA,33050196000188,FEC,2024,2,1.09000000
2026-10-05,13586,SANTO ANTONIO DA POSSE,ELEKTRO,02328280000197,DEC,2024,2,0.41000000
2026-10-05,2922,JAGUARIUNA,CPFL JAGUARI,53859112000169,FEC,2024,1,0.38000000
2026-10-05,13818,Paulinia 2-Morumbi,CPFL-PAULISTA,33050196000188,DEC,2024,12,0.62000000
2026-10-05,13813,Campinas 16-Jardim Marajo,CPFL-PAULISTA,33050196000188,FEC,2024,2,0.18000000
2026-10-05,13457,ARTUR NOGUEIRA,ELEKTRO,02328280000197,NumCon,2024,5,32821.00000000
2026-10-05,13813,Campinas 16-Jardim Marajo,CPFL-PAULISTA,33050196000188,FEC,2024,5,0.19000000
2026-10-05,13833,Sumare 2-Tres M,CPFL-PAULISTA,33050196000188,NumCon,2024,11,16976.00000000
2026-10-05,13818,Paulinia 2-Morumbi,CPFL-PAULISTA,33050196000188,DEC,2024,11,0.21000000
2026-10-05,13832,Sumare 6-Orquidea,CPFL-PAULISTA,33050196000188,DEC,2024,12,0.40000000
2026-10-05,13820,Cosmopolis 1,CPFL-PAULISTA,33050196000188,DEC,2024,5,0.19000000
2026-10-05,13821,Americana 5-Ipe,CPFL-PAULISTA,33050196000188,DEC,2024,9,0.38000000
2026-10-05,13837,Hortolandia 2-Morro Azul,CPFL-PAULISTA,33050196000188,DEC,2024,7,0.35000000
2026-10-05,13843,Piracicaba 4-Unileste,CPFL-PAULISTA,33050196000188,FEC,2024,6,0.04000000
2026-10-05,13837,Hortolandia 2-Morro Azul,CPFL-PAULISTA,33050196000188,NumCon,2024,10,43349.00000000
2026-10-05,13836,Hortolandia 1,CPFL-PAULISTA,33050196000188,FEC,2024,8,0.23000000
2026-10-05,13833,Sumare 2-Tres M,CPFL-PAULISTA,33050196000188,NumCon,2024,3,16761.00000000
2026-10-05,13812,Campinas 14-Bandeirantes,CPFL-PAULISTA,33050196000188,DEC,2024,6,0.34000000
2026-10-05,13793,Nova Odessa 1,CPFL-PAULISTA,33050196000188,FEC,2024,12,0.14000000
2026-10-05,13843,Piracicaba 4-Unileste,CPFL-PAULISTA,33050196000188,NumCon,2024,6,15371.00000000
2026-10-05,13811,Campinas 4-Boa Vista,CPFL-PAULISTA,33050196000188,NumCon,2024,1,29242.00000000
2026-10-05,13841,Rio das Pedras 1,CPFL-PAULISTA,33050196000188,NumCon,2024,12,13055.00000000
2026-10-05,13457,ARTUR NOGUEIRA,ELEKTRO,02328280000197,FEC,2024,10,0.21000000
2026-10-05,13793,Nova Odessa 1,CPFL-PAULISTA,33050196000188,NumCon,2024,6,20214.00000000
2026-10-05,13802,Valinhos 1,CPFL-PAULISTA,33050196000188,DEC,2024,4,0.32000000
2026-10-05,13836,Hortolandia 1,CPFL-PAULISTA,33050196000188,NumCon,2024,3,48262.00000000
2026-10-05,13812,Campinas 14-Bandeirantes,CPFL-PAULISTA,33050196000188,NumCon,2024,1,32064.00000000
2026-10-05,13813,Campinas 16-Jardim Marajo,CPFL-PAULISTA,33050196000188,NumCon,2024,7,59772.00000000
2026-10-05,13832,Sumare 6-Orquidea,CPFL-PAULISTA,33050196000188,DEC,2024,8,0.29000000
2026-10-05,13807,Campinas 6-Taquaral,CPFL-PAULISTA,33050196000188,DEC,2024,1,0.26000000
2026-10-05,13821,Americana 5-Ipe,CPFL-PAULISTA,33050196000188,DEC,2024,6,0.20000000
2026-10-05,16433,Americana 1,CPFL-PAULISTA,33050196000188,FEC,2024,4,0.01000000
2026-10-05,13832,Sumare 6-Orquidea,CPFL-PAULISTA,33050196000188,FEC,2024,12,0.17000000
2026-10-05,13822,Americana 2-Campo Verde,CPFL-PAULISTA,33050196000188,NumCon,2024,1,30112.00000000
2026-10-05,13793,Nova Odessa 1,CPFL-PAULISTA,33050196000188,FEC,2024,4,0.15000000
2026-10-05,13540,MOGI MIRIM UM,ELEKTRO,02328280000197,FEC,2024,9,0.23000000
2026-10-05,13817,Campinas 11-Barao Geraldo,CPFL-PAULISTA,33050196000188,FEC,2024,8,0.63000000
2026-10-05,13457,ARTUR NOGUEIRA,ELEKTRO,02328280000197,NumCon,2024,8,33079.00000000
2026-10-05,16452,Monte Mor 1,CPFL-PAULISTA,33050196000188,FEC,2024,5,0.28000000
2026-10-05,13813,Campinas 16-Jardim Marajo,CPFL-PAULISTA,33050196000188,FEC,2024,7,0.15000000
2026-10-05,13822,Americana 2-Campo Verde,CPFL-PAULISTA,33050196000188,NumCon,2024,10,30474.00000000
2026-10-05,13810,Campinas 12-Cidade Jardim,CPFL-PAULISTA,33050196000188,DEC,2024,7,0.27000000
2026-10-05,13813,Campinas 16-Jardim Marajo,CPFL-PAULISTA,33050196000188,NumCon,2024,12,60410.00000000
2026-10-05,13822,Americana 2-Campo Verde,CPFL-PAULISTA,33050196000188,NumCon,2024,2,30098.00000000
2026-10-05,13837,Hortolandia 2-Morro Azul,CPFL-PAULISTA,33050196000188,NumCon,2024,4,42513.00000000
2026-10-05,13819,Paulinia 1,CPFL-PAULISTA,33050196000188,FEC,2024,1,0.37000000
2026-10-05,13820,Cosmopolis 1,CPFL-PAULISTA,33050196000188,DEC,2024,7,0.09000000
2026-10-05,13830,Sumare 1,CPFL-PAULISTA,33050196000188,DEC,2024,6,0.30000000
2026-10-05,13835,Sumare 3-Quilombo,CPFL-PAULISTA,33050196000188,FEC,2024,3,0.71000000
2026-10-05,13821,Americana 5-Ipe,CPFL-PAULISTA,33050196000188,DEC,2024,7,0.11000000
2026-10-05,13822,Americana 2-Campo Verde,CPFL-PAULISTA,33050196000188,DEC,2024,2,0.26000000
2026-10-05,13817,Campinas 11-Barao Geraldo,CPFL-PAULISTA,33050196000188,DEC,2024,12,0.17000000
2026-10-05,13799,Campinas 2-Souzas,CPFL-PAULISTA,33050196000188,FEC,2024,10,0.58000000
2026-10-05,13807,Campinas 6-Taquaral,CPFL-PAULISTA,33050196000188,DEC,2024,2,0.41000000
2026-10-05,13832,Sumare 6-Orquidea,CPFL-PAULISTA,33050196000188,FEC,2024,3,0.06000000
2026-10-05,13840,Capivari 1,CPFL-PAULISTA,33050196000188,DEC,2024,8,0.32000000
2026-10-05,13840,Capivari 1,CPFL-PAULISTA,33050196000188,DEC,2024,5,0.41000000
2026-10-05,13843,Piracicaba 4-Unileste,CPFL-PAULISTA,33050196000188,NumCon,2024,4,15218.00000000
2026-10-05,13836,Hortolandia 1,CPFL-PAULISTA,33050196000188,NumCon,2024,1,47812.00000000
2026-10-05,13819,Paulinia 1,CPFL-PAULISTA,33050196000188,FEC,2024,3,0.48000000
2026-10-05,13821,Americana 5-Ipe,CPFL-PAULISTA,33050196000188,DEC,2024,5,0.10000000
2026-10-05,13457,ARTUR NOGUEIRA,ELEKTRO,02328280000197,DEC,2024,3,0.44000000
2026-10-05,13808,Campinas 1-Centro,CPFL-PAULISTA,33050196000188,FEC,2024,7,0.04000000
2026-10-05,13813,Campinas 16-Jardim Marajo,CPFL-PAULISTA,33050196000188,DEC,2024,7,0.36000000
2026-10-05,13830,Sumare 1,CPFL-PAULISTA,33050196000188,DEC,2024,5,0.25000000
2026-10-05,13837,Hortolandia 2-Morro Azul,CPFL-PAULISTA,33050196000188,NumCon,2024,9,43350.00000000
2026-10-05,13830,Sumare 1,CPFL-PAULISTA,33050196000188,DEC,2024,9,0.21000000
2026-10-05,13800,Campinas 9-Paineiras,CPFL-PAULISTA,33050196000188,DEC,2024,4,0.10000000
2026-10-05,16434,Amparo 1,CPFL-PAULISTA,33050196000188,NumCon,2024,4,35504.00000000
2026-10-05,13835,Sumare 3-Quilombo,CPFL-PAULISTA,33050196000188,NumCon,2024,8,39047.00000000
2026-10-05,13800,Campinas 9-Paineiras,CPFL-PAULISTA,33050196000188,DEC,2024,7,0.39000000
2026-10-05,13809,Campinas 10-Chapadão,CPFL-PAULISTA,33050196000188,DEC,2024,7,0.06000000
2026-10-05,13813,Campinas 16-Jardim Marajo,CPFL-PAULISTA,33050196000188,DEC,2024,12,0.60000000
2026-10-05,13833,Sumare 2-Tres M,CPFL-PAULISTA,33050196000188,DEC,2024,7,0.27000000
2026-10-05,16464,Valinhos 2-Figueira,CPFL-PAULISTA,33050196000188,DEC,2024,2,0.28000000
2026-10-05,13800,Campinas 9-Paineiras,CPFL-PAULISTA,33050196000188,DEC,2024,11,0.31000000
2026-10-05,13813,Campinas 16-Jardim Marajo,CPFL-PAULISTA,33050196000188,NumCon,2024,1,59098.00000000
2026-10-05,13799,Campinas 2-Souzas,CPFL-PAULISTA,33050196000188,DEC,2024,2,0.61000000
2026-10-05,13840,Capivari 1,CPFL-PAULISTA,33050196000188,DEC,2024,7,0.12000000
2026-10-05,13822,Americana 2-Campo Verde,CPFL-PAULISTA,33050196000188,NumCon,2024,9,30344.00000000
2026-10-05,13835,Sumare 3-Quilombo,CPFL-PAULISTA,33050196000188,NumCon,2024,5,38499.00000000
2026-10-05,13822,Americana 2-Campo Verde,CPFL-PAULISTA,33050196000188,DEC,2024,10,0.26000000
2026-10-05,13805,Campinas 3-Trevo,CPFL-PAULISTA,33050196000188,DEC,2024,1,0.49000000
2026-10-05,13835,Sumare 3-Quilombo,CPFL-PAULISTA,33050196000188,FEC,2024,10,0.05000000
2026-10-05,13457,ARTUR NOGUEIRA,ELEKTRO,02328280000197,NumCon,2024,12,33304.00000000
2026-10-05,13813,Campinas 16-Jardim Marajo,CPFL-PAULISTA,33050196000188,NumCon,2024,8,59831.00000000
2026-10-05,13818,Paulinia 2-Morumbi,CPFL-PAULISTA,33050196000188,FEC,2024,2,0.21000000
2026-10-05,13829,Santa Barbara 2-Barbarense,CPFL-PAULISTA,33050196000188,DEC,2024,8,0.44000000
2026-10-05,13835,Sumare 3-Quilombo,CPFL-PAULISTA,33050196000188,NumCon,2024,9,39127.00000000
2026-10-05,13836,Hortolandia 1,CPFL-PAULISTA,33050196000188,FEC,2024,7,0.26000000
2026-10-05,13821,Americana 5-Ipe,CPFL-PAULISTA,33050196000188,DEC,2024,3,0.21000000
2026-10-05,13796,Itatiba 2-Cruzeiro,CPFL-PAULISTA,33050196000188,NumCon,2024,8,19144.00000000
2026-10-05,13796,Itatiba 2-Cruzeiro,CPFL-PAULISTA,33050196000188,DEC,2024,6,0.46000000
2026-10-05,13843,Piracicaba 4-Unileste,CPFL-PAULISTA,33050196000188,NumCon,2024,9,15669.00000000
2026-10-05,13813,Campinas 16-Jardim Marajo,CPFL-PAULISTA,33050196000188,NumCon,2024,5,58887.00000000
2026-10-05,13836,Hortolandia 1,CPFL-PAULISTA,33050196000188,NumCon,2024,11,49433.00000000
2026-10-05,13818,Paulinia 2-Morumbi,CPFL-PAULISTA,33050196000188,DEC,2024,5,0.26000000
2026-10-05,13822,Americana 2-Campo Verde,CPFL-PAULISTA,33050196000188,NumCon,2024,5,29901.00000000
2026-10-05,13813,Campinas 16-Jardim Marajo,CPFL-PAULISTA,33050196000188,NumCon,2024,2,59339.00000000
2026-10-05,13818,Paulinia 2-Morumbi,CPFL-PAULISTA,33050196000188,DEC,2024,10,0.26000000
2026-10-05,13835,Sumare 3-Quilombo,CPFL-PAULISTA,33050196000188,FEC,2024,5,0.09000000
2026-10-05,13799,Campinas 2-Souzas,CPFL-PAULISTA,33050196000188,FEC,2024,9,0.17000000
2026-10-05,13822,Americana 2-Campo Verde,CPFL-PAULISTA,33050196000188,NumCon,2024,8,30287.00000000
2026-10-05,13834,Sumare 4-Nova Aparecida,CPFL-PAULISTA,33050196000188,FEC,2024,12,0.14000000
2026-10-05,13836,Hortolandia 1,CPFL-PAULISTA,33050196000188,NumCon,2024,12,49516.00000000
2026-10-05,13813,Campinas 16-Jardim Marajo,CPFL-PAULISTA,33050196000188,NumCon,2024,6,59686.00000000
2026-10-05,13810,Campinas 12-Cidade Jardim,CPFL-PAULISTA,33050196000188,DEC,2024,5,0.03000000
2026-10-05,13843,Piracicaba 4-Unileste,CPFL-PAULISTA,33050196000188,NumCon,2024,5,15242.00000000
2026-10-05,13813,Campinas 16-Jardim Marajo,CPFL-PAULISTA,33050196000188,NumCon,2024,4,58765.00000000
2026-10-05,13809,Campinas 10-Chapadão,CPFL-PAULISTA,33050196000188,DEC,2024,1,1.64000000
2026-10-05,13835,Sumare 3-Quilombo,CPFL-PAULISTA,33050196000188,NumCon,2024,4,38507.00000000
2026-10-05,13843,Piracicaba 4-Unileste,CPFL-PAULISTA,33050196000188,FEC,2024,10,0.10000000
2026-10-05,13813,Campinas 16-Jardim Marajo,CPFL-PAULISTA,33050196000188,NumCon,2024,10,60261.00000000
2026-10-05,13799,Campinas 2-Souzas,CPFL-PAULISTA,33050196000188,FEC,2024,11,0.45000000
2026-10-05,13540,MOGI MIRIM UM,ELEKTRO,02328280000197,DEC,2024,5,0.42000000
2026-10-05,13836,Hortolandia 1,CPFL-PAULISTA,33050196000188,NumCon,2024,7,48962.00000000
2026-10-05,13843,Piracicaba 4-Unileste,CPFL-PAULISTA,33050196000188,FEC,2024,4,0.09000000
2026-10-05,13813,Campinas 16-Jardim Marajo,CPFL-PAULISTA,33050196000188,NumCon,2024,11,60226.00000000
2026-10-05,13818,Paulinia 2-Morumbi,CPFL-PAULISTA,33050196000188,DEC,2024,2,0.39000000
2026-10-05,13540,MOGI MIRIM UM,ELEKTRO,02328280000197,FEC,2024,7,0.25000000
2026-10-05,13835,Sumare 3-Quilombo,CPFL-PAULISTA,33050196000188,NumCon,2024,10,39124.00000000
2026-10-05,13813,Campinas 16-Jardim Marajo,CPFL-PAULISTA,33050196000188,DEC,2024,2,0.34000000
2026-10-05,16441,Campinas 7-Tanquinho,CPFL-PAULISTA,33050196000188,NumCon,2024,2,26324.00000000
2026-10-05,13799,Campinas 2-Souzas,CPFL-PAULISTA,33050196000188,FEC,2024,3,0.47000000
2026-10-05,13811,Campinas 4-Boa Vista,CPFL-PAULISTA,33050196000188,FEC,2024,7,0.18000000
2026-10-05,13800,Campinas 9-Paineiras,CPFL-PAULISTA,33050196000188,DEC,2024,1,0.26000000
2026-10-05,13813,Campinas 16-Jardim Marajo,CPFL-PAULISTA,33050196000188,NumCon,2024,9,60187.00000000
2026-10-05,13817,Campinas 11-Barao Geraldo,CPFL-PAULISTA,33050196000188,FEC,2024,7,0.03000000
2026-10-05,13822,Americana 2-Campo Verde,CPFL-PAULISTA,33050196000188,NumCon,2024,4,29967.00000000
2026-10-05,13812,Campinas 14-Bandeirantes,CPFL-PAULISTA,33050196000188,NumCon,2024,8,32752.00000000
2026-10-05,13826,Americana 4-Jardim,CPFL-PAULISTA,33050196000188,NumCon,2024,11,39103.00000000
2026-10-05,13806,Campinas 8-Viracopos,CPFL-PAULISTA,33050196000188,NumCon,2024,12,32804.00000000
2026-10-05,13830,Sumare 1,CPFL-PAULISTA,33050196000188,DEC,2024,10,0.32000000
2026-10-05,13843,Piracicaba 4-Unileste,CPFL-PAULISTA,33050196000188,NumCon,2024,8,15455.00000000
2026-10-05,13806,Campinas 8-Viracopos,CPFL-PAULISTA,33050196000188,DEC,2024,9,0.50000000
2026-10-05,13806,Campinas 8-Viracopos,CPFL-PAULISTA,33050196000188,NumCon,2024,1,32132.00000000
2026-10-05,13540,MOGI MIRIM UM,ELEKTRO,02328280000197,DEC,2024,1,0.41000000
2026-10-05,13820,Cosmopolis 1,CPFL-PAULISTA,33050196000188,DEC,2024,8,0.40000000
2026-10-05,13810,Campinas 12-Cidade Jardim,CPFL-PAULISTA,33050196000188,NumCon,2024,3,36406.00000000
2026-10-05,13810,Campinas 12-Cidade Jardim,CPFL-PAULISTA,33050196000188,NumCon,2024,1,36382.00000000
2026-10-05,13830,Sumare 1,CPFL-PAULISTA,33050196000188,FEC,2024,6,0.20000000
2026-10-05,13837,Hortolandia 2-Morro Azul,CPFL-PAULISTA,33050196000188,NumCon,2024,3,42715.00000000
2026-10-05,13818,Paulinia 2-Morumbi,CPFL-PAULISTA,33050196000188,FEC,2024,8,0.05000000
2026-10-05,13843,Piracicaba 4-Unileste,CPFL-PAULISTA,33050196000188,NumCon,2024,1,15039.00000000
2026-10-05,13817,Campinas 11-Barao Geraldo,CPFL-PAULISTA,33050196000188,DEC,2024,9,0.45000000
2026-10-05,13457,ARTUR NOGUEIRA,ELEKTRO,02328280000197,NumCon,2024,1,32522.00000000
2026-10-05,13837,Hortolandia 2-Morro Azul,CPFL-PAULISTA,33050196000188,NumCon,2024,11,43627.00000000
2026-10-05,13843,Piracicaba 4-Unileste,CPFL-PAULISTA,33050196000188,NumCon,2024,10,15727.00000000
2026-10-05,13834,Sumare 4-Nova Aparecida,CPFL-PAULISTA,33050196000188,FEC,2024,1,0.25000000
2026-10-05,13540,MOGI MIRIM UM,ELEKTRO,02328280000197,DEC,2024,8,0.37000000
2026-10-05,13820,Cosmopolis 1,CPFL-PAULISTA,33050196000188,DEC,2024,9,0.36000000
2026-10-05,13840,Capivari 1,CPFL-PAULISTA,33050196000188,FEC,2024,1,0.26000000
2026-10-05,13806,Campinas 8-Viracopos,CPFL-PAULISTA,33050196000188,NumCon,2024,7,32603.00000000
2026-10-05,13821,Americana 5-Ipe,CPFL-PAULISTA,33050196000188,NumCon,2024,5,29268.00000000
2026-10-05,13810,Campinas 12-Cidade Jardim,CPFL-PAULISTA,33050196000188,NumCon,2024,7,36961.00000000
2026-10-05,13806,Campinas 8-Viracopos,CPFL-PAULISTA,33050196000188,NumCon,2024,3,32386.00000000
2026-10-05,13799,Campinas 2-Souzas,CPFL-PAULISTA,33050196000188,FEC,2024,5,0.21000000
2026-10-05,13806,Campinas 8-Viracopos,CPFL-PAULISTA,33050196000188,DEC,2024,6,0.33000000
2026-10-05,13797,Itatiba 3-Colonial,CPFL-PAULISTA,33050196000188,FEC,2024,8,0.32000000
2026-10-05,13457,ARTUR NOGUEIRA,ELEKTRO,02328280000197,FEC,2024,5,0.36000000
2026-10-05,13843,Piracicaba 4-Unileste,CPFL-PAULISTA,33050196000188,FEC,2024,11,0.69000000
2026-10-05,13835,Sumare 3-Quilombo,CPFL-PAULISTA,33050196000188,NumCon,2024,3,38831.00000000
2026-10-05,13793,Nova Odessa 1,CPFL-PAULISTA,33050196000188,FEC,2024,8,0.27000000
2026-10-05,13818,Paulinia 2-Morumbi,CPFL-PAULISTA,33050196000188,DEC,2024,7,0.50000000
2026-10-05,13821,Americana 5-Ipe,CPFL-PAULISTA,33050196000188,FEC,2024,2,0.39000000
2026-10-05,13799,Campinas 2-Souzas,CPFL-PAULISTA,33050196000188,FEC,2024,4,0.22000000
2026-10-05,13806,Campinas 8-Viracopos,CPFL-PAULISTA,33050196000188,DEC,2024,2,0.35000000
2026-10-05,13802,Valinhos 1,CPFL-PAULISTA,33050196000188,DEC,2024,12,0.49000000
2026-10-05,13840,Capivari 1,CPFL-PAULISTA,33050196000188,FEC,2024,2,0.21000000
2026-10-05,13830,Sumare 1,CPFL-PAULISTA,33050196000188,DEC,2024,2,0.27000000
2026-10-05,16452,Monte Mor 1,CPFL-PAULISTA,33050196000188,NumCon,2024,7,35138.00000000
2026-10-05,13826,Americana 4-Jardim,CPFL-PAULISTA,33050196000188,NumCon,2024,3,38734.00000000
2026-10-05,13821,Americana 5-Ipe,CPFL-PAULISTA,33050196000188,DEC,2024,4,0.19000000
2026-10-05,13810,Campinas 12-Cidade Jardim,CPFL-PAULISTA,33050196000188,DEC,2024,6,0.16000000
2026-10-05,13806,Campinas 8-Viracopos,CPFL-PAULISTA,33050196000188,NumCon,2024,6,32584.00000000
2026-10-05,13841,Rio das Pedras 1,CPFL-PAULISTA,33050196000188,NumCon,2024,9,12998.00000000
2026-10-05,13800,Campinas 9-Paineiras,CPFL-PAULISTA,33050196000188,DEC,2024,2,0.34000000
2026-10-05,13813,Campinas 16-Jardim Marajo,CPFL-PAULISTA,33050196000188,NumCon,2024,3,59509.00000000
2026-10-05,13457,ARTUR NOGUEIRA,ELEKTRO,02328280000197,DEC,2024,9,0.23000000
2026-10-05,13818,Paulinia 2-Morumbi,CPFL-PAULISTA,33050196000188,DEC,2024,4,0.44000000
2026-10-05,13834,Sumare 4-Nova Aparecida,CPFL-PAULISTA,33050196000188,DEC,2024,8,0.53000000
2026-10-05,13793,Nova Odessa 1,CPFL-PAULISTA,33050196000188,NumCon,2024,4,20039.00000000
2026-10-05,13813,Campinas 16-Jardim Marajo,CPFL-PAULISTA,33050196000188,DEC,2024,6,0.15000000
2026-10-05,13806,Campinas 8-Viracopos,CPFL-PAULISTA,33050196000188,DEC,2024,5,0.36000000
2026-10-05,13821,Americana 5-Ipe,CPFL-PAULISTA,33050196000188,NumCon,2024,1,27932.00000000
2026-10-05,13821,Americana 5-Ipe,CPFL-PAULISTA,33050196000188,FEC,2024,6,0.09000000
2026-10-05,16464,Valinhos 2-Figueira,CPFL-PAULISTA,33050196000188,DEC,2024,3,0.29000000
2026-10-05,13806,Campinas 8-Viracopos,CPFL-PAULISTA,33050196000188,NumCon,2024,8,32656.00000000
2026-10-05,13841,Rio das Pedras 1,CPFL-PAULISTA,33050196000188,FEC,2024,4,0.19000000
2026-10-05,13457,ARTUR NOGUEIRA,ELEKTRO,02328280000197,FEC,2024,6,0.11000000
2026-10-05,13834,Sumare 4-Nova Aparecida,CPFL-PAULISTA,33050196000188,FEC,2024,6,0.25000000
2026-10-05,13813,Campinas 16-Jardim Marajo,CPFL-PAULISTA,33050196000188,DEC,2024,1,0.77000000
2026-10-05,13586,SANTO ANTONIO DA POSSE,ELEKTRO,02328280000197,DEC,2024,9,0.55000000
2026-10-05,13835,Sumare 3-Quilombo,CPFL-PAULISTA,33050196000188,NumCon,2024,11,39068.00000000
2026-10-05,13843,Piracicaba 4-Unileste,CPFL-PAULISTA,33050196000188,NumCon,2024,2,15172.00000000
2026-10-05,16452,Monte Mor 1,CPFL-PAULISTA,33050196000188,NumCon,2024,12,35640.00000000
2026-10-05,13820,Cosmopolis 1,CPFL-PAULISTA,33050196000188,FEC,2024,2,0.07000000
2026-10-05,13806,Campinas 8-Viracopos,CPFL-PAULISTA,33050196000188,NumCon,2024,2,32335.00000000
2026-10-05,13817,Campinas 11-Barao Geraldo,CPFL-PAULISTA,33050196000188,DEC,2024,5,0.21000000
2026-10-05,13812,Campinas 14-Bandeirantes,CPFL-PAULISTA,33050196000188,NumCon,2024,2,32217.00000000
2026-10-05,13813,Campinas 16-Jardim Marajo,CPFL-PAULISTA,33050196000188,DEC,2024,10,0.47000000
2026-10-05,13809,Campinas 10-Chapadão,CPFL-PAULISTA,33050196000188,DEC,2024,8,0.23000000
2026-10-05,16434,Amparo 1,CPFL-PAULISTA,33050196000188,NumCon,2024,7,35762.00000000
2026-10-05,13821,Americana 5-Ipe,CPFL-PAULISTA,33050196000188,NumCon,2024,11,28751.00000000
2026-10-05,13806,Campinas 8-Viracopos,CPFL-PAULISTA,33050196000188,NumCon,2024,10,32760.00000000
2026-10-05,13832,Sumare 6-Orquidea,CPFL-PAULISTA,33050196000188,DEC,2024,11,0.30000000
2026-10-05,13821,Americana 5-Ipe,CPFL-PAULISTA,33050196000188,NumCon,2024,7,28813.00000000
2026-10-05,13841,Rio das Pedras 1,CPFL-PAULISTA,33050196000188,FEC,2024,6,0.11000000
2026-10-05,13806,Campinas 8-Viracopos,CPFL-PAULISTA,33050196000188,NumCon,2024,11,32726.00000000
2026-10-05,13821,Americana 5-Ipe,CPFL-PAULISTA,33050196000188,DEC,2024,2,0.45000000
2026-10-05,13841,Rio das Pedras 1,CPFL-PAULISTA,33050196000188,NumCon,2024,5,12904.00000000
2026-10-05,13821,Americana 5-Ipe,CPFL-PAULISTA,33050196000188,NumCon,2024,4,28994.00000000
2026-10-05,13826,Americana 4-Jardim,CPFL-PAULISTA,33050196000188,NumCon,2024,4,38564.00000000
2026-10-05,13821,Americana 5-Ipe,CPFL-PAULISTA,33050196000188,FEC,2024,11,0.18000000
2026-10-05,13806,Campinas 8-Viracopos,CPFL-PAULISTA,33050196000188,NumCon,2024,9,32770.00000000
2026-10-05,13806,Campinas 8-Viracopos,CPFL-PAULISTA,33050196000188,NumCon,2024,5,33659.00000000
2026-10-05,13806,Campinas 8-Viracopos,CPFL-PAULISTA,33050196000188,NumCon,2024,4,32017.00000000
2026-10-05,13820,Cosmopolis 1,CPFL-PAULISTA,33050196000188,DEC,2024,6,0.05000000
2026-10-05,13835,Sumare 3-Quilombo,CPFL-PAULISTA,33050196000188,FEC,2024,4,0.15000000
2026-10-05,13821,Americana 5-Ipe,CPFL-PAULISTA,33050196000188,NumCon,2024,10,28776.00000000
2026-10-05,13837,Hortolandia 2-Morro Azul,CPFL-PAULISTA,33050196000188,DEC,2024,8,0.44000000
2026-10-05,13793,Nova Odessa 1,CPFL-PAULISTA,33050196000188,FEC,2024,5,0.07000000
2026-10-05,13817,Campinas 11-Barao Geraldo,CPFL-PAULISTA,33050196000188,DEC,2024,11,0.08000000
2026-10-05,13820,Cosmopolis 1,CPFL-PAULISTA,33050196000188,DEC,2024,1,0.29000000
2026-10-05,13837,Hortolandia 2-Morro Azul,CPFL-PAULISTA,33050196000188,DEC,2024,2,0.37000000
2026-10-05,16452,Monte Mor 1,CPFL-PAULISTA,33050196000188,FEC,2024,2,0.47000000
2026-10-05,13819,Paulinia 1,CPFL-PAULISTA,33050196000188,DEC,2024,1,0.59000000
2026-10-05,13540,MOGI MIRIM UM,ELEKTRO,02328280000197,DEC,2024,6,0.19000000
2026-10-05,13840,Capivari 1,CPFL-PAULISTA,33050196000188,FEC,2024,5,0.19000000
2026-10-05,13834,Sumare 4-Nova Aparecida,CPFL-PAULISTA,33050196000188,DEC,2024,12,0.18000000
2026-10-05,13821,Americana 5-Ipe,CPFL-PAULISTA,33050196000188,FEC,2024,10,0.17000000
2026-10-05,16464,Valinhos 2-Figueira,CPFL-PAULISTA,33050196000188,DEC,2024,1,0.53000000
2026-10-05,13833,Sumare 2-Tres M,CPFL-PAULISTA,33050196000188,NumCon,2024,10,16971.00000000
2026-10-05,13793,Nova Odessa 1,CPFL-PAULISTA,33050196000188,NumCon,2024,10,20259.00000000
2026-10-05,13808,Campinas 1-Centro,CPFL-PAULISTA,33050196000188,FEC,2024,1,0.07000000
2026-10-05,13813,Campinas 16-Jardim Marajo,CPFL-PAULISTA,33050196000188,DEC,2024,11,0.29000000
2026-10-05,13818,Paulinia 2-Morumbi,CPFL-PAULISTA,33050196000188,DEC,2024,3,0.27000000
2026-10-05,13843,Piracicaba 4-Unileste,CPFL-PAULISTA,33050196000188,FEC,2024,1,0.67000000
2026-10-05,13835,Sumare 3-Quilombo,CPFL-PAULISTA,33050196000188,DEC,2024,9,0.19000000
2026-10-05,13821,Americana 5-Ipe,CPFL-PAULISTA,33050196000188,DEC,2024,12,0.19000000
2026-10-05,16464,Valinhos 2-Figueira,CPFL-PAULISTA,33050196000188,DEC,2024,12,0.72000000
2026-10-05,13834,Sumare 4-Nova Aparecida,CPFL-PAULISTA,33050196000188,DEC,2024,4,0.26000000
2026-10-05,13809,Campinas 10-Chapadão,CPFL-PAULISTA,33050196000188,DEC,2024,2,0.75000000
2026-10-05,13457,ARTUR NOGUEIRA,ELEKTRO,02328280000197,DEC,2024,7,0.36000000
2026-10-05,16464,Valinhos 2-Figueira,CPFL-PAULISTA,33050196000188,DEC,2024,11,0.69000000
2026-10-05,13829,Santa Barbara 2-Barbarense,CPFL-PAULISTA,33050196000188,FEC,2024,2,0.25000000
2026-10-05,13817,Campinas 11-Barao Geraldo,CPFL-PAULISTA,33050196000188,DEC,2024,10,0.17000000
2026-10-05,13821,Americana 5-Ipe,CPFL-PAULISTA,33050196000188,NumCon,2024,3,28328.00000000
2026-10-05,13457,ARTUR NOGUEIRA,ELEKTRO,02328280000197,NumCon,2024,3,32676.00000000
2026-10-05,13833,Sumare 2-Tres M,CPFL-PAULISTA,33050196000188,NumCon,2024,4,16713.00000000
2026-10-05,13540,MOGI MIRIM UM,ELEKTRO,02328280000197,NumCon,2024,4,29772.00000000
2026-10-05,13830,Sumare 1,CPFL-PAULISTA,33050196000188,DEC,2024,3,0.33000000
2026-10-05,13457,ARTUR NOGUEIRA,ELEKTRO,02328280000197,DEC,2024,8,0.92000000
2026-10-05,13810,Campinas 12-Cidade Jardim,CPFL-PAULISTA,33050196000188,DEC,2024,12,0.31000000
2026-10-05,13843,Piracicaba 4-Unileste,CPFL-PAULISTA,33050196000188,FEC,2024,9,0.19000000
2026-10-05,13835,Sumare 3-Quilombo,CPFL-PAULISTA,33050196000188,DEC,2024,6,0.21000000
2026-10-05,13821,Americana 5-Ipe,CPFL-PAULISTA,33050196000188,NumCon,2024,12,28808.00000000
2026-10-05,13457,ARTUR NOGUEIRA,ELEKTRO,02328280000197,NumCon,2024,7,32949.00000000
2026-10-05,13813,Campinas 16-Jardim Marajo,CPFL-PAULISTA,33050196000188,DEC,2024,8,0.37000000
2026-10-05,13843,Piracicaba 4-Unileste,CPFL-PAULISTA,33050196000188,NumCon,2024,12,15836.00000000
2026-10-05,13832,Sumare 6-Orquidea,CPFL-PAULISTA,33050196000188,DEC,2024,10,0.24000000
2026-10-05,13821,Americana 5-Ipe,CPFL-PAULISTA,33050196000188,NumCon,2024,8,28868.00000000
2026-10-05,13810,Campinas 12-Cidade Jardim,CPFL-PAULISTA,33050196000188,DEC,2024,2,0.26000000
2026-10-05,13820,Cosmopolis 1,CPFL-PAULISTA,33050196000188,FEC,2024,5,0.09000000
2026-10-05,13821,Americana 5-Ipe,CPFL-PAULISTA,33050196000188,DEC,2024,8,0.35000000
2026-10-05,13819,Paulinia 1,CPFL-PAULISTA,33050196000188,DEC,2024,8,0.30000000
2026-10-05,13832,Sumare 6-Orquidea,CPFL-PAULISTA,33050196000188,DEC,2024,2,0.22000000
2026-10-05,13840,Capivari 1,CPFL-PAULISTA,33050196000188,FEC,2024,12,0.16000000
2026-10-05,13834,Sumare 4-Nova Aparecida,CPFL-PAULISTA,33050196000188,DEC,2024,1,0.35000000
2026-10-05,13793,Nova Odessa 1,CPFL-PAULISTA,33050196000188,NumCon,2024,9,20300.00000000
2026-10-05,13841,Rio das Pedras 1,CPFL-PAULISTA,33050196000188,NumCon,2024,10,13031.00000000
2026-10-05,13820,Cosmopolis 1,CPFL-PAULISTA,33050196000188,DEC,2024,12,0.26000000
2026-10-05,13810,Campinas 12-Cidade Jardim,CPFL-PAULISTA,33050196000188,DEC,2024,1,0.44000000
2026-10-05,13833,Sumare 2-Tres M,CPFL-PAULISTA,33050196000188,NumCon,2024,6,16808.00000000
2026-10-05,13818,Paulinia 2-Morumbi,CPFL-PAULISTA,33050196000188,DEC,2024,8,0.14000000
2026-10-05,13820,Cosmopolis 1,CPFL-PAULISTA,33050196000188,FEC,2024,6,0.02000000
2026-10-05,13840,Capivari 1,CPFL-PAULISTA,33050196000188,FEC,2024,6,0.14000000
2026-10-05,13821,Americana 5-Ipe,CPFL-PAULISTA,33050196000188,DEC,2024,1,0.35000000
2026-10-05,13820,Cosmopolis 1,CPFL-PAULISTA,33050196000188,DEC,2024,4,0.09000000
2026-10-05,13540,MOGI MIRIM UM,ELEKTRO,02328280000197,NumCon,2024,12,29853.00000000
2026-10-05,13820,Cosmopolis 1,CPFL-PAULISTA,33050196000188,FEC,2024,12,0.25000000
2026-10-05,13843,Piracicaba 4-Unileste,CPFL-PAULISTA,33050196000188,FEC,2024,12,0.19000000
2026-10-05,16464,Valinhos 2-Figueira,CPFL-PAULISTA,33050196000188,NumCon,2024,1,22912.00000000
2026-10-05,13806,Campinas 8-Viracopos,CPFL-PAULISTA,33050196000188,DEC,2024,1,0.63000000
2026-10-05,16464,Valinhos 2-Figueira,CPFL-PAULISTA,33050196000188,NumCon,2024,5,24589.00000000
2026-10-05,13843,Piracicaba 4-Unileste,CPFL-PAULISTA,33050196000188,FEC,2024,5,0.19000000
2026-10-05,13457,ARTUR NOGUEIRA,ELEKTRO,02328280000197,NumCon,2024,11,33248.00000000
2026-10-05,13802,Valinhos 1,CPFL-PAULISTA,33050196000188,DEC,2024,1,1.06000000
2026-10-05,13822,Americana 2-Campo Verde,CPFL-PAULISTA,33050196000188,NumCon,2024,11,30395.00000000
2026-10-05,13840,Capivari 1,CPFL-PAULISTA,33050196000188,FEC,2024,8,0.33000000
2026-10-05,13817,Campinas 11-Barao Geraldo,CPFL-PAULISTA,33050196000188,DEC,2024,6,1.67000000
2026-10-05,13833,Sumare 2-Tres M,CPFL-PAULISTA,33050196000188,NumCon,2024,9,16839.00000000
2026-10-05,13822,Americana 2-Campo Verde,CPFL-PAULISTA,33050196000188,NumCon,2024,3,30040.00000000
2026-10-05,13540,MOGI MIRIM UM,ELEKTRO,02328280000197,NumCon,2024,1,29651.00000000
2026-10-05,13835,Sumare 3-Quilombo,CPFL-PAULISTA,33050196000188,FEC,2024,2,0.19000000
2026-10-05,13833,Sumare 2-Tres M,CPFL-PAULISTA,33050196000188,NumCon,2024,12,17004.00000000
2026-10-05,13843,Piracicaba 4-Unileste,CPFL-PAULISTA,33050196000188,NumCon,2024,7,15436.00000000
2026-10-05,13840,Capivari 1,CPFL-PAULISTA,33050196000188,FEC,2024,3,0.58000000
2026-10-05,13810,Campinas 12-Cidade Jardim,CPFL-PAULISTA,33050196000188,DEC,2024,4,0.16000000
2026-10-05,13817,Campinas 11-Barao Geraldo,CPFL-PAULISTA,33050196000188,DEC,2024,4,0.12000000
2026-10-05,13818,Paulinia 2-Morumbi,CPFL-PAULISTA,33050196000188,FEC,2024,9,0.07000000
2026-10-05,16464,Valinhos 2-Figueira,CPFL-PAULISTA,33050196000188,DEC,2024,10,0.41000000
2026-10-05,16452,Monte Mor 1,CPFL-PAULISTA,33050196000188,NumCon,2024,11,35499.00000000
2026-10-05,13832,Sumare 6-Orquidea,CPFL-PAULISTA,33050196000188,DEC,2024,4,0.28000000
2026-10-05,13834,Sumare 4-Nova Aparecida,CPFL-PAULISTA,33050196000188,DEC,2024,5,0.34000000
2026-10-05,13817,Campinas 11-Barao Geraldo,CPFL-PAULISTA,33050196000188,DEC,2024,2,0.28000000
2026-10-05,13835,Sumare 3-Quilombo,CPFL-PAULISTA,33050196000188,FEC,2024,7,0.21000000
2026-10-05,16464,Valinhos 2-Figueira,CPFL-PAULISTA,33050196000188,NumCon,2024,8,23811.00000000
2026-10-05,13840,Capivari 1,CPFL-PAULISTA,33050196000188,FEC,2024,7,0.06000000
2026-10-05,13821,Americana 5-Ipe,CPFL-PAULISTA,33050196000188,DEC,2024,11,0.43000000
2026-10-05,13817,Campinas 11-Barao Geraldo,CPFL-PAULISTA,33050196000188,DEC,2024,1,0.73000000
2026-10-05,13540,MOGI MIRIM UM,ELEKTRO,02328280000197,NumCon,2024,9,29935.00000000
2026-10-05,13561,VINHEDO,CPFL-PIRATINING,04172213000151,DEC,2024,2,0.47000000
2026-10-05,13561,VINHEDO,CPFL-PIRATINING,04172213000151,DEC,2024,1,0.87000000
2026-10-05,16464,Valinhos 2-Figueira,CPFL-PAULISTA,33050196000188,NumCon,2024,2,23762.00000000
2026-10-05,13833,Sumare 2-Tres M,CPFL-PAULISTA,33050196000188,FEC,2024,2,0.11000000
2026-10-05,13563,VINHEDO 2 - MARAMBAIA,CPFL-PIRATINING,04172213000151,DEC,2024,9,0.94000000
2026-10-05,15877,PORTO GOES,CPFL-PIRATINING,04172213000151,NumCon,2024,9,65794.00000000
2026-10-05,13561,VINHEDO,CPFL-PIRATINING,04172213000151,DEC,2024,4,0.43000000
2026-10-05,13561,VINHEDO,CPFL-PIRATINING,04172213000151,DEC,2024,7,0.55000000
2026-10-05,16665,INDAIATUBA 2 - MORADA DO SOL,CPFL-PIRATINING,04172213000151,DEC,2024,4,0.13000000
2026-10-05,13503,LOUVEIRA,CPFL-PIRATINING,04172213000151,DEC,2024,11,0.93000000
2026-10-05,15877,PORTO GOES,CPFL-PIRATINING,04172213000151,NumCon,2024,3,63667.00000000
2026-10-05,13561,VINHEDO,CPFL-PIRATINING,04172213000151,DEC,2024,9,0.50000000
2026-10-05,13563,VINHEDO 2 - MARAMBAIA,CPFL-PIRATINING,04172213000151,DEC,2024,1,0.76000000
2026-10-05,13563,VINHEDO 2 - MARAMBAIA,CPFL-PIRATINING,04172213000151,DEC,2024,5,0.15000000
2026-10-05,13497,ITUPEVA,CPFL-PIRATINING,04172213000151,NumCon,2024,3,36204.00000000
2026-10-05,15877,PORTO GOES,CPFL-PIRATINING,04172213000151,NumCon,2024,6,65469.00000000
2026-10-05,13561,VINHEDO,CPFL-PIRATINING,04172213000151,DEC,2024,8,0.44000000
2026-10-05,15877,PORTO GOES,CPFL-PIRATINING,04172213000151,NumCon,2024,12,66221.00000000
2026-10-05,13563,VINHEDO 2 - MARAMBAIA,CPFL-PIRATINING,04172213000151,DEC,2024,4,0.32000000
2026-10-05,13561,VINHEDO,CPFL-PIRATINING,04172213000151,DEC,2024,10,0.42000000
2026-10-05,15877,PORTO GOES,CPFL-PIRATINING,04172213000151,NumCon,2024,10,65938.00000000
2026-10-05,15877,PORTO GOES,CPFL-PIRATINING,04172213000151,NumCon,2024,5,64595.00000000
2026-10-05,16665,INDAIATUBA 2 - MORADA DO SOL,CPFL-PIRATINING,04172213000151,DEC,2024,5,0.34000000
2026-10-05,13563,VINHEDO 2 - MARAMBAIA,CPFL-PIRATINING,04172213000151,DEC,2024,6,0.23000000
2026-10-05,15877,PORTO GOES,CPFL-PIRATINING,04172213000151,DEC,2024,5,0.14000000
2026-10-05,16665,INDAIATUBA 2 - MORADA DO SOL,CPFL-PIRATINING,04172213000151,NumCon,2024,10,69754.00000000
2026-10-05,15877,PORTO GOES,CPFL-PIRATINING,04172213000151,NumCon,2024,4,64470.00000000
2026-10-05,13497,ITUPEVA,CPFL-PIRATINING,04172213000151,DEC,2024,7,0.31000000
2026-10-05,15877,PORTO GOES,CPFL-PIRATINING,04172213000151,NumCon,2024,8,65600.00000000
2026-10-05,15877,PORTO GOES,CPFL-PIRATINING,04172213000151,NumCon,2024,1,63940.00000000
2026-10-05,16665,INDAIATUBA 2 - MORADA DO SOL,CPFL-PIRATINING,04172213000151,NumCon,2024,12,69978.00000000
2026-10-05,16665,INDAIATUBA 2 - MORADA DO SOL,CPFL-PIRATINING,04172213000151,DEC,2024,7,0.50000000
2026-10-05,13563,VINHEDO 2 - MARAMBAIA,CPFL-PIRATINING,04172213000151,DEC,2024,3,0.68000000
2026-10-05,16665,INDAIATUBA 2 - MORADA DO SOL,CPFL-PIRATINING,04172213000151,DEC,2024,2,0.32000000
2026-10-05,15877,PORTO GOES,CPFL-PIRATINING,04172213000151,NumCon,2024,2,64234.00000000
2026-10-05,15877,PORTO GOES,CPFL-PIRATINING,04172213000151,NumCon,2024,7,65467.00000000
2026-10-05,16665,INDAIATUBA 2 - MORADA DO SOL,CPFL-PIRATINING,04172213000151,DEC,2024,1,0.44000000
2026-10-05,13497,ITUPEVA,CPFL-PIRATINING,04172213000151,DEC,2024,8,0.32000000
2026-10-05,16665,INDAIATUBA 2 - MORADA DO SOL,CPFL-PIRATINING,04172213000151,DEC,2024,11,0.17000000
2026-10-05,13563,VINHEDO 2 - MARAMBAIA,CPFL-PIRATINING,04172213000151,DEC,2024,7,0.29000000
2026-10-05,16665,INDAIATUBA 2 - MORADA DO SOL,CPFL-PIRATINING,04172213000151,DEC,2024,6,0.19000000
2026-10-05,13491,INDAIATUBA,CPFL-PIRATINING,04172213000151,DEC,2024,10,0.55000000
2026-10-05,13561,VINHEDO,CPFL-PIRATINING,04172213000151,DEC,2024,6,0.18000000
2026-10-05,13491,INDAIATUBA,CPFL-PIRATINING,04172213000151,DEC,2024,1,0.77000000
2026-10-05,15877,PORTO GOES,CPFL-PIRATINING,04172213000151,DEC,2024,3,0.27000000
2026-10-05,16665,INDAIATUBA 2 - MORADA DO SOL,CPFL-PIRATINING,04172213000151,DEC,2024,8,0.36000000
2026-10-05,13491,INDAIATUBA,CPFL-PIRATINING,04172213000151,DEC,2024,9,0.31000000
2026-10-05,13497,ITUPEVA,CPFL-PIRATINING,04172213000151,NumCon,2024,1,34793.00000000
2026-10-05,13561,VINHEDO,CPFL-PIRATINING,04172213000151,DEC,2024,12,0.40000000
2026-10-05,13491,INDAIATUBA,CPFL-PIRATINING,04172213000151,DEC,2024,8,0.48000000
2026-10-05,13561,VINHEDO,CPFL-PIRATINING,04172213000151,DEC,2024,11,0.35000000
2026-10-05,16665,INDAIATUBA 2 - MORADA DO SOL,CPFL-PIRATINING,04172213000151,DEC,2024,9,0.42000000
2026-10-05,13491,INDAIATUBA,CPFL-PIRATINING,04172213000151,DEC,2024,4,0.37000000
2026-10-05,13497,ITUPEVA,CPFL-PIRATINING,04172213000151,DEC,2024,10,0.31000000
2026-10-05,13491,INDAIATUBA,CPFL-PIRATINING,04172213000151,DEC,2024,11,0.36000000
2026-10-05,13563,VINHEDO 2 - MARAMBAIA,CPFL-PIRATINING,04172213000151,DEC,2024,8,0.55000000
2026-10-05,16665,INDAIATUBA 2 - MORADA DO SOL,CPFL-PIRATINING,04172213000151,DEC,2024,12,0.46000000
2026-10-05,13491,INDAIATUBA,CPFL-PIRATINING,04172213000151,DEC,2024,5,0.37000000
2026-10-05,13561,VINHEDO,CPFL-PIRATINING,04172213000151,DEC,2024,5,0.35000000
2026-10-05,13563,VINHEDO 2 - MARAMBAIA,CPFL-PIRATINING,04172213000151,DEC,2024,10,0.58000000
2026-10-05,13497,ITUPEVA,CPFL-PIRATINING,04172213000151,NumCon,2024,11,37905.00000000
2026-10-05,15877,PORTO GOES,CPFL-PIRATINING,04172213000151,FEC,2024,12,0.17000000
2026-10-05,13491,INDAIATUBA,CPFL-PIRATINING,04172213000151,DEC,2024,3,0.66000000
2026-10-05,15877,PORTO GOES,CPFL-PIRATINING,04172213000151,NumCon,2024,11,66083.00000000
2026-10-05,13491,INDAIATUBA,CPFL-PIRATINING,04172213000151,DEC,2024,2,0.32000000
2026-10-05,16665,INDAIATUBA 2 - MORADA DO SOL,CPFL-PIRATINING,04172213000151,DEC,2024,10,0.43000000
2026-10-05,13497,ITUPEVA,CPFL-PIRATINING,04172213000151,DEC,2024,9,0.19000000
2026-10-05,13563,VINHEDO 2 - MARAMBAIA,CPFL-PIRATINING,04172213000151,DEC,2024,12,0.11000000
2026-10-05,16665,INDAIATUBA 2 - MORADA DO SOL,CPFL-PIRATINING,04172213000151,DEC,2024,3,0.22000000
2026-10-05,16665,INDAIATUBA 2 - MORADA DO SOL,CPFL-PIRATINING,04172213000151,NumCon,2024,1,63899.00000000
2026-10-05,13561,VINHEDO,CPFL-PIRATINING,04172213000151,DEC,2024,3,0.84000000
2026-10-05,16665,INDAIATUBA 2 - MORADA DO SOL,CPFL-PIRATINING,04172213000151,NumCon,2024,6,68471.00000000
2026-10-05,13563,VINHEDO 2 - MARAMBAIA,CPFL-PIRATINING,04172213000151,DEC,2024,2,0.29000000
2026-10-05,15877,PORTO GOES,CPFL-PIRATINING,04172213000151,DEC,2024,7,0.19000000
2026-10-05,13491,INDAIATUBA,CPFL-PIRATINING,04172213000151,DEC,2024,7,0.42000000
2026-10-05,16665,INDAIATUBA 2 - MORADA DO SOL,CPFL-PIRATINING,04172213000151,FEC,2024,12,0.69000000
2026-10-05,16665,INDAIATUBA 2 - MORADA DO SOL,CPFL-PIRATINING,04172213000151,FEC,2024,5,0.26000000
2026-10-05,13563,VINHEDO 2 - MARAMBAIA,CPFL-PIRATINING,04172213000151,NumCon,2024,5,20267.00000000
2026-10-05,13563,VINHEDO 2 - MARAMBAIA,CPFL-PIRATINING,04172213000151,NumCon,2024,10,20921.00000000
2026-10-05,16665,INDAIATUBA 2 - MORADA DO SOL,CPFL-PIRATINING,04172213000151,FEC,2024,11,0.31000000
2026-10-05,13563,VINHEDO 2 - MARAMBAIA,CPFL-PIRATINING,04172213000151,NumCon,2024,12,20939.00000000
2026-10-05,13563,VINHEDO 2 - MARAMBAIA,CPFL-PIRATINING,04172213000151,NumCon,2024,8,20775.00000000
2026-10-05,13563,VINHEDO 2 - MARAMBAIA,CPFL-PIRATINING,04172213000151,NumCon,2024,7,20770.00000000
2026-10-05,13563,VINHEDO 2 - MARAMBAIA,CPFL-PIRATINING,04172213000151,NumCon,2024,2,20252.00000000
2026-10-05,13563,VINHEDO 2 - MARAMBAIA,CPFL-PIRATINING,04172213000151,NumCon,2024,9,20616.00000000
2026-10-05,13563,VINHEDO 2 - MARAMBAIA,CPFL-PIRATINING,04172213000151,NumCon,2024,4,20180.00000000
2026-10-05,13563,VINHEDO 2 - MARAMBAIA,CPFL-PIRATINING,04172213000151,NumCon,2024,3,20152.00000000
2026-10-05,15877,PORTO GOES,CPFL-PIRATINING,04172213000151,DEC,2024,12,0.31000000
2026-10-05,13563,VINHEDO 2 - MARAMBAIA,CPFL-PIRATINING,04172213000151,NumCon,2024,11,20855.00000000
2026-10-05,16665,INDAIATUBA 2 - MORADA DO SOL,CPFL-PIRATINING,04172213000151,FEC,2024,6,0.09000000
2026-10-05,13491,INDAIATUBA,CPFL-PIRATINING,04172213000151,NumCon,2024,5,51289.00000000
2026-10-05,15877,PORTO GOES,CPFL-PIRATINING,04172213000151,DEC,2024,6,0.27000000
2026-10-05,16665,INDAIATUBA 2 - MORADA DO SOL,CPFL-PIRATINING,04172213000151,FEC,2024,2,0.17000000
2026-10-05,16665,INDAIATUBA 2 - MORADA DO SOL,CPFL-PIRATINING,04172213000151,FEC,2024,7,0.28000000
2026-10-05,13491,INDAIATUBA,CPFL-PIRATINING,04172213000151,FEC,2024,8,0.30000000
2026-10-05,15877,PORTO GOES,CPFL-PIRATINING,04172213000151,DEC,2024,1,0.77000000
2026-10-05,16665,INDAIATUBA 2 - MORADA DO SOL,CPFL-PIRATINING,04172213000151,FEC,2024,8,0.32000000
2026-10-05,13491,INDAIATUBA,CPFL-PIRATINING,04172213000151,FEC,2024,3,0.58000000
2026-10-05,13491,INDAIATUBA,CPFL-PIRATINING,04172213000151,FEC,2024,12,0.31000000
2026-10-05,16665,INDAIATUBA 2 - MORADA DO SOL,CPFL-PIRATINING,04172213000151,FEC,2024,1,0.22000000
2026-10-05,16665,INDAIATUBA 2 - MORADA DO SOL,CPFL-PIRATINING,04172213000151,FEC,2024,10,0.57000000
2026-10-05,13491,INDAIATUBA,CPFL-PIRATINING,04172213000151,NumCon,2024,4,53003.00000000
2026-10-05,16665,INDAIATUBA 2 - MORADA DO SOL,CPFL-PIRATINING,04172213000151,FEC,2024,9,0.62000000
2026-10-05,13503,LOUVEIRA,CPFL-PIRATINING,04172213000151,DEC,2024,12,0.85000000
2026-10-05,15877,PORTO GOES,CPFL-PIRATINING,04172213000151,DEC,2024,2,0.53000000
2026-10-05,13563,VINHEDO 2 - MARAMBAIA,CPFL-PIRATINING,04172213000151,NumCon,2024,6,20730.00000000
2026-10-05,13497,ITUPEVA,CPFL-PIRATINING,04172213000151,DEC,2024,12,0.35000000
2026-10-05,13491,INDAIATUBA,CPFL-PIRATINING,04172213000151,FEC,2024,4,0.26000000
2026-10-05,13503,LOUVEIRA,CPFL-PIRATINING,04172213000151,FEC,2024,9,0.14000000
2026-10-05,15877,PORTO GOES,CPFL-PIRATINING,04172213000151,DEC,2024,9,0.35000000
2026-10-05,13503,LOUVEIRA,CPFL-PIRATINING,04172213000151,FEC,2024,10,0.33000000
2026-10-05,13491,INDAIATUBA,CPFL-PIRATINING,04172213000151,FEC,2024,6,0.17000000
2026-10-05,13491,INDAIATUBA,CPFL-PIRATINING,04172213000151,NumCon,2024,9,52863.00000000
2026-10-05,13503,LOUVEIRA,CPFL-PIRATINING,04172213000151,FEC,2024,1,0.78000000
2026-10-05,13491,INDAIATUBA,CPFL-PIRATINING,04172213000151,NumCon,2024,3,50811.00000000
2026-10-05,13563,VINHEDO 2 - MARAMBAIA,CPFL-PIRATINING,04172213000151,NumCon,2024,1,19192.00000000
2026-10-05,13491,INDAIATUBA,CPFL-PIRATINING,04172213000151,FEC,2024,9,0.11000000
2026-10-05,13503,LOUVEIRA,CPFL-PIRATINING,04172213000151,FEC,2024,6,0.37000000
2026-10-05,15877,PORTO GOES,CPFL-PIRATINING,04172213000151,DEC,2024,10,0.49000000
2026-10-05,13491,INDAIATUBA,CPFL-PIRATINING,04172213000151,NumCon,2024,12,53258.00000000
2026-10-05,13491,INDAIATUBA,CPFL-PIRATINING,04172213000151,FEC,2024,10,0.47000000
2026-10-05,13503,LOUVEIRA,CPFL-PIRATINING,04172213000151,FEC,2024,4,0.25000000
2026-10-05,13503,LOUVEIRA,CPFL-PIRATINING,04172213000151,FEC,2024,7,1.09000000
2026-10-05,13503,LOUVEIRA,CPFL-PIRATINING,04172213000151,FEC,2024,3,0.52000000
2026-10-05,13491,INDAIATUBA,CPFL-PIRATINING,04172213000151,NumCon,2024,7,52569.00000000
2026-10-05,13491,INDAIATUBA,CPFL-PIRATINING,04172213000151,NumCon,2024,2,50993.00000000
2026-10-05,13503,LOUVEIRA,CPFL-PIRATINING,04172213000151,FEC,2024,12,0.45000000
2026-10-05,13491,INDAIATUBA,CPFL-PIRATINING,04172213000151,NumCon,2024,8,52684.00000000
2026-10-05,13503,LOUVEIRA,CPFL-PIRATINING,04172213000151,FEC,2024,2,1.50000000
2026-10-05,13503,LOUVEIRA,CPFL-PIRATINING,04172213000151,FEC,2024,11,0.49000000
2026-10-05,15877,PORTO GOES,CPFL-PIRATINING,04172213000151,DEC,2024,11,0.51000000
2026-10-05,13491,INDAIATUBA,CPFL-PIRATINING,04172213000151,FEC,2024,11,0.25000000
2026-10-05,13503,LOUVEIRA,CPFL-PIRATINING,04172213000151,FEC,2024,5,0.33000000
2026-10-05,13503,LOUVEIRA,CPFL-PIRATINING,04172213000151,FEC,2024,8,0.29000000
2026-10-05,13491,INDAIATUBA,CPFL-PIRATINING,04172213000151,NumCon,2024,10,53031.00000000
2026-10-05,13491,INDAIATUBA,CPFL-PIRATINING,04172213000151,FEC,2024,2,0.16000000
2026-10-05,15877,PORTO GOES,CPFL-PIRATINING,04172213000151,DEC,2024,8,0.43000000
2026-10-05,13491,INDAIATUBA,CPFL-PIRATINING,04172213000151,NumCon,2024,11,53155.00000000
2026-10-05,13491,INDAIATUBA,CPFL-PIRATINING,04172213000151,FEC,2024,1,0.39000000
2026-10-05,13497,ITUPEVA,CPFL-PIRATINING,04172213000151,NumCon,2024,5,37659.00000000
2026-10-05,13497,ITUPEVA,CPFL-PIRATINING,04172213000151,DEC,2024,4,0.60000000
2026-10-05,13497,ITUPEVA,CPFL-PIRATINING,04172213000151,NumCon,2024,10,37892.00000000
2026-10-05,13503,LOUVEIRA,CPFL-PIRATINING,04172213000151,DEC,2024,7,0.55000000
2026-10-05,13503,LOUVEIRA,CPFL-PIRATINING,04172213000151,DEC,2024,2,0.91000000
2026-10-05,13491,INDAIATUBA,CPFL-PIRATINING,04172213000151,FEC,2024,7,0.16000000
2026-10-05,13497,ITUPEVA,CPFL-PIRATINING,04172213000151,DEC,2024,11,0.41000000
2026-10-05,13503,LOUVEIRA,CPFL-PIRATINING,04172213000151,DEC,2024,3,0.89000000
2026-10-05,13497,ITUPEVA,CPFL-PIRATINING,04172213000151,NumCon,2024,4,35924.00000000
2026-10-05,13497,ITUPEVA,CPFL-PIRATINING,04172213000151,DEC,2024,5,0.28000000
2026-10-05,13497,ITUPEVA,CPFL-PIRATINING,04172213000151,NumCon,2024,8,37613.00000000
2026-10-05,13497,ITUPEVA,CPFL-PIRATINING,04172213000151,NumCon,2024,9,37855.00000000
2026-10-05,13503,LOUVEIRA,CPFL-PIRATINING,04172213000151,DEC,2024,4,0.50000000
2026-10-05,13563,VINHEDO 2 - MARAMBAIA,CPFL-PIRATINING,04172213000151,DEC,2024,11,0.26000000
2026-10-05,13503,LOUVEIRA,CPFL-PIRATINING,04172213000151,DEC,2024,5,0.69000000
2026-10-05,13491,INDAIATUBA,CPFL-PIRATINING,04172213000151,FEC,2024,5,0.14000000
2026-10-05,13491,INDAIATUBA,CPFL-PIRATINING,04172213000151,NumCon,2024,1,49860.00000000
2026-10-05,13503,LOUVEIRA,CPFL-PIRATINING,04172213000151,DEC,2024,9,0.32000000
2026-10-05,13503,LOUVEIRA,CPFL-PIRATINING,04172213000151,DEC,2024,8,0.79000000
2026-10-05,13497,ITUPEVA,CPFL-PIRATINING,04172213000151,NumCon,2024,12,37947.00000000
2026-10-05,13497,ITUPEVA,CPFL-PIRATINING,04172213000151,NumCon,2024,2,36454.00000000
2026-10-05,13497,ITUPEVA,CPFL-PIRATINING,04172213000151,NumCon,2024,7,37627.00000000
2026-10-05,13503,LOUVEIRA,CPFL-PIRATINING,04172213000151,DEC,2024,10,0.87000000
2026-10-05,13503,LOUVEIRA,CPFL-PIRATINING,04172213000151,DEC,2024,1,1.63000000
2026-10-05,13503,LOUVEIRA,CPFL-PIRATINING,04172213000151,DEC,2024,6,0.45000000
2026-10-05,13491,INDAIATUBA,CPFL-PIRATINING,04172213000151,NumCon,2024,6,52475.00000000
2026-10-05,16665,INDAIATUBA 2 - MORADA DO SOL,CPFL-PIRATINING,04172213000151,FEC,2024,4,0.10000000
2026-10-05,15877,PORTO GOES,CPFL-PIRATINING,04172213000151,DEC,2024,4,0.26000000
2026-10-05,13497,ITUPEVA,CPFL-PIRATINING,04172213000151,NumCon,2024,6,37583.00000000
2026-10-05,13491,INDAIATUBA,CPFL-PIRATINING,04172213000151,DEC,2024,6,0.36000000
2026-10-05,16665,INDAIATUBA 2 - MORADA DO SOL,CPFL-PIRATINING,04172213000151,FEC,2024,3,0.17000000
2026-10-05,13491,INDAIATUBA,CPFL-PIRATINING,04172213000151,DEC,2024,12,0.41000000
2026-10-05,15877,PORTO GOES,CPFL-PIRATINING,04172213000151,FEC,2024,2,0.39000000
2026-10-05,15877,PORTO GOES,CPFL-PIRATINING,04172213000151,FEC,2024,1,0.37000000
2026-10-05,15877,PORTO GOES,CPFL-PIRATINING,04172213000151,FEC,2024,6,0.14000000
2026-10-05,15877,PORTO GOES,CPFL-PIRATINING,04172213000151,FEC,2024,8,0.64000000
2026-10-05,15877,PORTO GOES,CPFL-PIRATINING,04172213000151,FEC,2024,3,0.15000000
2026-10-05,15877,PORTO GOES,CPFL-PIRATINING,04172213000151,FEC,2024,10,0.50000000
2026-10-05,13563,VINHEDO 2 - MARAMBAIA,CPFL-PIRATINING,04172213000151,FEC,2024,3,0.29000000
2026-10-05,15877,PORTO GOES,CPFL-PIRATINING,04172213000151,FEC,2024,5,0.06000000
2026-10-05,15877,PORTO GOES,CPFL-PIRATINING,04172213000151,FEC,2024,11,0.45000000
2026-10-05,15877,PORTO GOES,CPFL-PIRATINING,04172213000151,FEC,2024,7,0.21000000
2026-10-05,15877,PORTO GOES,CPFL-PIRATINING,04172213000151,FEC,2024,9,0.26000000
2026-10-05,13563,VINHEDO 2 - MARAMBAIA,CPFL-PIRATINING,04172213000151,FEC,2024,5,0.06000000
2026-10-05,15877,PORTO GOES,CPFL-PIRATINING,04172213000151,FEC,2024,4,0.28000000
2026-10-05,13497,ITUPEVA,CPFL-PIRATINING,04172213000151,FEC,2024,12,0.33000000
2026-10-05,13497,ITUPEVA,CPFL-PIRATINING,04172213000151,FEC,2024,4,0.43000000
2026-10-05,13497,ITUPEVA,CPFL-PIRATINING,04172213000151,FEC,2024,2,0.19000000
2026-10-05,13497,ITUPEVA,CPFL-PIRATINING,04172213000151,FEC,2024,11,0.32000000
2026-10-05,13497,ITUPEVA,CPFL-PIRATINING,04172213000151,FEC,2024,7,0.22000000
2026-10-05,13497,ITUPEVA,CPFL-PIRATINING,04172213000151,FEC,2024,3,1.36000000
2026-10-05,16665,INDAIATUBA 2 - MORADA DO SOL,CPFL-PIRATINING,04172213000151,NumCon,2024,5,69600.00000000
2026-10-05,16665,INDAIATUBA 2 - MORADA DO SOL,CPFL-PIRATINING,04172213000151,NumCon,2024,4,64986.00000000
2026-10-05,13497,ITUPEVA,CPFL-PIRATINING,04172213000151,DEC,2024,6,0.22000000
2026-10-05,13497,ITUPEVA,CPFL-PIRATINING,04172213000151,DEC,2024,1,0.80000000
2026-10-05,13497,ITUPEVA,CPFL-PIRATINING,04172213000151,DEC,2024,2,0.51000000
2026-10-05,13497,ITUPEVA,CPFL-PIRATINING,04172213000151,DEC,2024,3,1.59000000
2026-10-05,13563,VINHEDO 2 - MARAMBAIA,CPFL-PIRATINING,04172213000151,FEC,2024,9,0.63000000
2026-10-05,13563,VINHEDO 2 - MARAMBAIA,CPFL-PIRATINING,04172213000151,FEC,2024,10,0.33000000
2026-10-05,13563,VINHEDO 2 - MARAMBAIA,CPFL-PIRATINING,04172213000151,FEC,2024,6,0.10000000
2026-10-05,13563,VINHEDO 2 - MARAMBAIA,CPFL-PIRATINING,04172213000151,FEC,2024,1,0.43000000
2026-10-05,13561,VINHEDO,CPFL-PIRATINING,04172213000151,FEC,2024,3,0.35000000
2026-10-05,13563,VINHEDO 2 - MARAMBAIA,CPFL-PIRATINING,04172213000151,FEC,2024,7,0.16000000
2026-10-05,13563,VINHEDO 2 - MARAMBAIA,CPFL-PIRATINING,04172213000151,FEC,2024,8,0.19000000
2026-10-05,13563,VINHEDO 2 - MARAMBAIA,CPFL-PIRATINING,04172213000151,FEC,2024,12,0.28000000
2026-10-05,13563,VINHEDO 2 - MARAMBAIA,CPFL-PIRATINING,04172213000151,FEC,2024,4,0.22000000
2026-10-05,13561,VINHEDO,CPFL-PIRATINING,04172213000151,FEC,2024,5,0.14000000
2026-10-05,13563,VINHEDO 2 - MARAMBAIA,CPFL-PIRATINING,04172213000151,FEC,2024,11,0.12000000
2026-10-05,13563,VINHEDO 2 - MARAMBAIA,CPFL-PIRATINING,04172213000151,FEC,2024,2,0.19000000
2026-10-05,16665,INDAIATUBA 2 - MORADA DO SOL,CPFL-PIRATINING,04172213000151,NumCon,2024,9,69500.00000000
2026-10-05,13561,VINHEDO,CPFL-PIRATINING,04172213000151,FEC,2024,7,0.33000000
2026-10-05,13561,VINHEDO,CPFL-PIRATINING,04172213000151,FEC,2024,8,0.18000000
2026-10-05,13561,VINHEDO,CPFL-PIRATINING,04172213000151,FEC,2024,12,0.20000000
2026-10-05,13561,VINHEDO,CPFL-PIRATINING,04172213000151,FEC,2024,2,0.28000000
2026-10-05,13561,VINHEDO,CPFL-PIRATINING,04172213000151,FEC,2024,4,0.13000000
2026-10-05,13561,VINHEDO,CPFL-PIRATINING,04172213000151,FEC,2024,10,0.21000000
2026-10-05,13561,VINHEDO,CPFL-PIRATINING,04172213000151,FEC,2024,6,0.09000000
2026-10-05,13561,VINHEDO,CPFL-PIRATINING,04172213000151,FEC,2024,9,0.18000000
2026-10-05,16665,INDAIATUBA 2 - MORADA DO SOL,CPFL-PIRATINING,04172213000151,NumCon,2024,3,65951.00000000
2026-10-05,13561,VINHEDO,CPFL-PIRATINING,04172213000151,FEC,2024,11,0.14000000
2026-10-05,13561,VINHEDO,CPFL-PIRATINING,04172213000151,FEC,2024,1,0.36000000
2026-10-05,13497,ITUPEVA,CPFL-PIRATINING,04172213000151,FEC,2024,8,0.25000000
2026-10-05,13497,ITUPEVA,CPFL-PIRATINING,04172213000151,FEC,2024,5,0.12000000
2026-10-05,13497,ITUPEVA,CPFL-PIRATINING,04172213000151,FEC,2024,1,0.56000000
2026-10-05,16665,INDAIATUBA 2 - MORADA DO SOL,CPFL-PIRATINING,04172213000151,NumCon,2024,11,69766.00000000
2026-10-05,13497,ITUPEVA,CPFL-PIRATINING,04172213000151,FEC,2024,9,0.18000000
2026-10-05,16665,INDAIATUBA 2 - MORADA DO SOL,CPFL-PIRATINING,04172213000151,NumCon,2024,7,68689.00000000
2026-10-05,13497,ITUPEVA,CPFL-PIRATINING,04172213000151,FEC,2024,10,0.25000000
2026-10-05,13497,ITUPEVA,CPFL-PIRATINING,04172213000151,FEC,2024,6,0.12000000
2026-10-05,16665,INDAIATUBA 2 - MORADA DO SOL,CPFL-PIRATINING,04172213000151,NumCon,2024,8,69104.00000000
2026-10-05,13561,VINHEDO,CPFL-PIRATINING,04172213000151,NumCon,2024,9,24518.00000000
2026-10-05,13503,LOUVEIRA,CPFL-PIRATINING,04172213000151,NumCon,2024,2,14320.00000000
2026-10-05,13503,LOUVEIRA,CPFL-PIRATINING,04172213000151,NumCon,2024,8,14560.00000000
2026-10-05,13503,LOUVEIRA,CPFL-PIRATINING,04172213000151,NumCon,2024,7,14514.00000000
2026-10-05,13561,VINHEDO,CPFL-PIRATINING,04172213000151,NumCon,2024,4,23608.00000000
2026-10-05,16665,INDAIATUBA 2 - MORADA DO SOL,CPFL-PIRATINING,04172213000151,NumCon,2024,2,66406.00000000
2026-10-05,13561,VINHEDO,CPFL-PIRATINING,04172213000151,NumCon,2024,3,23392.00000000
2026-10-05,13503,LOUVEIRA,CPFL-PIRATINING,04172213000151,NumCon,2024,11,14633.00000000
2026-10-05,13561,VINHEDO,CPFL-PIRATINING,04172213000151,NumCon,2024,10,24532.00000000
2026-10-05,13561,VINHEDO,CPFL-PIRATINING,04172213000151,NumCon,2024,1,20897.00000000
2026-10-05,13503,LOUVEIRA,CPFL-PIRATINING,04172213000151,NumCon,2024,3,14276.00000000
2026-10-05,13561,VINHEDO,CPFL-PIRATINING,04172213000151,NumCon,2024,11,24518.00000000
2026-10-05,13561,VINHEDO,CPFL-PIRATINING,04172213000151,NumCon,2024,12,24614.00000000
2026-10-05,13503,LOUVEIRA,CPFL-PIRATINING,04172213000151,NumCon,2024,6,14528.00000000
2026-10-05,13561,VINHEDO,CPFL-PIRATINING,04172213000151,NumCon,2024,5,24214.00000000
2026-10-05,13503,LOUVEIRA,CPFL-PIRATINING,04172213000151,NumCon,2024,1,13366.00000000
2026-10-05,13503,LOUVEIRA,CPFL-PIRATINING,04172213000151,NumCon,2024,10,14596.00000000
2026-10-05,13503,LOUVEIRA,CPFL-PIRATINING,04172213000151,NumCon,2024,12,14628.00000000
2026-10-05,13561,VINHEDO,CPFL-PIRATINING,04172213000151,NumCon,2024,8,24453.00000000
2026-10-05,13561,VINHEDO,CPFL-PIRATINING,04172213000151,NumCon,2024,7,24448.00000000
2026-10-05,13503,LOUVEIRA,CPFL-PIRATINING,04172213000151,NumCon,2024,4,14341.00000000
2026-10-05,13503,LOUVEIRA,CPFL-PIRATINING,04172213000151,NumCon,2024,5,14434.00000000
2026-10-05,13561,VINHEDO,CPFL-PIRATINING,04172213000151,NumCon,2024,2,23921.00000000
2026-10-05,13503,LOUVEIRA,CPFL-PIRATINING,04172213000151,NumCon,2024,9,14527.00000000
2026-10-05,13561,VINHEDO,CPFL-PIRATINING,04172213000151,NumCon,2024,6,24380.00000000
2026-10-05,13491,INDAIATUBA,CPFL-PIRATINING,04172213000151,DEC,2025,1,0.68000000
2026-10-05,13491,INDAIATUBA,CPFL-PIRATINING,04172213000151,FEC,2025,8,0.15000000
2026-10-05,15877,PORTO GOES,CPFL-PIRATINING,04172213000151,DEC,2025,3,0.16000000
2026-10-05,15877,PORTO GOES,CPFL-PIRATINING,04172213000151,DEC,2025,10,0.66000000
2026-10-05,15877,PORTO GOES,CPFL-PIRATINING,04172213000151,DEC,2025,8,0.19000000
2026-10-05,15877,PORTO GOES,CPFL-PIRATINING,04172213000151,FEC,2025,1,0.70000000
2026-10-05,15877,PORTO GOES,CPFL-PIRATINING,04172213000151,FEC,2025,10,0.63000000
2026-10-05,15877,PORTO GOES,CPFL-PIRATINING,04172213000151,DEC,2025,6,0.40000000
2026-10-05,16722,CEMIRIM,CEMIRIM,52777034000190,DEC,2025,9,0.61000000
2026-10-05,15877,PORTO GOES,CPFL-PIRATINING,04172213000151,DEC,2025,9,0.37000000
2026-10-05,15877,PORTO GOES,CPFL-PIRATINING,04172213000151,DEC,2025,5,0.30000000
2026-10-05,13491,INDAIATUBA,CPFL-PIRATINING,04172213000151,FEC,2025,11,0.26000000
2026-10-05,13561,VINHEDO,CPFL-PIRATINING,04172213000151,DEC,2025,9,0.67000000
2026-10-05,13497,ITUPEVA,CPFL-PIRATINING,04172213000151,DEC,2025,12,1.09000000
2026-10-05,13491,INDAIATUBA,CPFL-PIRATINING,04172213000151,FEC,2025,10,0.24000000
2026-10-05,13563,VINHEDO 2 - MARAMBAIA,CPFL-PIRATINING,04172213000151,FEC,2025,6,0.23000000
2026-10-05,13561,VINHEDO,CPFL-PIRATINING,04172213000151,DEC,2025,10,0.37000000
2026-10-05,16722,CEMIRIM,CEMIRIM,52777034000190,DEC,2025,3,0.62000000
2026-10-05,13491,INDAIATUBA,CPFL-PIRATINING,04172213000151,DEC,2025,10,0.51000000
2026-10-05,16722,CEMIRIM,CEMIRIM,52777034000190,DEC,2025,10,0.25000000
2026-10-05,13563,VINHEDO 2 - MARAMBAIA,CPFL-PIRATINING,04172213000151,DEC,2025,7,0.75000000
2026-10-05,13491,INDAIATUBA,CPFL-PIRATINING,04172213000151,DEC,2025,7,0.42000000
2026-10-05,13561,VINHEDO,CPFL-PIRATINING,04172213000151,DEC,2025,8,0.25000000
2026-10-05,13497,ITUPEVA,CPFL-PIRATINING,04172213000151,DEC,2025,5,0.49000000
2026-10-05,15877,PORTO GOES,CPFL-PIRATINING,04172213000151,DEC,2025,12,0.25000000
2026-10-05,13561,VINHEDO,CPFL-PIRATINING,04172213000151,NumCon,2025,5,24730.00000000
2026-10-05,13491,INDAIATUBA,CPFL-PIRATINING,04172213000151,FEC,2025,9,0.15000000
2026-10-05,13563,VINHEDO 2 - MARAMBAIA,CPFL-PIRATINING,04172213000151,FEC,2025,11,0.12000000
2026-10-05,13497,ITUPEVA,CPFL-PIRATINING,04172213000151,DEC,2025,9,0.60000000
2026-10-05,16722,CEMIRIM,CEMIRIM,52777034000190,DEC,2025,7,0.33000000
2026-10-05,15877,PORTO GOES,CPFL-PIRATINING,04172213000151,DEC,2025,4,0.59000000
2026-10-05,13491,INDAIATUBA,CPFL-PIRATINING,04172213000151,FEC,2025,4,0.18000000
2026-10-05,15877,PORTO GOES,CPFL-PIRATINING,04172213000151,DEC,2025,11,0.42000000
2026-10-05,13497,ITUPEVA,CPFL-PIRATINING,04172213000151,DEC,2025,7,0.49000000
2026-10-05,13561,VINHEDO,CPFL-PIRATINING,04172213000151,FEC,2025,9,0.64000000
2026-10-05,16722,CEMIRIM,CEMIRIM,52777034000190,DEC,2025,2,0.56000000
2026-10-05,15877,PORTO GOES,CPFL-PIRATINING,04172213000151,DEC,2025,1,0.75000000
2026-10-05,13491,INDAIATUBA,CPFL-PIRATINING,04172213000151,FEC,2025,6,0.14000000
2026-10-05,13563,VINHEDO 2 - MARAMBAIA,CPFL-PIRATINING,04172213000151,FEC,2025,10,0.16000000
2026-10-05,13491,INDAIATUBA,CPFL-PIRATINING,04172213000151,FEC,2025,1,1.53000000
2026-10-05,13497,ITUPEVA,CPFL-PIRATINING,04172213000151,DEC,2025,3,0.48000000
2026-10-05,13491,INDAIATUBA,CPFL-PIRATINING,04172213000151,FEC,2025,7,0.12000000
2026-10-05,15877,PORTO GOES,CPFL-PIRATINING,04172213000151,DEC,2025,7,0.21000000
2026-10-05,13491,INDAIATUBA,CPFL-PIRATINING,04172213000151,FEC,2025,12,0.17000000
2026-10-05,13497,ITUPEVA,CPFL-PIRATINING,04172213000151,DEC,2025,4,0.66000000
2026-10-05,16722,CEMIRIM,CEMIRIM,52777034000190,DEC,2025,1,1.29000000
2026-10-05,13561,VINHEDO,CPFL-PIRATINING,04172213000151,FEC,2025,3,0.16000000
2026-10-05,16722,CEMIRIM,CEMIRIM,52777034000190,DEC,2025,11,0.41000000
2026-10-05,13563,VINHEDO 2 - MARAMBAIA,CPFL-PIRATINING,04172213000151,FEC,2025,12,0.14000000
2026-10-05,13497,ITUPEVA,CPFL-PIRATINING,04172213000151,DEC,2025,11,0.27000000
2026-10-05,13491,INDAIATUBA,CPFL-PIRATINING,04172213000151,FEC,2025,2,0.39000000
2026-10-05,13491,INDAIATUBA,CPFL-PIRATINING,04172213000151,FEC,2025,5,0.13000000
2026-10-05,16665,INDAIATUBA 2 - MORADA DO SOL,CPFL-PIRATINING,04172213000151,DEC,2025,2,0.22000000
2026-10-05,13561,VINHEDO,CPFL-PIRATINING,04172213000151,FEC,2025,1,0.17000000
2026-10-05,13561,VINHEDO,CPFL-PIRATINING,04172213000151,DEC,2025,3,0.38000000
2026-10-05,15877,PORTO GOES,CPFL-PIRATINING,04172213000151,DEC,2025,2,0.44000000
2026-10-05,16722,CEMIRIM,CEMIRIM,52777034000190,DEC,2025,5,0.53000000
2026-10-05,16722,CEMIRIM,CEMIRIM,52777034000190,FEC,2025,9,0.44000000
2026-10-05,16722,CEMIRIM,CEMIRIM,52777034000190,DEC,2025,8,1.80000000
2026-10-05,16722,CEMIRIM,CEMIRIM,52777034000190,FEC,2025,1,0.73000000
2026-10-05,16722,CEMIRIM,CEMIRIM,52777034000190,FEC,2025,8,0.83000000
2026-10-05,13561,VINHEDO,CPFL-PIRATINING,04172213000151,FEC,2025,2,0.11000000
2026-10-05,16722,CEMIRIM,CEMIRIM,52777034000190,DEC,2025,6,0.30000000
2026-10-05,13563,VINHEDO 2 - MARAMBAIA,CPFL-PIRATINING,04172213000151,FEC,2025,4,0.11000000
2026-10-05,16665,INDAIATUBA 2 - MORADA DO SOL,CPFL-PIRATINING,04172213000151,NumCon,2025,4,70873.00000000
2026-10-05,16722,CEMIRIM,CEMIRIM,52777034000190,FEC,2025,11,0.47000000
2026-10-05,16722,CEMIRIM,CEMIRIM,52777034000190,DEC,2025,12,0.76000000
2026-10-05,16722,CEMIRIM,CEMIRIM,52777034000190,FEC,2025,2,0.28000000
2026-10-05,16722,CEMIRIM,CEMIRIM,52777034000190,FEC,2025,7,0.33000000
2026-10-05,13563,VINHEDO 2 - MARAMBAIA,CPFL-PIRATINING,04172213000151,FEC,2025,5,0.14000000
2026-10-05,16722,CEMIRIM,CEMIRIM,52777034000190,FEC,2025,5,0.28000000
2026-10-05,16722,CEMIRIM,CEMIRIM,52777034000190,FEC,2025,3,0.35000000
2026-10-05,16665,INDAIATUBA 2 - MORADA DO SOL,CPFL-PIRATINING,04172213000151,NumCon,2025,8,71675.00000000
2026-10-05,15877,PORTO GOES,CPFL-PIRATINING,04172213000151,NumCon,2025,1,66316.00000000
2026-10-05,16722,CEMIRIM,CEMIRIM,52777034000190,FEC,2025,4,0.19000000
2026-10-05,16722,CEMIRIM,CEMIRIM,52777034000190,DEC,2025,4,0.34000000
2026-10-05,16665,INDAIATUBA 2 - MORADA DO SOL,CPFL-PIRATINING,04172213000151,DEC,2025,5,0.14000000
2026-10-05,16722,CEMIRIM,CEMIRIM,52777034000190,FEC,2025,6,0.20000000
2026-10-05,16722,CEMIRIM,CEMIRIM,52777034000190,FEC,2025,12,0.40000000
2026-10-05,16722,CEMIRIM,CEMIRIM,52777034000190,FEC,2025,10,0.21000000
2026-10-05,13563,VINHEDO 2 - MARAMBAIA,CPFL-PIRATINING,04172213000151,NumCon,2025,5,21146.00000000
2026-10-05,16722,CEMIRIM,CEMIRIM,52777034000190,NumCon,2025,1,17421.00000000
2026-10-05,16722,CEMIRIM,CEMIRIM,52777034000190,NumCon,2025,12,17942.00000000
2026-10-05,16722,CEMIRIM,CEMIRIM,52777034000190,NumCon,2025,8,17762.00000000
2026-10-05,16665,INDAIATUBA 2 - MORADA DO SOL,CPFL-PIRATINING,04172213000151,DEC,2025,8,0.22000000
2026-10-05,16722,CEMIRIM,CEMIRIM,52777034000190,NumCon,2025,10,17855.00000000
2026-10-05,13561,VINHEDO,CPFL-PIRATINING,04172213000151,FEC,2025,7,0.15000000
2026-10-05,16722,CEMIRIM,CEMIRIM,52777034000190,NumCon,2025,2,17448.00000000
2026-10-05,16722,CEMIRIM,CEMIRIM,52777034000190,NumCon,2025,7,17711.00000000
2026-10-05,16665,INDAIATUBA 2 - MORADA DO SOL,CPFL-PIRATINING,04172213000151,NumCon,2025,10,72053.00000000
2026-10-05,13561,VINHEDO,CPFL-PIRATINING,04172213000151,NumCon,2025,1,24638.00000000
2026-10-05,16722,CEMIRIM,CEMIRIM,52777034000190,NumCon,2025,5,17639.00000000
2026-10-05,13561,VINHEDO,CPFL-PIRATINING,04172213000151,DEC,2025,7,0.40000000
2026-10-05,13561,VINHEDO,CPFL-PIRATINING,04172213000151,NumCon,2025,9,24772.00000000
2026-10-05,16665,INDAIATUBA 2 - MORADA DO SOL,CPFL-PIRATINING,04172213000151,DEC,2025,4,0.36000000
2026-10-05,16722,CEMIRIM,CEMIRIM,52777034000190,NumCon,2025,6,17671.00000000
2026-10-05,16722,CEMIRIM,CEMIRIM,52777034000190,NumCon,2025,3,17517.00000000
2026-10-05,16722,CEMIRIM,CEMIRIM,52777034000190,NumCon,2025,11,17917.00000000
2026-10-05,16722,CEMIRIM,CEMIRIM,52777034000190,NumCon,2025,9,17822.00000000
2026-10-05,13561,VINHEDO,CPFL-PIRATINING,04172213000151,NumCon,2025,2,24637.00000000
2026-10-05,16665,INDAIATUBA 2 - MORADA DO SOL,CPFL-PIRATINING,04172213000151,DEC,2025,1,0.49000000
2026-10-05,16722,CEMIRIM,CEMIRIM,52777034000190,NumCon,2025,4,17608.00000000
2026-10-05,16665,INDAIATUBA 2 - MORADA DO SOL,CPFL-PIRATINING,04172213000151,DEC,2025,9,0.46000000
2026-10-05,13561,VINHEDO,CPFL-PIRATINING,04172213000151,DEC,2025,1,0.46000000
2026-10-05,16665,INDAIATUBA 2 - MORADA DO SOL,CPFL-PIRATINING,04172213000151,DEC,2025,6,0.17000000
2026-10-05,16665,INDAIATUBA 2 - MORADA DO SOL,CPFL-PIRATINING,04172213000151,DEC,2025,10,0.39000000
2026-10-05,13503,LOUVEIRA,CPFL-PIRATINING,04172213000151,FEC,2025,4,0.16000000
2026-10-05,13503,LOUVEIRA,CPFL-PIRATINING,04172213000151,FEC,2025,5,0.14000000
2026-10-05,13503,LOUVEIRA,CPFL-PIRATINING,04172213000151,FEC,2025,9,0.38000000
2026-10-05,13503,LOUVEIRA,CPFL-PIRATINING,04172213000151,FEC,2025,7,0.20000000
2026-10-05,13503,LOUVEIRA,CPFL-PIRATINING,04172213000151,FEC,2025,3,0.29000000
2026-10-05,13503,LOUVEIRA,CPFL-PIRATINING,04172213000151,FEC,2025,12,0.39000000
2026-10-05,13563,VINHEDO 2 - MARAMBAIA,CPFL-PIRATINING,04172213000151,NumCon,2025,1,21012.00000000
2026-10-05,13503,LOUVEIRA,CPFL-PIRATINING,04172213000151,FEC,2025,1,0.51000000
2026-10-05,13503,LOUVEIRA,CPFL-PIRATINING,04172213000151,FEC,2025,8,0.51000000
2026-10-05,16665,INDAIATUBA 2 - MORADA DO SOL,CPFL-PIRATINING,04172213000151,DEC,2025,7,0.13000000
2026-10-05,16665,INDAIATUBA 2 - MORADA DO SOL,CPFL-PIRATINING,04172213000151,DEC,2025,3,0.20000000
2026-10-05,13561,VINHEDO,CPFL-PIRATINING,04172213000151,NumCon,2025,11,24850.00000000
2026-10-05,13561,VINHEDO,CPFL-PIRATINING,04172213000151,NumCon,2025,12,24881.00000000
2026-10-05,13503,LOUVEIRA,CPFL-PIRATINING,04172213000151,FEC,2025,11,0.13000000
2026-10-05,13561,VINHEDO,CPFL-PIRATINING,04172213000151,NumCon,2025,6,24726.00000000
2026-10-05,13503,LOUVEIRA,CPFL-PIRATINING,04172213000151,FEC,2025,6,0.24000000
2026-10-05,13503,LOUVEIRA,CPFL-PIRATINING,04172213000151,FEC,2025,10,0.32000000
2026-10-05,13561,VINHEDO,CPFL-PIRATINING,04172213000151,DEC,2025,6,0.16000000
2026-10-05,15877,PORTO GOES,CPFL-PIRATINING,04172213000151,NumCon,2025,5,66636.00000000
2026-10-05,16665,INDAIATUBA 2 - MORADA DO SOL,CPFL-PIRATINING,04172213000151,NumCon,2025,3,70915.00000000
2026-10-05,16665,INDAIATUBA 2 - MORADA DO SOL,CPFL-PIRATINING,04172213000151,DEC,2025,11,0.37000000
2026-10-05,16665,INDAIATUBA 2 - MORADA DO SOL,CPFL-PIRATINING,04172213000151,NumCon,2025,7,71527.00000000
2026-10-05,13503,LOUVEIRA,CPFL-PIRATINING,04172213000151,FEC,2025,2,0.56000000
2026-10-05,13563,VINHEDO 2 - MARAMBAIA,CPFL-PIRATINING,04172213000151,NumCon,2025,11,21265.00000000
2026-10-05,13563,VINHEDO 2 - MARAMBAIA,CPFL-PIRATINING,04172213000151,NumCon,2025,12,21269.00000000
2026-10-05,13563,VINHEDO 2 - MARAMBAIA,CPFL-PIRATINING,04172213000151,NumCon,2025,6,21166.00000000
2026-10-05,13563,VINHEDO 2 - MARAMBAIA,CPFL-PIRATINING,04172213000151,NumCon,2025,2,20993.00000000
2026-10-05,16665,INDAIATUBA 2 - MORADA DO SOL,CPFL-PIRATINING,04172213000151,DEC,2025,12,0.48000000
2026-10-05,13503,LOUVEIRA,CPFL-PIRATINING,04172213000151,NumCon,2025,5,14818.00000000
2026-10-05,16665,INDAIATUBA 2 - MORADA DO SOL,CPFL-PIRATINING,04172213000151,NumCon,2025,1,70437.00000000
2026-10-05,16665,INDAIATUBA 2 - MORADA DO SOL,CPFL-PIRATINING,04172213000151,NumCon,2025,12,72417.00000000
2026-10-05,13503,LOUVEIRA,CPFL-PIRATINING,04172213000151,DEC,2025,7,0.41000000
2026-10-05,13563,VINHEDO 2 - MARAMBAIA,CPFL-PIRATINING,04172213000151,NumCon,2025,9,21007.00000000
2026-10-05,13497,ITUPEVA,CPFL-PIRATINING,04172213000151,NumCon,2025,9,38737.00000000
2026-10-05,13497,ITUPEVA,CPFL-PIRATINING,04172213000151,NumCon,2025,1,38059.00000000
2026-10-05,13497,ITUPEVA,CPFL-PIRATINING,04172213000151,NumCon,2025,5,38474.00000000
2026-10-05,13563,VINHEDO 2 - MARAMBAIA,CPFL-PIRATINING,04172213000151,FEC,2025,8,0.14000000
2026-10-05,13497,ITUPEVA,CPFL-PIRATINING,04172213000151,NumCon,2025,6,38527.00000000
2026-10-05,13561,VINHEDO,CPFL-PIRATINING,04172213000151,FEC,2025,4,0.33000000
2026-10-05,13503,LOUVEIRA,CPFL-PIRATINING,04172213000151,DEC,2025,4,0.43000000
2026-10-05,13503,LOUVEIRA,CPFL-PIRATINING,04172213000151,DEC,2025,6,0.43000000
2026-10-05,13503,LOUVEIRA,CPFL-PIRATINING,04172213000151,DEC,2025,11,0.51000000
2026-10-05,13503,LOUVEIRA,CPFL-PIRATINING,04172213000151,DEC,2025,5,0.30000000
2026-10-05,13802,Valinhos 1,CPFL-PAULISTA,33050196000188,DEC,2025,10,0.36000000
2026-10-05,13503,LOUVEIRA,CPFL-PIRATINING,04172213000151,NumCon,2025,3,14767.00000000
2026-10-05,13563,VINHEDO 2 - MARAMBAIA,CPFL-PIRATINING,04172213000151,FEC,2025,2,0.21000000
2026-10-05,16665,INDAIATUBA 2 - MORADA DO SOL,CPFL-PIRATINING,04172213000151,NumCon,2025,6,71332.00000000
2026-10-05,13820,Cosmopolis 1,CPFL-PAULISTA,33050196000188,FEC,2025,11,0.44000000
2026-10-05,13802,Valinhos 1,CPFL-PAULISTA,33050196000188,DEC,2025,9,0.19000000
2026-10-05,16665,INDAIATUBA 2 - MORADA DO SOL,CPFL-PIRATINING,04172213000151,NumCon,2025,9,71864.00000000
2026-10-05,13835,Sumare 3-Quilombo,CPFL-PAULISTA,33050196000188,FEC,2025,2,0.57000000
2026-10-05,13820,Cosmopolis 1,CPFL-PAULISTA,33050196000188,FEC,2025,2,0.44000000
2026-10-05,13503,LOUVEIRA,CPFL-PIRATINING,04172213000151,DEC,2025,8,0.93000000
2026-10-05,13503,LOUVEIRA,CPFL-PIRATINING,04172213000151,DEC,2025,2,0.87000000
2026-10-05,13503,LOUVEIRA,CPFL-PIRATINING,04172213000151,DEC,2025,10,0.94000000
2026-10-05,13835,Sumare 3-Quilombo,CPFL-PAULISTA,33050196000188,FEC,2025,6,0.71000000
2026-10-05,13503,LOUVEIRA,CPFL-PIRATINING,04172213000151,DEC,2025,1,0.92000000
2026-10-05,13802,Valinhos 1,CPFL-PAULISTA,33050196000188,DEC,2025,1,0.38000000
2026-10-05,13835,Sumare 3-Quilombo,CPFL-PAULISTA,33050196000188,FEC,2025,11,0.23000000
2026-10-05,13497,ITUPEVA,CPFL-PIRATINING,04172213000151,NumCon,2025,12,38906.00000000
2026-10-05,13497,ITUPEVA,CPFL-PIRATINING,04172213000151,NumCon,2025,11,38903.00000000
2026-10-05,13802,Valinhos 1,CPFL-PAULISTA,33050196000188,DEC,2025,5,0.21000000
2026-10-05,13820,Cosmopolis 1,CPFL-PAULISTA,33050196000188,FEC,2025,8,0.17000000
2026-10-05,13503,LOUVEIRA,CPFL-PIRATINING,04172213000151,NumCon,2025,1,14672.00000000
2026-10-05,13497,ITUPEVA,CPFL-PIRATINING,04172213000151,NumCon,2025,7,38562.00000000
2026-10-05,13497,ITUPEVA,CPFL-PIRATINING,04172213000151,NumCon,2025,2,37996.00000000
2026-10-05,13503,LOUVEIRA,CPFL-PIRATINING,04172213000151,DEC,2025,12,0.84000000
2026-10-05,13497,ITUPEVA,CPFL-PIRATINING,04172213000151,FEC,2025,4,0.39000000
2026-10-05,13802,Valinhos 1,CPFL-PAULISTA,33050196000188,DEC,2025,12,0.42000000
2026-10-05,13497,ITUPEVA,CPFL-PIRATINING,04172213000151,NumCon,2025,3,38201.00000000
2026-10-05,13835,Sumare 3-Quilombo,CPFL-PAULISTA,33050196000188,FEC,2025,3,0.41000000
2026-10-05,13497,ITUPEVA,CPFL-PIRATINING,04172213000151,NumCon,2025,4,38253.00000000
2026-10-05,13802,Valinhos 1,CPFL-PAULISTA,33050196000188,DEC,2025,7,0.25000000
2026-10-05,13497,ITUPEVA,CPFL-PIRATINING,04172213000151,NumCon,2025,8,38648.00000000
2026-10-05,13802,Valinhos 1,CPFL-PAULISTA,33050196000188,DEC,2025,2,0.35000000
2026-10-05,13497,ITUPEVA,CPFL-PIRATINING,04172213000151,NumCon,2025,10,38845.00000000
2026-10-05,13503,LOUVEIRA,CPFL-PIRATINING,04172213000151,DEC,2025,9,0.79000000
2026-10-05,13491,INDAIATUBA,CPFL-PIRATINING,04172213000151,NumCon,2025,9,54173.00000000
2026-10-05,13491,INDAIATUBA,CPFL-PIRATINING,04172213000151,NumCon,2025,1,53300.00000000
2026-10-05,13802,Valinhos 1,CPFL-PAULISTA,33050196000188,DEC,2025,11,0.18000000
2026-10-05,13491,INDAIATUBA,CPFL-PIRATINING,04172213000151,NumCon,2025,5,53793.00000000
2026-10-05,16665,INDAIATUBA 2 - MORADA DO SOL,CPFL-PIRATINING,04172213000151,NumCon,2025,11,72251.00000000
2026-10-05,13802,Valinhos 1,CPFL-PAULISTA,33050196000188,DEC,2025,3,0.51000000
2026-10-05,13491,INDAIATUBA,CPFL-PIRATINING,04172213000151,NumCon,2025,12,54984.00000000
2026-10-05,13832,Sumare 6-Orquidea,CPFL-PAULISTA,33050196000188,DEC,2025,6,0.17000000
2026-10-05,13491,INDAIATUBA,CPFL-PIRATINING,04172213000151,NumCon,2025,6,54052.00000000
2026-10-05,13820,Cosmopolis 1,CPFL-PAULISTA,33050196000188,FEC,2025,5,0.03000000
2026-10-05,13820,Cosmopolis 1,CPFL-PAULISTA,33050196000188,FEC,2025,7,0.23000000
2026-10-05,13491,INDAIATUBA,CPFL-PIRATINING,04172213000151,FEC,2025,3,0.25000000
2026-10-05,13491,INDAIATUBA,CPFL-PIRATINING,04172213000151,NumCon,2025,4,53741.00000000
2026-10-05,13491,INDAIATUBA,CPFL-PIRATINING,04172213000151,NumCon,2025,8,54218.00000000
2026-10-05,13491,INDAIATUBA,CPFL-PIRATINING,04172213000151,NumCon,2025,10,54431.00000000
2026-10-05,13820,Cosmopolis 1,CPFL-PAULISTA,33050196000188,FEC,2025,1,0.17000000
2026-10-05,13491,INDAIATUBA,CPFL-PIRATINING,04172213000151,NumCon,2025,7,54160.00000000
2026-10-05,13820,Cosmopolis 1,CPFL-PAULISTA,33050196000188,FEC,2025,6,0.15000000
2026-10-05,13820,Cosmopolis 1,CPFL-PAULISTA,33050196000188,FEC,2025,9,0.20000000
2026-10-05,13832,Sumare 6-Orquidea,CPFL-PAULISTA,33050196000188,DEC,2025,8,0.17000000
2026-10-05,13832,Sumare 6-Orquidea,CPFL-PAULISTA,33050196000188,DEC,2025,4,0.52000000
2026-10-05,13497,ITUPEVA,CPFL-PIRATINING,04172213000151,FEC,2025,2,0.41000000
2026-10-05,13561,VINHEDO,CPFL-PIRATINING,04172213000151,FEC,2025,12,0.33000000
2026-10-05,13835,Sumare 3-Quilombo,CPFL-PAULISTA,33050196000188,FEC,2025,5,0.11000000
2026-10-05,13491,INDAIATUBA,CPFL-PIRATINING,04172213000151,NumCon,2025,3,53508.00000000
2026-10-05,13835,Sumare 3-Quilombo,CPFL-PAULISTA,33050196000188,FEC,2025,9,0.22000000
2026-10-05,13491,INDAIATUBA,CPFL-PIRATINING,04172213000151,NumCon,2025,11,54681.00000000
2026-10-05,13561,VINHEDO,CPFL-PIRATINING,04172213000151,NumCon,2025,8,24732.00000000
2026-10-05,13835,Sumare 3-Quilombo,CPFL-PAULISTA,33050196000188,FEC,2025,10,0.16000000
2026-10-05,13561,VINHEDO,CPFL-PIRATINING,04172213000151,NumCon,2025,4,24707.00000000
2026-10-05,13835,Sumare 3-Quilombo,CPFL-PAULISTA,33050196000188,FEC,2025,4,0.17000000
2026-10-05,13835,Sumare 3-Quilombo,CPFL-PAULISTA,33050196000188,FEC,2025,12,0.24000000
2026-10-05,13497,ITUPEVA,CPFL-PIRATINING,04172213000151,FEC,2025,6,0.26000000
2026-10-05,13561,VINHEDO,CPFL-PIRATINING,04172213000151,NumCon,2025,10,24832.00000000
2026-10-05,13835,Sumare 3-Quilombo,CPFL-PAULISTA,33050196000188,FEC,2025,8,0.07000000
2026-10-05,13497,ITUPEVA,CPFL-PIRATINING,04172213000151,FEC,2025,3,0.34000000
2026-10-05,13835,Sumare 3-Quilombo,CPFL-PAULISTA,33050196000188,FEC,2025,1,0.23000000
2026-10-05,13561,VINHEDO,CPFL-PIRATINING,04172213000151,NumCon,2025,7,24707.00000000
2026-10-05,13503,LOUVEIRA,CPFL-PIRATINING,04172213000151,NumCon,2025,9,14638.00000000
2026-10-05,13503,LOUVEIRA,CPFL-PIRATINING,04172213000151,DEC,2025,3,0.69000000
2026-10-05,13497,ITUPEVA,CPFL-PIRATINING,04172213000151,DEC,2025,2,0.65000000
2026-10-05,15877,PORTO GOES,CPFL-PIRATINING,04172213000151,NumCon,2025,4,66571.00000000
2026-10-05,13497,ITUPEVA,CPFL-PIRATINING,04172213000151,FEC,2025,12,0.72000000
2026-10-05,13497,ITUPEVA,CPFL-PIRATINING,04172213000151,FEC,2025,5,0.32000000
2026-10-05,13497,ITUPEVA,CPFL-PIRATINING,04172213000151,DEC,2025,8,0.15000000
2026-10-05,13491,INDAIATUBA,CPFL-PIRATINING,04172213000151,NumCon,2025,2,53372.00000000
2026-10-05,13497,ITUPEVA,CPFL-PIRATINING,04172213000151,DEC,2025,1,0.95000000
2026-10-05,13561,VINHEDO,CPFL-PIRATINING,04172213000151,FEC,2025,6,0.06000000
2026-10-05,16665,INDAIATUBA 2 - MORADA DO SOL,CPFL-PIRATINING,04172213000151,FEC,2025,9,0.59000000
2026-10-05,13497,ITUPEVA,CPFL-PIRATINING,04172213000151,DEC,2025,6,0.51000000
2026-10-05,16665,INDAIATUBA 2 - MORADA DO SOL,CPFL-PIRATINING,04172213000151,FEC,2025,1,0.45000000
2026-10-05,15877,PORTO GOES,CPFL-PIRATINING,04172213000151,NumCon,2025,3,66536.00000000
2026-10-05,13497,ITUPEVA,CPFL-PIRATINING,04172213000151,FEC,2025,8,0.03000000
2026-10-05,13497,ITUPEVA,CPFL-PIRATINING,04172213000151,FEC,2025,11,0.20000000
2026-10-05,15877,PORTO GOES,CPFL-PIRATINING,04172213000151,NumCon,2025,9,66989.00000000
2026-10-05,13491,INDAIATUBA,CPFL-PIRATINING,04172213000151,DEC,2025,9,0.52000000
2026-10-05,16665,INDAIATUBA 2 - MORADA DO SOL,CPFL-PIRATINING,04172213000151,FEC,2025,7,0.06000000
2026-10-05,13563,VINHEDO 2 - MARAMBAIA,CPFL-PIRATINING,04172213000151,DEC,2025,2,0.46000000
2026-10-05,13491,INDAIATUBA,CPFL-PIRATINING,04172213000151,DEC,2025,12,0.42000000
2026-10-05,13563,VINHEDO 2 - MARAMBAIA,CPFL-PIRATINING,04172213000151,DEC,2025,9,0.95000000
2026-10-05,13561,VINHEDO,CPFL-PIRATINING,04172213000151,NumCon,2025,3,24702.00000000
2026-10-05,13561,VINHEDO,CPFL-PIRATINING,04172213000151,DEC,2025,2,0.29000000
2026-10-05,13497,ITUPEVA,CPFL-PIRATINING,04172213000151,DEC,2025,10,0.42000000
2026-10-05,13497,ITUPEVA,CPFL-PIRATINING,04172213000151,FEC,2025,10,0.40000000
2026-10-05,13563,VINHEDO 2 - MARAMBAIA,CPFL-PIRATINING,04172213000151,DEC,2025,8,0.26000000
2026-10-05,15877,PORTO GOES,CPFL-PIRATINING,04172213000151,NumCon,2025,11,67274.00000000
2026-10-05,13503,LOUVEIRA,CPFL-PIRATINING,04172213000151,NumCon,2025,6,14833.00000000
2026-10-05,13503,LOUVEIRA,CPFL-PIRATINING,04172213000151,NumCon,2025,12,14854.00000000
2026-10-05,16665,INDAIATUBA 2 - MORADA DO SOL,CPFL-PIRATINING,04172213000151,FEC,2025,8,0.16000000
2026-10-05,16665,INDAIATUBA 2 - MORADA DO SOL,CPFL-PIRATINING,04172213000151,FEC,2025,2,0.27000000
2026-10-05,13503,LOUVEIRA,CPFL-PIRATINING,04172213000151,NumCon,2025,4,14779.00000000
2026-10-05,13503,LOUVEIRA,CPFL-PIRATINING,04172213000151,NumCon,2025,11,14947.00000000
2026-10-05,15877,PORTO GOES,CPFL-PIRATINING,04172213000151,NumCon,2025,7,66854.00000000
2026-10-05,13837,Hortolandia 2-Morro Azul,CPFL-PAULISTA,33050196000188,FEC,2025,10,0.14000000
2026-10-05,13812,Campinas 14-Bandeirantes,CPFL-PAULISTA,33050196000188,FEC,2025,6,0.17000000
2026-10-05,15877,PORTO GOES,CPFL-PIRATINING,04172213000151,NumCon,2025,6,66745.00000000
2026-10-05,13800,Campinas 9-Paineiras,CPFL-PAULISTA,33050196000188,DEC,2025,9,0.18000000
2026-10-05,13837,Hortolandia 2-Morro Azul,CPFL-PAULISTA,33050196000188,FEC,2025,11,0.08000000
2026-10-05,13820,Cosmopolis 1,CPFL-PAULISTA,33050196000188,FEC,2025,10,0.42000000
2026-10-05,15877,PORTO GOES,CPFL-PIRATINING,04172213000151,NumCon,2025,12,67401.00000000
2026-10-05,13491,INDAIATUBA,CPFL-PIRATINING,04172213000151,DEC,2025,5,0.29000000
2026-10-05,13491,INDAIATUBA,CPFL-PIRATINING,04172213000151,DEC,2025,3,0.42000000
2026-10-05,13819,Paulinia 1,CPFL-PAULISTA,33050196000188,DEC,2025,10,0.76000000
2026-10-05,13826,Americana 4-Jardim,CPFL-PAULISTA,33050196000188,FEC,2025,3,0.12000000
2026-10-05,13812,Campinas 14-Bandeirantes,CPFL-PAULISTA,33050196000188,FEC,2025,7,0.49000000
2026-10-05,13491,INDAIATUBA,CPFL-PIRATINING,04172213000151,DEC,2025,8,0.32000000
2026-10-05,15877,PORTO GOES,CPFL-PIRATINING,04172213000151,FEC,2025,9,0.23000000
2026-10-05,15877,PORTO GOES,CPFL-PIRATINING,04172213000151,FEC,2025,3,0.23000000
2026-10-05,13819,Paulinia 1,CPFL-PAULISTA,33050196000188,DEC,2025,2,0.38000000
2026-10-05,13837,Hortolandia 2-Morro Azul,CPFL-PAULISTA,33050196000188,FEC,2025,8,0.12000000
2026-10-05,13800,Campinas 9-Paineiras,CPFL-PAULISTA,33050196000188,DEC,2025,12,0.56000000
2026-10-05,13812,Campinas 14-Bandeirantes,CPFL-PAULISTA,33050196000188,FEC,2025,9,0.33000000
2026-10-05,13819,Paulinia 1,CPFL-PAULISTA,33050196000188,DEC,2025,3,0.18000000
2026-10-05,13800,Campinas 9-Paineiras,CPFL-PAULISTA,33050196000188,DEC,2025,2,0.13000000
2026-10-05,15877,PORTO GOES,CPFL-PIRATINING,04172213000151,NumCon,2025,8,66961.00000000
2026-10-05,13826,Americana 4-Jardim,CPFL-PAULISTA,33050196000188,FEC,2025,7,0.10000000
2026-10-05,15877,PORTO GOES,CPFL-PIRATINING,04172213000151,FEC,2025,4,0.63000000
2026-10-05,13563,VINHEDO 2 - MARAMBAIA,CPFL-PIRATINING,04172213000151,DEC,2025,1,0.52000000
2026-10-05,13817,Campinas 11-Barao Geraldo,CPFL-PAULISTA,33050196000188,DEC,2025,10,0.26000000
2026-10-05,13491,INDAIATUBA,CPFL-PIRATINING,04172213000151,DEC,2025,2,0.54000000
2026-10-05,13826,Americana 4-Jardim,CPFL-PAULISTA,33050196000188,FEC,2025,9,0.32000000
2026-10-05,13793,Nova Odessa 1,CPFL-PAULISTA,33050196000188,FEC,2025,6,0.11000000
2026-10-05,13819,Paulinia 1,CPFL-PAULISTA,33050196000188,DEC,2025,8,0.43000000
2026-10-05,13563,VINHEDO 2 - MARAMBAIA,CPFL-PIRATINING,04172213000151,DEC,2025,10,0.34000000
2026-10-05,13820,Cosmopolis 1,CPFL-PAULISTA,33050196000188,FEC,2025,4,0.10000000
2026-10-05,13561,VINHEDO,CPFL-PIRATINING,04172213000151,DEC,2025,4,0.30000000
2026-10-05,13817,Campinas 11-Barao Geraldo,CPFL-PAULISTA,33050196000188,DEC,2025,9,0.19000000
2026-10-05,16665,INDAIATUBA 2 - MORADA DO SOL,CPFL-PIRATINING,04172213000151,FEC,2025,12,0.26000000
2026-10-05,13820,Cosmopolis 1,CPFL-PAULISTA,33050196000188,FEC,2025,12,0.22000000
2026-10-05,13491,INDAIATUBA,CPFL-PIRATINING,04172213000151,DEC,2025,11,0.54000000
2026-10-05,16665,INDAIATUBA 2 - MORADA DO SOL,CPFL-PIRATINING,04172213000151,FEC,2025,10,0.24000000
2026-10-05,13819,Paulinia 1,CPFL-PAULISTA,33050196000188,DEC,2025,7,0.32000000
2026-10-05,15877,PORTO GOES,CPFL-PIRATINING,04172213000151,NumCon,2025,10,67314.00000000
2026-10-05,15877,PORTO GOES,CPFL-PIRATINING,04172213000151,FEC,2025,6,0.45000000
2026-10-05,13806,Campinas 8-Viracopos,CPFL-PAULISTA,33050196000188,DEC,2025,10,0.41000000
2026-10-05,13491,INDAIATUBA,CPFL-PIRATINING,04172213000151,DEC,2025,4,0.35000000
2026-10-05,13497,ITUPEVA,CPFL-PIRATINING,04172213000151,FEC,2025,1,0.96000000
2026-10-05,13819,Paulinia 1,CPFL-PAULISTA,33050196000188,DEC,2025,11,0.29000000
2026-10-05,13806,Campinas 8-Viracopos,CPFL-PAULISTA,33050196000188,DEC,2025,8,0.35000000
2026-10-05,15877,PORTO GOES,CPFL-PIRATINING,04172213000151,NumCon,2025,2,66434.00000000
2026-10-05,13800,Campinas 9-Paineiras,CPFL-PAULISTA,33050196000188,DEC,2025,11,0.10000000
2026-10-05,13813,Campinas 16-Jardim Marajo,CPFL-PAULISTA,33050196000188,DEC,2025,10,0.77000000
2026-10-05,13793,Nova Odessa 1,CPFL-PAULISTA,33050196000188,FEC,2025,1,0.21000000
2026-10-05,13563,VINHEDO 2 - MARAMBAIA,CPFL-PIRATINING,04172213000151,FEC,2025,7,0.29000000
2026-10-05,13800,Campinas 9-Paineiras,CPFL-PAULISTA,33050196000188,DEC,2025,7,0.40000000
2026-10-05,13497,ITUPEVA,CPFL-PIRATINING,04172213000151,FEC,2025,9,0.40000000
2026-10-05,13561,VINHEDO,CPFL-PIRATINING,04172213000151,DEC,2025,11,0.53000000
2026-10-05,13837,Hortolandia 2-Morro Azul,CPFL-PAULISTA,33050196000188,FEC,2025,2,0.19000000
2026-10-05,15877,PORTO GOES,CPFL-PIRATINING,04172213000151,FEC,2025,8,0.21000000
2026-10-05,13793,Nova Odessa 1,CPFL-PAULISTA,33050196000188,FEC,2025,11,0.14000000
2026-10-05,15877,PORTO GOES,CPFL-PIRATINING,04172213000151,FEC,2025,2,0.49000000
2026-10-05,13503,LOUVEIRA,CPFL-PIRATINING,04172213000151,NumCon,2025,2,14687.00000000
2026-10-05,13491,INDAIATUBA,CPFL-PIRATINING,04172213000151,DEC,2025,6,0.28000000
2026-10-05,13799,Campinas 2-Souzas,CPFL-PAULISTA,33050196000188,DEC,2025,8,0.22000000
2026-10-05,13817,Campinas 11-Barao Geraldo,CPFL-PAULISTA,33050196000188,DEC,2025,2,0.11000000
2026-10-05,13503,LOUVEIRA,CPFL-PIRATINING,04172213000151,NumCon,2025,10,14852.00000000
2026-10-05,15877,PORTO GOES,CPFL-PIRATINING,04172213000151,FEC,2025,11,0.21000000
2026-10-05,13793,Nova Odessa 1,CPFL-PAULISTA,33050196000188,FEC,2025,2,0.16000000
2026-10-05,16665,INDAIATUBA 2 - MORADA DO SOL,CPFL-PIRATINING,04172213000151,FEC,2025,4,0.57000000
2026-10-05,13503,LOUVEIRA,CPFL-PIRATINING,04172213000151,NumCon,2025,8,14854.00000000
2026-10-05,13563,VINHEDO 2 - MARAMBAIA,CPFL-PIRATINING,04172213000151,DEC,2025,6,0.50000000
2026-10-05,13563,VINHEDO 2 - MARAMBAIA,CPFL-PIRATINING,04172213000151,DEC,2025,5,0.26000000
2026-10-05,13503,LOUVEIRA,CPFL-PIRATINING,04172213000151,NumCon,2025,7,14840.00000000
2026-10-05,13819,Paulinia 1,CPFL-PAULISTA,33050196000188,DEC,2025,5,0.31000000
2026-10-05,13561,VINHEDO,CPFL-PIRATINING,04172213000151,DEC,2025,5,0.17000000
2026-10-05,13819,Paulinia 1,CPFL-PAULISTA,33050196000188,DEC,2025,4,0.37000000
2026-10-05,15877,PORTO GOES,CPFL-PIRATINING,04172213000151,FEC,2025,12,0.17000000
2026-10-05,16452,Monte Mor 1,CPFL-PAULISTA,33050196000188,NumCon,2025,12,36464.00000000
2026-10-05,13819,Paulinia 1,CPFL-PAULISTA,33050196000188,DEC,2025,1,0.39000000
2026-10-05,13826,Americana 4-Jardim,CPFL-PAULISTA,33050196000188,FEC,2025,10,0.11000000
2026-10-05,15877,PORTO GOES,CPFL-PIRATINING,04172213000151,FEC,2025,5,0.40000000
2026-10-05,13820,Cosmopolis 1,CPFL-PAULISTA,33050196000188,FEC,2025,3,0.20000000
2026-10-05,13497,ITUPEVA,CPFL-PIRATINING,04172213000151,FEC,2025,7,0.28000000
2026-10-05,13800,Campinas 9-Paineiras,CPFL-PAULISTA,33050196000188,DEC,2025,10,0.16000000
2026-10-05,13819,Paulinia 1,CPFL-PAULISTA,33050196000188,DEC,2025,6,0.21000000
2026-10-05,13799,Campinas 2-Souzas,CPFL-PAULISTA,33050196000188,DEC,2025,4,1.01000000
2026-10-05,13819,Paulinia 1,CPFL-PAULISTA,33050196000188,DEC,2025,12,0.63000000
2026-10-05,13563,VINHEDO 2 - MARAMBAIA,CPFL-PIRATINING,04172213000151,FEC,2025,1,0.38000000
2026-10-05,13563,VINHEDO 2 - MARAMBAIA,CPFL-PIRATINING,04172213000151,DEC,2025,11,0.22000000
2026-10-05,16665,INDAIATUBA 2 - MORADA DO SOL,CPFL-PIRATINING,04172213000151,FEC,2025,6,0.17000000
2026-10-05,15877,PORTO GOES,CPFL-PIRATINING,04172213000151,FEC,2025,7,0.18000000
2026-10-05,16665,INDAIATUBA 2 - MORADA DO SOL,CPFL-PIRATINING,04172213000151,FEC,2025,5,0.13000000
2026-10-05,13819,Paulinia 1,CPFL-PAULISTA,33050196000188,DEC,2025,9,0.24000000
2026-10-05,13824,Nova Odessa 2-Fazenda Velha,CPFL-PAULISTA,33050196000188,DEC,2025,2,0.34000000
2026-10-05,16665,INDAIATUBA 2 - MORADA DO SOL,CPFL-PIRATINING,04172213000151,FEC,2025,11,0.47000000
2026-10-05,13832,Sumare 6-Orquidea,CPFL-PAULISTA,33050196000188,DEC,2025,10,0.12000000
2026-10-05,13799,Campinas 2-Souzas,CPFL-PAULISTA,33050196000188,DEC,2025,6,0.31000000
2026-10-05,13830,Sumare 1,CPFL-PAULISTA,33050196000188,DEC,2025,10,0.15000000
2026-10-05,13563,VINHEDO 2 - MARAMBAIA,CPFL-PIRATINING,04172213000151,DEC,2025,3,0.28000000
2026-10-05,13457,ARTUR NOGUEIRA,ELEKTRO,02328280000197,DEC,2025,11,0.26000000
2026-10-05,13563,VINHEDO 2 - MARAMBAIA,CPFL-PIRATINING,04172213000151,DEC,2025,4,0.24000000
2026-10-05,16665,INDAIATUBA 2 - MORADA DO SOL,CPFL-PIRATINING,04172213000151,FEC,2025,3,0.56000000
2026-10-05,13837,Hortolandia 2-Morro Azul,CPFL-PAULISTA,33050196000188,FEC,2025,12,0.14000000
2026-10-05,16452,Monte Mor 1,CPFL-PAULISTA,33050196000188,NumCon,2025,3,35762.00000000
2026-10-05,13561,VINHEDO,CPFL-PIRATINING,04172213000151,DEC,2025,12,0.45000000
2026-10-05,13793,Nova Odessa 1,CPFL-PAULISTA,33050196000188,FEC,2025,10,0.21000000
2026-10-05,13832,Sumare 6-Orquidea,CPFL-PAULISTA,33050196000188,DEC,2025,5,0.19000000
2026-10-05,13457,ARTUR NOGUEIRA,ELEKTRO,02328280000197,DEC,2025,5,0.17000000
2026-10-05,13563,VINHEDO 2 - MARAMBAIA,CPFL-PIRATINING,04172213000151,FEC,2025,3,0.14000000
2026-10-05,13830,Sumare 1,CPFL-PAULISTA,33050196000188,DEC,2025,5,0.15000000
2026-10-05,13817,Campinas 11-Barao Geraldo,CPFL-PAULISTA,33050196000188,DEC,2025,11,0.18000000
2026-10-05,13563,VINHEDO 2 - MARAMBAIA,CPFL-PIRATINING,04172213000151,DEC,2025,12,0.34000000
2026-10-05,13821,Americana 5-Ipe,CPFL-PAULISTA,33050196000188,DEC,2025,6,0.14000000
2026-10-05,13824,Nova Odessa 2-Fazenda Velha,CPFL-PAULISTA,33050196000188,DEC,2025,7,0.42000000
2026-10-05,13457,ARTUR NOGUEIRA,ELEKTRO,02328280000197,DEC,2025,12,0.47000000
2026-10-05,13837,Hortolandia 2-Morro Azul,CPFL-PAULISTA,33050196000188,FEC,2025,4,0.33000000
2026-10-05,13832,Sumare 6-Orquidea,CPFL-PAULISTA,33050196000188,DEC,2025,3,0.38000000
2026-10-05,16452,Monte Mor 1,CPFL-PAULISTA,33050196000188,NumCon,2025,1,35692.00000000
2026-10-05,13830,Sumare 1,CPFL-PAULISTA,33050196000188,DEC,2025,12,0.23000000
2026-10-05,13797,Itatiba 3-Colonial,CPFL-PAULISTA,33050196000188,FEC,2025,7,0.21000000
2026-10-05,13832,Sumare 6-Orquidea,CPFL-PAULISTA,33050196000188,DEC,2025,12,0.52000000
2026-10-05,13561,VINHEDO,CPFL-PIRATINING,04172213000151,FEC,2025,8,0.11000000
2026-10-05,13817,Campinas 11-Barao Geraldo,CPFL-PAULISTA,33050196000188,DEC,2025,7,0.28000000
2026-10-05,13830,Sumare 1,CPFL-PAULISTA,33050196000188,DEC,2025,9,0.12000000
2026-10-05,16665,INDAIATUBA 2 - MORADA DO SOL,CPFL-PIRATINING,04172213000151,NumCon,2025,5,71165.00000000
2026-10-05,13834,Sumare 4-Nova Aparecida,CPFL-PAULISTA,33050196000188,DEC,2025,3,0.14000000
2026-10-05,13799,Campinas 2-Souzas,CPFL-PAULISTA,33050196000188,DEC,2025,1,1.22000000
2026-10-05,13824,Nova Odessa 2-Fazenda Velha,CPFL-PAULISTA,33050196000188,DEC,2025,1,0.43000000
2026-10-05,13561,VINHEDO,CPFL-PIRATINING,04172213000151,FEC,2025,10,0.15000000
2026-10-05,13824,Nova Odessa 2-Fazenda Velha,CPFL-PAULISTA,33050196000188,DEC,2025,11,0.30000000
2026-10-05,13797,Itatiba 3-Colonial,CPFL-PAULISTA,33050196000188,FEC,2025,3,0.54000000
2026-10-05,13563,VINHEDO 2 - MARAMBAIA,CPFL-PIRATINING,04172213000151,NumCon,2025,7,21169.00000000
2026-10-05,13832,Sumare 6-Orquidea,CPFL-PAULISTA,33050196000188,DEC,2025,11,0.22000000
2026-10-05,13832,Sumare 6-Orquidea,CPFL-PAULISTA,33050196000188,DEC,2025,7,0.17000000
2026-10-05,13834,Sumare 4-Nova Aparecida,CPFL-PAULISTA,33050196000188,DEC,2025,10,0.30000000
2026-10-05,13563,VINHEDO 2 - MARAMBAIA,CPFL-PIRATINING,04172213000151,FEC,2025,9,0.56000000
2026-10-05,13561,VINHEDO,CPFL-PIRATINING,04172213000151,FEC,2025,11,0.33000000
2026-10-05,13821,Americana 5-Ipe,CPFL-PAULISTA,33050196000188,NumCon,2025,5,28950.00000000
2026-10-05,13830,Sumare 1,CPFL-PAULISTA,33050196000188,DEC,2025,3,0.12000000
2026-10-05,13836,Hortolandia 1,CPFL-PAULISTA,33050196000188,NumCon,2025,11,50979.00000000
2026-10-05,13806,Campinas 8-Viracopos,CPFL-PAULISTA,33050196000188,DEC,2025,12,0.31000000
2026-10-05,13797,Itatiba 3-Colonial,CPFL-PAULISTA,33050196000188,NumCon,2025,1,36949.00000000
2026-10-05,13817,Campinas 11-Barao Geraldo,CPFL-PAULISTA,33050196000188,DEC,2025,4,0.10000000
2026-10-05,13806,Campinas 8-Viracopos,CPFL-PAULISTA,33050196000188,DEC,2025,11,0.43000000
2026-10-05,13834,Sumare 4-Nova Aparecida,CPFL-PAULISTA,33050196000188,DEC,2025,7,0.22000000
2026-10-05,13457,ARTUR NOGUEIRA,ELEKTRO,02328280000197,DEC,2025,8,0.32000000
2026-10-05,13832,Sumare 6-Orquidea,CPFL-PAULISTA,33050196000188,DEC,2025,9,0.41000000
2026-10-05,13806,Campinas 8-Viracopos,CPFL-PAULISTA,33050196000188,DEC,2025,9,0.28000000
2026-10-05,16665,INDAIATUBA 2 - MORADA DO SOL,CPFL-PIRATINING,04172213000151,NumCon,2025,2,70701.00000000
2026-10-05,13824,Nova Odessa 2-Fazenda Velha,CPFL-PAULISTA,33050196000188,DEC,2025,3,0.42000000
2026-10-05,13797,Itatiba 3-Colonial,CPFL-PAULISTA,33050196000188,NumCon,2025,3,37055.00000000
2026-10-05,13563,VINHEDO 2 - MARAMBAIA,CPFL-PIRATINING,04172213000151,NumCon,2025,3,21104.00000000
2026-10-05,13832,Sumare 6-Orquidea,CPFL-PAULISTA,33050196000188,FEC,2025,2,0.45000000
2026-10-05,13836,Hortolandia 1,CPFL-PAULISTA,33050196000188,NumCon,2025,6,50357.00000000
2026-10-05,13817,Campinas 11-Barao Geraldo,CPFL-PAULISTA,33050196000188,DEC,2025,6,0.22000000
2026-10-05,13832,Sumare 6-Orquidea,CPFL-PAULISTA,33050196000188,FEC,2025,5,0.21000000
2026-10-05,13457,ARTUR NOGUEIRA,ELEKTRO,02328280000197,DEC,2025,3,0.45000000
2026-10-05,13830,Sumare 1,CPFL-PAULISTA,33050196000188,NumCon,2025,4,33041.00000000
2026-10-05,13821,Americana 5-Ipe,CPFL-PAULISTA,33050196000188,NumCon,2025,6,28893.00000000
2026-10-05,16434,Amparo 1,CPFL-PAULISTA,33050196000188,NumCon,2025,11,36597.00000000
2026-10-05,13563,VINHEDO 2 - MARAMBAIA,CPFL-PIRATINING,04172213000151,NumCon,2025,10,21249.00000000
2026-10-05,13822,Americana 2-Campo Verde,CPFL-PAULISTA,33050196000188,NumCon,2025,10,30596.00000000
2026-10-05,13563,VINHEDO 2 - MARAMBAIA,CPFL-PIRATINING,04172213000151,NumCon,2025,8,21149.00000000
2026-10-05,13836,Hortolandia 1,CPFL-PAULISTA,33050196000188,NumCon,2025,9,50779.00000000
2026-10-05,13807,Campinas 6-Taquaral,CPFL-PAULISTA,33050196000188,FEC,2025,5,0.05000000
2026-10-05,13830,Sumare 1,CPFL-PAULISTA,33050196000188,FEC,2025,9,0.10000000
2026-10-05,13831,Sumare 5-Nova Veneza,CPFL-PAULISTA,33050196000188,FEC,2025,11,0.03000000
2026-10-05,13830,Sumare 1,CPFL-PAULISTA,33050196000188,DEC,2025,1,0.34000000
2026-10-05,13810,Campinas 12-Cidade Jardim,CPFL-PAULISTA,33050196000188,FEC,2025,1,0.12000000
2026-10-05,13818,Paulinia 2-Morumbi,CPFL-PAULISTA,33050196000188,DEC,2025,7,0.16000000
2026-10-05,13563,VINHEDO 2 - MARAMBAIA,CPFL-PIRATINING,04172213000151,NumCon,2025,4,21078.00000000
2026-10-05,13457,ARTUR NOGUEIRA,ELEKTRO,02328280000197,DEC,2025,7,0.31000000
2026-10-05,13806,Campinas 8-Viracopos,CPFL-PAULISTA,33050196000188,DEC,2025,5,0.29000000
2026-10-05,13811,Campinas 4-Boa Vista,CPFL-PAULISTA,33050196000188,NumCon,2025,12,30198.00000000
2026-10-05,13457,ARTUR NOGUEIRA,ELEKTRO,02328280000197,FEC,2025,3,0.20000000
2026-10-05,13817,Campinas 11-Barao Geraldo,CPFL-PAULISTA,33050196000188,DEC,2025,8,0.07000000
2026-10-05,13821,Americana 5-Ipe,CPFL-PAULISTA,33050196000188,DEC,2025,7,0.10000000
2026-10-05,13830,Sumare 1,CPFL-PAULISTA,33050196000188,FEC,2025,12,0.14000000
2026-10-05,16434,Amparo 1,CPFL-PAULISTA,33050196000188,NumCon,2025,5,36287.00000000
2026-10-05,13830,Sumare 1,CPFL-PAULISTA,33050196000188,FEC,2025,1,0.22000000
2026-10-05,13836,Hortolandia 1,CPFL-PAULISTA,33050196000188,NumCon,2025,5,50243.00000000
2026-10-05,13810,Campinas 12-Cidade Jardim,CPFL-PAULISTA,33050196000188,FEC,2025,7,0.10000000
2026-10-05,13830,Sumare 1,CPFL-PAULISTA,33050196000188,FEC,2025,8,0.36000000
2026-10-05,13457,ARTUR NOGUEIRA,ELEKTRO,02328280000197,DEC,2025,9,0.55000000
2026-10-05,13807,Campinas 6-Taquaral,CPFL-PAULISTA,33050196000188,FEC,2025,11,0.22000000
2026-10-05,16434,Amparo 1,CPFL-PAULISTA,33050196000188,NumCon,2025,9,36462.00000000
2026-10-05,13810,Campinas 12-Cidade Jardim,CPFL-PAULISTA,33050196000188,FEC,2025,6,0.07000000
2026-10-05,13561,VINHEDO,CPFL-PIRATINING,04172213000151,FEC,2025,5,0.04000000
2026-10-05,13809,Campinas 10-Chapadão,CPFL-PAULISTA,33050196000188,DEC,2025,9,0.10000000
2026-10-05,13809,Campinas 10-Chapadão,CPFL-PAULISTA,33050196000188,DEC,2025,2,0.17000000
2026-10-05,13830,Sumare 1,CPFL-PAULISTA,33050196000188,DEC,2025,7,0.23000000
2026-10-05,13793,Nova Odessa 1,CPFL-PAULISTA,33050196000188,FEC,2025,5,0.04000000
2026-10-05,16434,Amparo 1,CPFL-PAULISTA,33050196000188,DEC,2025,7,0.44000000
2026-10-05,13830,Sumare 1,CPFL-PAULISTA,33050196000188,DEC,2025,11,0.13000000
2026-10-05,13799,Campinas 2-Souzas,CPFL-PAULISTA,33050196000188,FEC,2025,2,0.35000000
2026-10-05,13841,Rio das Pedras 1,CPFL-PAULISTA,33050196000188,DEC,2025,3,0.20000000
2026-10-05,13837,Hortolandia 2-Morro Azul,CPFL-PAULISTA,33050196000188,DEC,2025,9,0.15000000
2026-10-05,16434,Amparo 1,CPFL-PAULISTA,33050196000188,DEC,2025,8,0.26000000
2026-10-05,13797,Itatiba 3-Colonial,CPFL-PAULISTA,33050196000188,FEC,2025,6,0.21000000
2026-10-05,13793,Nova Odessa 1,CPFL-PAULISTA,33050196000188,FEC,2025,4,0.47000000
2026-10-05,13817,Campinas 11-Barao Geraldo,CPFL-PAULISTA,33050196000188,DEC,2025,1,0.11000000
2026-10-05,13818,Paulinia 2-Morumbi,CPFL-PAULISTA,33050196000188,DEC,2025,3,0.44000000
2026-10-05,13830,Sumare 1,CPFL-PAULISTA,33050196000188,DEC,2025,2,0.47000000
2026-10-05,13817,Campinas 11-Barao Geraldo,CPFL-PAULISTA,33050196000188,DEC,2025,5,0.33000000
2026-10-05,13797,Itatiba 3-Colonial,CPFL-PAULISTA,33050196000188,FEC,2025,11,0.10000000
2026-10-05,13811,Campinas 4-Boa Vista,CPFL-PAULISTA,33050196000188,NumCon,2025,1,29859.00000000
2026-10-05,13810,Campinas 12-Cidade Jardim,CPFL-PAULISTA,33050196000188,FEC,2025,9,0.27000000
2026-10-05,13822,Americana 2-Campo Verde,CPFL-PAULISTA,33050196000188,NumCon,2025,7,30517.00000000
2026-10-05,13457,ARTUR NOGUEIRA,ELEKTRO,02328280000197,FEC,2025,11,0.13000000
2026-10-05,13797,Itatiba 3-Colonial,CPFL-PAULISTA,33050196000188,FEC,2025,2,0.30000000
2026-10-05,13806,Campinas 8-Viracopos,CPFL-PAULISTA,33050196000188,DEC,2025,7,0.45000000
2026-10-05,13807,Campinas 6-Taquaral,CPFL-PAULISTA,33050196000188,NumCon,2025,5,33337.00000000
2026-10-05,13830,Sumare 1,CPFL-PAULISTA,33050196000188,NumCon,2025,7,33461.00000000
2026-10-05,13793,Nova Odessa 1,CPFL-PAULISTA,33050196000188,FEC,2025,3,0.26000000
2026-10-05,13836,Hortolandia 1,CPFL-PAULISTA,33050196000188,NumCon,2025,4,49937.00000000
2026-10-05,13818,Paulinia 2-Morumbi,CPFL-PAULISTA,33050196000188,DEC,2025,12,0.30000000
2026-10-05,16434,Amparo 1,CPFL-PAULISTA,33050196000188,NumCon,2025,6,36355.00000000
2026-10-05,13830,Sumare 1,CPFL-PAULISTA,33050196000188,NumCon,2025,2,33149.00000000
2026-10-05,13793,Nova Odessa 1,CPFL-PAULISTA,33050196000188,NumCon,2025,9,20650.00000000
2026-10-05,16461,Santa Barbara Doeste 1,CPFL-PAULISTA,33050196000188,DEC,2025,10,0.14000000
2026-10-05,13793,Nova Odessa 1,CPFL-PAULISTA,33050196000188,NumCon,2025,5,20506.00000000
2026-10-05,13809,Campinas 10-Chapadão,CPFL-PAULISTA,33050196000188,FEC,2025,12,0.16000000
2026-10-05,16464,Valinhos 2-Figueira,CPFL-PAULISTA,33050196000188,NumCon,2025,8,24472.00000000
2026-10-05,13837,Hortolandia 2-Morro Azul,CPFL-PAULISTA,33050196000188,DEC,2025,3,0.21000000
2026-10-05,13841,Rio das Pedras 1,CPFL-PAULISTA,33050196000188,DEC,2025,11,0.39000000
2026-10-05,16434,Amparo 1,CPFL-PAULISTA,33050196000188,DEC,2025,11,0.53000000
2026-10-05,13819,Paulinia 1,CPFL-PAULISTA,33050196000188,NumCon,2025,6,33380.00000000
2026-10-05,13812,Campinas 14-Bandeirantes,CPFL-PAULISTA,33050196000188,NumCon,2025,11,33795.00000000
2026-10-05,13821,Americana 5-Ipe,CPFL-PAULISTA,33050196000188,DEC,2025,8,0.12000000
2026-10-05,13808,Campinas 1-Centro,CPFL-PAULISTA,33050196000188,NumCon,2025,8,72667.00000000
2026-10-05,13807,Campinas 6-Taquaral,CPFL-PAULISTA,33050196000188,NumCon,2025,9,33440.00000000
2026-10-05,13821,Americana 5-Ipe,CPFL-PAULISTA,33050196000188,DEC,2025,1,0.33000000
2026-10-05,13811,Campinas 4-Boa Vista,CPFL-PAULISTA,33050196000188,NumCon,2025,2,29999.00000000
2026-10-05,13819,Paulinia 1,CPFL-PAULISTA,33050196000188,FEC,2025,4,0.21000000
2026-10-05,13837,Hortolandia 2-Morro Azul,CPFL-PAULISTA,33050196000188,DEC,2025,4,0.43000000
2026-10-05,13821,Americana 5-Ipe,CPFL-PAULISTA,33050196000188,NumCon,2025,11,28895.00000000
2026-10-05,13832,Sumare 6-Orquidea,CPFL-PAULISTA,33050196000188,FEC,2025,1,0.41000000
2026-10-05,13814,Campinas 15-Dic,CPFL-PAULISTA,33050196000188,FEC,2025,6,0.11000000
2026-10-05,13822,Americana 2-Campo Verde,CPFL-PAULISTA,33050196000188,NumCon,2025,2,30487.00000000
2026-10-05,13811,Campinas 4-Boa Vista,CPFL-PAULISTA,33050196000188,NumCon,2025,3,29967.00000000
2026-10-05,13793,Nova Odessa 1,CPFL-PAULISTA,33050196000188,NumCon,2025,11,20745.00000000
2026-10-05,13821,Americana 5-Ipe,CPFL-PAULISTA,33050196000188,DEC,2025,11,0.24000000
2026-10-05,13831,Sumare 5-Nova Veneza,CPFL-PAULISTA,33050196000188,DEC,2025,8,0.15000000
2026-10-05,16434,Amparo 1,CPFL-PAULISTA,33050196000188,DEC,2025,2,0.43000000
2026-10-05,13830,Sumare 1,CPFL-PAULISTA,33050196000188,DEC,2025,6,0.19000000
2026-10-05,13830,Sumare 1,CPFL-PAULISTA,33050196000188,FEC,2025,4,0.09000000
2026-10-05,13826,Americana 4-Jardim,CPFL-PAULISTA,33050196000188,DEC,2025,8,0.22000000
2026-10-05,13809,Campinas 10-Chapadão,CPFL-PAULISTA,33050196000188,FEC,2025,4,0.05000000
2026-10-05,13830,Sumare 1,CPFL-PAULISTA,33050196000188,DEC,2025,4,0.15000000
2026-10-05,13807,Campinas 6-Taquaral,CPFL-PAULISTA,33050196000188,NumCon,2025,11,33464.00000000
2026-10-05,13836,Hortolandia 1,CPFL-PAULISTA,33050196000188,NumCon,2025,2,49678.00000000
2026-10-05,13830,Sumare 1,CPFL-PAULISTA,33050196000188,DEC,2025,8,0.51000000
2026-10-05,13822,Americana 2-Campo Verde,CPFL-PAULISTA,33050196000188,NumCon,2025,5,30507.00000000
2026-10-05,13841,Rio das Pedras 1,CPFL-PAULISTA,33050196000188,DEC,2025,7,0.44000000
2026-10-05,13826,Americana 4-Jardim,CPFL-PAULISTA,33050196000188,DEC,2025,4,0.17000000
2026-10-05,13836,Hortolandia 1,CPFL-PAULISTA,33050196000188,FEC,2025,5,0.16000000
2026-10-05,13818,Paulinia 2-Morumbi,CPFL-PAULISTA,33050196000188,DEC,2025,10,0.16000000
2026-10-05,13540,MOGI MIRIM UM,ELEKTRO,02328280000197,DEC,2025,8,0.29000000
2026-10-05,13821,Americana 5-Ipe,CPFL-PAULISTA,33050196000188,DEC,2025,2,0.39000000
2026-10-05,13826,Americana 4-Jardim,CPFL-PAULISTA,33050196000188,DEC,2025,2,0.20000000
2026-10-05,13821,Americana 5-Ipe,CPFL-PAULISTA,33050196000188,DEC,2025,10,0.20000000
2026-10-05,13818,Paulinia 2-Morumbi,CPFL-PAULISTA,33050196000188,DEC,2025,2,0.24000000
2026-10-05,13802,Valinhos 1,CPFL-PAULISTA,33050196000188,DEC,2025,8,0.42000000
2026-10-05,13832,Sumare 6-Orquidea,CPFL-PAULISTA,33050196000188,FEC,2025,8,0.20000000
2026-10-05,13811,Campinas 4-Boa Vista,CPFL-PAULISTA,33050196000188,NumCon,2025,11,30127.00000000
2026-10-05,13837,Hortolandia 2-Morro Azul,CPFL-PAULISTA,33050196000188,NumCon,2025,3,43764.00000000
2026-10-05,13821,Americana 5-Ipe,CPFL-PAULISTA,33050196000188,DEC,2025,9,0.32000000
2026-10-05,13807,Campinas 6-Taquaral,CPFL-PAULISTA,33050196000188,FEC,2025,8,0.11000000
2026-10-05,13797,Itatiba 3-Colonial,CPFL-PAULISTA,33050196000188,NumCon,2025,2,36959.00000000
2026-10-05,13540,MOGI MIRIM UM,ELEKTRO,02328280000197,NumCon,2025,6,29838.00000000
2026-10-05,13830,Sumare 1,CPFL-PAULISTA,33050196000188,NumCon,2025,8,33507.00000000
2026-10-05,13822,Americana 2-Campo Verde,CPFL-PAULISTA,33050196000188,NumCon,2025,3,30257.00000000
2026-10-05,13834,Sumare 4-Nova Aparecida,CPFL-PAULISTA,33050196000188,DEC,2025,12,0.18000000
2026-10-05,13793,Nova Odessa 1,CPFL-PAULISTA,33050196000188,NumCon,2025,2,20442.00000000
2026-10-05,13540,MOGI MIRIM UM,ELEKTRO,02328280000197,NumCon,2025,3,29840.00000000
2026-10-05,13829,Santa Barbara 2-Barbarense,CPFL-PAULISTA,33050196000188,DEC,2025,4,0.17000000
2026-10-05,13797,Itatiba 3-Colonial,CPFL-PAULISTA,33050196000188,NumCon,2025,12,37744.00000000
2026-10-05,13457,ARTUR NOGUEIRA,ELEKTRO,02328280000197,DEC,2025,6,0.30000000
2026-10-05,13841,Rio das Pedras 1,CPFL-PAULISTA,33050196000188,DEC,2025,2,0.14000000
2026-10-05,16464,Valinhos 2-Figueira,CPFL-PAULISTA,33050196000188,FEC,2025,10,0.27000000
2026-10-05,16434,Amparo 1,CPFL-PAULISTA,33050196000188,NumCon,2025,7,36465.00000000
2026-10-05,13830,Sumare 1,CPFL-PAULISTA,33050196000188,NumCon,2025,9,33570.00000000
2026-10-05,13793,Nova Odessa 1,CPFL-PAULISTA,33050196000188,NumCon,2025,12,20769.00000000
2026-10-05,13807,Campinas 6-Taquaral,CPFL-PAULISTA,33050196000188,FEC,2025,3,0.22000000
2026-10-05,13808,Campinas 1-Centro,CPFL-PAULISTA,33050196000188,DEC,2025,10,0.19000000
2026-10-05,13822,Americana 2-Campo Verde,CPFL-PAULISTA,33050196000188,NumCon,2025,9,30517.00000000
2026-10-05,13831,Sumare 5-Nova Veneza,CPFL-PAULISTA,33050196000188,FEC,2025,1,0.21000000
2026-10-05,13806,Campinas 8-Viracopos,CPFL-PAULISTA,33050196000188,DEC,2025,2,0.23000000
2026-10-05,13812,Campinas 14-Bandeirantes,CPFL-PAULISTA,33050196000188,NumCon,2025,5,32986.00000000
2026-10-05,16461,Santa Barbara Doeste 1,CPFL-PAULISTA,33050196000188,DEC,2025,7,0.25000000
2026-10-05,13807,Campinas 6-Taquaral,CPFL-PAULISTA,33050196000188,NumCon,2025,10,33459.00000000
2026-10-05,13811,Campinas 4-Boa Vista,CPFL-PAULISTA,33050196000188,NumCon,2025,4,29875.00000000
2026-10-05,13797,Itatiba 3-Colonial,CPFL-PAULISTA,33050196000188,FEC,2025,4,0.43000000
2026-10-05,13837,Hortolandia 2-Morro Azul,CPFL-PAULISTA,33050196000188,DEC,2025,5,0.15000000
2026-10-05,13797,Itatiba 3-Colonial,CPFL-PAULISTA,33050196000188,FEC,2025,1,0.21000000
2026-10-05,13800,Campinas 9-Paineiras,CPFL-PAULISTA,33050196000188,DEC,2025,6,0.11000000
2026-10-05,16433,Americana 1,CPFL-PAULISTA,33050196000188,FEC,2025,12,0.34000000
2026-10-05,13819,Paulinia 1,CPFL-PAULISTA,33050196000188,NumCon,2025,8,33497.00000000
2026-10-05,13540,MOGI MIRIM UM,ELEKTRO,02328280000197,DEC,2025,2,0.39000000
2026-10-05,13814,Campinas 15-Dic,CPFL-PAULISTA,33050196000188,FEC,2025,9,0.33000000
2026-10-05,13831,Sumare 5-Nova Veneza,CPFL-PAULISTA,33050196000188,DEC,2025,6,0.29000000
2026-10-05,13796,Itatiba 2-Cruzeiro,CPFL-PAULISTA,33050196000188,FEC,2025,11,0.26000000
2026-10-05,13806,Campinas 8-Viracopos,CPFL-PAULISTA,33050196000188,DEC,2025,1,0.49000000
2026-10-05,13841,Rio das Pedras 1,CPFL-PAULISTA,33050196000188,DEC,2025,1,0.30000000
2026-10-05,13797,Itatiba 3-Colonial,CPFL-PAULISTA,33050196000188,FEC,2025,5,0.17000000
2026-10-05,2922,JAGUARIUNA,CPFL JAGUARI,53859112000169,NumCon,2025,5,28636.00000000
2026-10-05,13830,Sumare 1,CPFL-PAULISTA,33050196000188,FEC,2025,6,0.10000000
2026-10-05,13829,Santa Barbara 2-Barbarense,CPFL-PAULISTA,33050196000188,NumCon,2025,10,35199.00000000
2026-10-05,13830,Sumare 1,CPFL-PAULISTA,33050196000188,NumCon,2025,6,33391.00000000
2026-10-05,16464,Valinhos 2-Figueira,CPFL-PAULISTA,33050196000188,FEC,2025,3,0.26000000
2026-10-05,13826,Americana 4-Jardim,CPFL-PAULISTA,33050196000188,DEC,2025,6,0.17000000
2026-10-05,13821,Americana 5-Ipe,CPFL-PAULISTA,33050196000188,NumCon,2025,9,28926.00000000
2026-10-05,16461,Santa Barbara Doeste 1,CPFL-PAULISTA,33050196000188,DEC,2025,11,0.15000000
2026-10-05,13837,Hortolandia 2-Morro Azul,CPFL-PAULISTA,33050196000188,DEC,2025,12,0.28000000
2026-10-05,13811,Campinas 4-Boa Vista,CPFL-PAULISTA,33050196000188,NumCon,2025,10,30220.00000000
2026-10-05,13822,Americana 2-Campo Verde,CPFL-PAULISTA,33050196000188,NumCon,2025,4,30144.00000000
2026-10-05,13810,Campinas 12-Cidade Jardim,CPFL-PAULISTA,33050196000188,NumCon,2025,8,38533.00000000
2026-10-05,13812,Campinas 14-Bandeirantes,CPFL-PAULISTA,33050196000188,NumCon,2025,7,33583.00000000
2026-10-05,13540,MOGI MIRIM UM,ELEKTRO,02328280000197,NumCon,2025,12,29995.00000000
2026-10-05,13796,Itatiba 2-Cruzeiro,CPFL-PAULISTA,33050196000188,FEC,2025,6,0.13000000
2026-10-05,13814,Campinas 15-Dic,CPFL-PAULISTA,33050196000188,FEC,2025,3,0.17000000
2026-10-05,13837,Hortolandia 2-Morro Azul,CPFL-PAULISTA,33050196000188,NumCon,2025,12,45250.00000000
2026-10-05,13808,Campinas 1-Centro,CPFL-PAULISTA,33050196000188,DEC,2025,2,0.17000000
2026-10-05,13830,Sumare 1,CPFL-PAULISTA,33050196000188,NumCon,2025,11,33859.00000000
2026-10-05,13817,Campinas 11-Barao Geraldo,CPFL-PAULISTA,33050196000188,DEC,2025,12,0.49000000
2026-10-05,13810,Campinas 12-Cidade Jardim,CPFL-PAULISTA,33050196000188,DEC,2025,10,0.33000000
2026-10-05,13457,ARTUR NOGUEIRA,ELEKTRO,02328280000197,DEC,2025,1,0.70000000
2026-10-05,13830,Sumare 1,CPFL-PAULISTA,33050196000188,NumCon,2025,1,33134.00000000
2026-10-05,13806,Campinas 8-Viracopos,CPFL-PAULISTA,33050196000188,DEC,2025,3,0.46000000
2026-10-05,13540,MOGI MIRIM UM,ELEKTRO,02328280000197,NumCon,2025,4,29857.00000000
2026-10-05,16440,Campinas 5-Andorinha,CPFL-PAULISTA,33050196000188,FEC,2025,1,0.35000000
2026-10-05,13797,Itatiba 3-Colonial,CPFL-PAULISTA,33050196000188,FEC,2025,8,0.34000000
2026-10-05,13836,Hortolandia 1,CPFL-PAULISTA,33050196000188,NumCon,2025,3,49519.00000000
2026-10-05,13832,Sumare 6-Orquidea,CPFL-PAULISTA,33050196000188,FEC,2025,9,0.28000000
2026-10-05,16441,Campinas 7-Tanquinho,CPFL-PAULISTA,33050196000188,DEC,2025,6,0.56000000
2026-10-05,16464,Valinhos 2-Figueira,CPFL-PAULISTA,33050196000188,FEC,2025,5,0.33000000
2026-10-05,13821,Americana 5-Ipe,CPFL-PAULISTA,33050196000188,FEC,2025,4,0.15000000
2026-10-05,13457,ARTUR NOGUEIRA,ELEKTRO,02328280000197,FEC,2025,8,0.22000000
2026-10-05,13811,Campinas 4-Boa Vista,CPFL-PAULISTA,33050196000188,NumCon,2025,7,30116.00000000
2026-10-05,13800,Campinas 9-Paineiras,CPFL-PAULISTA,33050196000188,DEC,2025,4,0.10000000
2026-10-05,13830,Sumare 1,CPFL-PAULISTA,33050196000188,FEC,2025,5,0.06000000
2026-10-05,16434,Amparo 1,CPFL-PAULISTA,33050196000188,DEC,2025,1,0.43000000
2026-10-05,13841,Rio das Pedras 1,CPFL-PAULISTA,33050196000188,DEC,2025,10,0.45000000
2026-10-05,13821,Americana 5-Ipe,CPFL-PAULISTA,33050196000188,FEC,2025,12,0.14000000
2026-10-05,13836,Hortolandia 1,CPFL-PAULISTA,33050196000188,DEC,2025,9,0.40000000
2026-10-05,13797,Itatiba 3-Colonial,CPFL-PAULISTA,33050196000188,FEC,2025,9,0.35000000
2026-10-05,13841,Rio das Pedras 1,CPFL-PAULISTA,33050196000188,DEC,2025,5,0.25000000
2026-10-05,13837,Hortolandia 2-Morro Azul,CPFL-PAULISTA,33050196000188,NumCon,2025,2,43888.00000000
2026-10-05,13810,Campinas 12-Cidade Jardim,CPFL-PAULISTA,33050196000188,DEC,2025,2,0.23000000
2026-10-05,13808,Campinas 1-Centro,CPFL-PAULISTA,33050196000188,NumCon,2025,5,72405.00000000
2026-10-05,13829,Santa Barbara 2-Barbarense,CPFL-PAULISTA,33050196000188,DEC,2025,12,0.68000000
2026-10-05,13805,Campinas 3-Trevo,CPFL-PAULISTA,33050196000188,DEC,2025,3,0.35000000
2026-10-05,13820,Cosmopolis 1,CPFL-PAULISTA,33050196000188,DEC,2025,2,0.38000000
2026-10-05,13820,Cosmopolis 1,CPFL-PAULISTA,33050196000188,DEC,2025,8,0.35000000
2026-10-05,13822,Americana 2-Campo Verde,CPFL-PAULISTA,33050196000188,NumCon,2025,12,30620.00000000
2026-10-05,13811,Campinas 4-Boa Vista,CPFL-PAULISTA,33050196000188,NumCon,2025,6,30121.00000000
2026-10-05,13826,Americana 4-Jardim,CPFL-PAULISTA,33050196000188,FEC,2025,4,0.09000000
2026-10-05,13808,Campinas 1-Centro,CPFL-PAULISTA,33050196000188,DEC,2025,11,0.13000000
2026-10-05,16434,Amparo 1,CPFL-PAULISTA,33050196000188,DEC,2025,6,0.28000000
2026-10-05,13812,Campinas 14-Bandeirantes,CPFL-PAULISTA,33050196000188,NumCon,2025,12,33821.00000000
2026-10-05,13837,Hortolandia 2-Morro Azul,CPFL-PAULISTA,33050196000188,NumCon,2025,11,45180.00000000
2026-10-05,13841,Rio das Pedras 1,CPFL-PAULISTA,33050196000188,DEC,2025,12,0.21000000
2026-10-05,13796,Itatiba 2-Cruzeiro,CPFL-PAULISTA,33050196000188,FEC,2025,2,0.17000000
2026-10-05,13793,Nova Odessa 1,CPFL-PAULISTA,33050196000188,NumCon,2025,3,20470.00000000
2026-10-05,13826,Americana 4-Jardim,CPFL-PAULISTA,33050196000188,FEC,2025,5,0.06000000
2026-10-05,13808,Campinas 1-Centro,CPFL-PAULISTA,33050196000188,NumCon,2025,4,73342.00000000
2026-10-05,13796,Itatiba 2-Cruzeiro,CPFL-PAULISTA,33050196000188,FEC,2025,8,0.62000000
2026-10-05,13810,Campinas 12-Cidade Jardim,CPFL-PAULISTA,33050196000188,DEC,2025,7,0.11000000
2026-10-05,13837,Hortolandia 2-Morro Azul,CPFL-PAULISTA,33050196000188,NumCon,2025,1,43749.00000000
2026-10-05,13808,Campinas 1-Centro,CPFL-PAULISTA,33050196000188,DEC,2025,7,0.09000000
2026-10-05,16452,Monte Mor 1,CPFL-PAULISTA,33050196000188,NumCon,2025,2,35750.00000000
2026-10-05,2922,JAGUARIUNA,CPFL JAGUARI,53859112000169,NumCon,2025,12,29103.00000000
2026-10-05,13810,Campinas 12-Cidade Jardim,CPFL-PAULISTA,33050196000188,DEC,2025,11,0.14000000
2026-10-05,13807,Campinas 6-Taquaral,CPFL-PAULISTA,33050196000188,DEC,2025,10,0.19000000
2026-10-05,13830,Sumare 1,CPFL-PAULISTA,33050196000188,NumCon,2025,10,33676.00000000
2026-10-05,16441,Campinas 7-Tanquinho,CPFL-PAULISTA,33050196000188,DEC,2025,10,0.60000000
2026-10-05,13808,Campinas 1-Centro,CPFL-PAULISTA,33050196000188,NumCon,2025,6,72469.00000000
2026-10-05,13793,Nova Odessa 1,CPFL-PAULISTA,33050196000188,NumCon,2025,7,20476.00000000
2026-10-05,16434,Amparo 1,CPFL-PAULISTA,33050196000188,NumCon,2025,10,36590.00000000
2026-10-05,13819,Paulinia 1,CPFL-PAULISTA,33050196000188,FEC,2025,9,0.16000000
2026-10-05,13793,Nova Odessa 1,CPFL-PAULISTA,33050196000188,NumCon,2025,1,20430.00000000
2026-10-05,13800,Campinas 9-Paineiras,CPFL-PAULISTA,33050196000188,DEC,2025,8,0.36000000
2026-10-05,13836,Hortolandia 1,CPFL-PAULISTA,33050196000188,NumCon,2025,1,49577.00000000
2026-10-05,13814,Campinas 15-Dic,CPFL-PAULISTA,33050196000188,FEC,2025,5,0.07000000
2026-10-05,13819,Paulinia 1,CPFL-PAULISTA,33050196000188,NumCon,2025,1,33157.00000000
2026-10-05,16441,Campinas 7-Tanquinho,CPFL-PAULISTA,33050196000188,FEC,2025,6,0.19000000
2026-10-05,13457,ARTUR NOGUEIRA,ELEKTRO,02328280000197,FEC,2025,7,0.23000000
2026-10-05,13837,Hortolandia 2-Morro Azul,CPFL-PAULISTA,33050196000188,FEC,2025,5,0.06000000
2026-10-05,13819,Paulinia 1,CPFL-PAULISTA,33050196000188,FEC,2025,6,0.17000000
2026-10-05,13800,Campinas 9-Paineiras,CPFL-PAULISTA,33050196000188,DEC,2025,1,0.44000000
2026-10-05,13808,Campinas 1-Centro,CPFL-PAULISTA,33050196000188,NumCon,2025,11,73024.00000000
2026-10-05,13830,Sumare 1,CPFL-PAULISTA,33050196000188,FEC,2025,10,0.03000000
2026-10-05,13811,Campinas 4-Boa Vista,CPFL-PAULISTA,33050196000188,NumCon,2025,5,30155.00000000
2026-10-05,13540,MOGI MIRIM UM,ELEKTRO,02328280000197,DEC,2025,12,0.25000000
2026-10-05,16440,Campinas 5-Andorinha,CPFL-PAULISTA,33050196000188,FEC,2025,8,0.15000000
2026-10-05,13830,Sumare 1,CPFL-PAULISTA,33050196000188,FEC,2025,3,0.07000000
2026-10-05,13819,Paulinia 1,CPFL-PAULISTA,33050196000188,FEC,2025,1,0.31000000
2026-10-05,13810,Campinas 12-Cidade Jardim,CPFL-PAULISTA,33050196000188,DEC,2025,8,0.29000000
2026-10-05,13836,Hortolandia 1,CPFL-PAULISTA,33050196000188,DEC,2025,3,0.22000000
2026-10-05,13836,Hortolandia 1,CPFL-PAULISTA,33050196000188,NumCon,2025,12,51061.00000000
2026-10-05,13837,Hortolandia 2-Morro Azul,CPFL-PAULISTA,33050196000188,NumCon,2025,4,43656.00000000
2026-10-05,13820,Cosmopolis 1,CPFL-PAULISTA,33050196000188,DEC,2025,7,0.38000000
2026-10-05,13812,Campinas 14-Bandeirantes,CPFL-PAULISTA,33050196000188,NumCon,2025,6,33505.00000000
2026-10-05,13820,Cosmopolis 1,CPFL-PAULISTA,33050196000188,DEC,2025,11,0.35000000
2026-10-05,13793,Nova Odessa 1,CPFL-PAULISTA,33050196000188,NumCon,2025,10,20700.00000000
2026-10-05,13540,MOGI MIRIM UM,ELEKTRO,02328280000197,NumCon,2025,1,29856.00000000
2026-10-05,13808,Campinas 1-Centro,CPFL-PAULISTA,33050196000188,NumCon,2025,9,72668.00000000
2026-10-05,13793,Nova Odessa 1,CPFL-PAULISTA,33050196000188,FEC,2025,12,0.54000000
2026-10-05,13829,Santa Barbara 2-Barbarense,CPFL-PAULISTA,33050196000188,DEC,2025,10,0.41000000
2026-10-05,13802,Valinhos 1,CPFL-PAULISTA,33050196000188,DEC,2025,4,0.32000000
2026-10-05,13457,ARTUR NOGUEIRA,ELEKTRO,02328280000197,DEC,2025,4,0.27000000
2026-10-05,13826,Americana 4-Jardim,CPFL-PAULISTA,33050196000188,DEC,2025,11,0.20000000
2026-10-05,13822,Americana 2-Campo Verde,CPFL-PAULISTA,33050196000188,NumCon,2025,11,30584.00000000
2026-10-05,13809,Campinas 10-Chapadão,CPFL-PAULISTA,33050196000188,FEC,2025,7,0.17000000
2026-10-05,13802,Valinhos 1,CPFL-PAULISTA,33050196000188,DEC,2025,6,0.17000000
2026-10-05,13812,Campinas 14-Bandeirantes,CPFL-PAULISTA,33050196000188,NumCon,2025,1,33067.00000000
2026-10-05,13830,Sumare 1,CPFL-PAULISTA,33050196000188,NumCon,2025,5,33367.00000000
2026-10-05,13807,Campinas 6-Taquaral,CPFL-PAULISTA,33050196000188,DEC,2025,7,0.21000000
2026-10-05,13824,Nova Odessa 2-Fazenda Velha,CPFL-PAULISTA,33050196000188,DEC,2025,5,0.30000000
2026-10-05,13808,Campinas 1-Centro,CPFL-PAULISTA,33050196000188,NumCon,2025,1,72210.00000000
2026-10-05,13826,Americana 4-Jardim,CPFL-PAULISTA,33050196000188,FEC,2025,12,0.08000000
2026-10-05,13819,Paulinia 1,CPFL-PAULISTA,33050196000188,FEC,2025,8,0.21000000
2026-10-05,13793,Nova Odessa 1,CPFL-PAULISTA,33050196000188,NumCon,2025,6,20405.00000000
2026-10-05,13812,Campinas 14-Bandeirantes,CPFL-PAULISTA,33050196000188,NumCon,2025,3,32660.00000000
2026-10-05,16441,Campinas 7-Tanquinho,CPFL-PAULISTA,33050196000188,FEC,2025,7,0.35000000
2026-10-05,13540,MOGI MIRIM UM,ELEKTRO,02328280000197,DEC,2025,5,0.38000000
2026-10-05,16464,Valinhos 2-Figueira,CPFL-PAULISTA,33050196000188,FEC,2025,12,0.16000000
2026-10-05,13819,Paulinia 1,CPFL-PAULISTA,33050196000188,FEC,2025,5,0.21000000
2026-10-05,13832,Sumare 6-Orquidea,CPFL-PAULISTA,33050196000188,FEC,2025,10,0.07000000
2026-10-05,13796,Itatiba 2-Cruzeiro,CPFL-PAULISTA,33050196000188,FEC,2025,9,0.16000000
2026-10-05,13540,MOGI MIRIM UM,ELEKTRO,02328280000197,DEC,2025,10,0.43000000
2026-10-05,13832,Sumare 6-Orquidea,CPFL-PAULISTA,33050196000188,FEC,2025,12,0.26000000
2026-10-05,13808,Campinas 1-Centro,CPFL-PAULISTA,33050196000188,NumCon,2025,2,72214.00000000
2026-10-05,13812,Campinas 14-Bandeirantes,CPFL-PAULISTA,33050196000188,NumCon,2025,2,33131.00000000
2026-10-05,13834,Sumare 4-Nova Aparecida,CPFL-PAULISTA,33050196000188,DEC,2025,1,0.30000000
2026-10-05,13807,Campinas 6-Taquaral,CPFL-PAULISTA,33050196000188,NumCon,2025,7,33428.00000000
2026-10-05,13830,Sumare 1,CPFL-PAULISTA,33050196000188,FEC,2025,2,0.35000000
2026-10-05,13834,Sumare 4-Nova Aparecida,CPFL-PAULISTA,33050196000188,DEC,2025,11,0.12000000
2026-10-05,13793,Nova Odessa 1,CPFL-PAULISTA,33050196000188,NumCon,2025,4,20229.00000000
2026-10-05,13806,Campinas 8-Viracopos,CPFL-PAULISTA,33050196000188,DEC,2025,6,0.26000000
2026-10-05,13796,Itatiba 2-Cruzeiro,CPFL-PAULISTA,33050196000188,FEC,2025,1,0.20000000
2026-10-05,13830,Sumare 1,CPFL-PAULISTA,33050196000188,FEC,2025,7,0.12000000
2026-10-05,13814,Campinas 15-Dic,CPFL-PAULISTA,33050196000188,FEC,2025,10,0.21000000
2026-10-05,13840,Capivari 1,CPFL-PAULISTA,33050196000188,NumCon,2025,6,27658.00000000
2026-10-05,13837,Hortolandia 2-Morro Azul,CPFL-PAULISTA,33050196000188,FEC,2025,3,0.28000000
2026-10-05,13808,Campinas 1-Centro,CPFL-PAULISTA,33050196000188,NumCon,2025,12,73113.00000000
2026-10-05,13826,Americana 4-Jardim,CPFL-PAULISTA,33050196000188,FEC,2025,2,0.16000000
2026-10-05,13540,MOGI MIRIM UM,ELEKTRO,02328280000197,NumCon,2025,11,29961.00000000
2026-10-05,13821,Americana 5-Ipe,CPFL-PAULISTA,33050196000188,NumCon,2025,1,28855.00000000
2026-10-05,13814,Campinas 15-Dic,CPFL-PAULISTA,33050196000188,FEC,2025,8,0.17000000
2026-10-05,13808,Campinas 1-Centro,CPFL-PAULISTA,33050196000188,NumCon,2025,3,72125.00000000
2026-10-05,13824,Nova Odessa 2-Fazenda Velha,CPFL-PAULISTA,33050196000188,DEC,2025,10,0.17000000
2026-10-05,13819,Paulinia 1,CPFL-PAULISTA,33050196000188,FEC,2025,7,0.30000000
2026-10-05,13832,Sumare 6-Orquidea,CPFL-PAULISTA,33050196000188,FEC,2025,4,0.40000000
2026-10-05,13808,Campinas 1-Centro,CPFL-PAULISTA,33050196000188,DEC,2025,3,0.15000000
2026-10-05,13817,Campinas 11-Barao Geraldo,CPFL-PAULISTA,33050196000188,DEC,2025,3,0.12000000
2026-10-05,13840,Capivari 1,CPFL-PAULISTA,33050196000188,NumCon,2025,5,27628.00000000
2026-10-05,13800,Campinas 9-Paineiras,CPFL-PAULISTA,33050196000188,NumCon,2025,6,22856.00000000
2026-10-05,13806,Campinas 8-Viracopos,CPFL-PAULISTA,33050196000188,DEC,2025,4,0.84000000
2026-10-05,13796,Itatiba 2-Cruzeiro,CPFL-PAULISTA,33050196000188,NumCon,2025,4,19408.00000000
2026-10-05,13820,Cosmopolis 1,CPFL-PAULISTA,33050196000188,DEC,2025,1,0.21000000
2026-10-05,13832,Sumare 6-Orquidea,CPFL-PAULISTA,33050196000188,FEC,2025,3,0.15000000
2026-10-05,13540,MOGI MIRIM UM,ELEKTRO,02328280000197,DEC,2025,9,0.22000000
2026-10-05,13826,Americana 4-Jardim,CPFL-PAULISTA,33050196000188,DEC,2025,1,0.23000000
2026-10-05,13834,Sumare 4-Nova Aparecida,CPFL-PAULISTA,33050196000188,DEC,2025,5,0.19000000
2026-10-05,13807,Campinas 6-Taquaral,CPFL-PAULISTA,33050196000188,DEC,2025,5,0.12000000
2026-10-05,13540,MOGI MIRIM UM,ELEKTRO,02328280000197,NumCon,2025,8,29824.00000000
2026-10-05,16440,Campinas 5-Andorinha,CPFL-PAULISTA,33050196000188,FEC,2025,7,0.33000000
2026-10-05,13820,Cosmopolis 1,CPFL-PAULISTA,33050196000188,DEC,2025,4,0.22000000
2026-10-05,13800,Campinas 9-Paineiras,CPFL-PAULISTA,33050196000188,NumCon,2025,5,22820.00000000
2026-10-05,13829,Santa Barbara 2-Barbarense,CPFL-PAULISTA,33050196000188,DEC,2025,9,0.52000000
2026-10-05,13796,Itatiba 2-Cruzeiro,CPFL-PAULISTA,33050196000188,FEC,2025,7,0.47000000
2026-10-05,13810,Campinas 12-Cidade Jardim,CPFL-PAULISTA,33050196000188,DEC,2025,5,0.13000000
2026-10-05,13820,Cosmopolis 1,CPFL-PAULISTA,33050196000188,DEC,2025,9,0.23000000
2026-10-05,16433,Americana 1,CPFL-PAULISTA,33050196000188,DEC,2025,3,0.22000000
2026-10-05,13540,MOGI MIRIM UM,ELEKTRO,02328280000197,DEC,2025,4,0.20000000
2026-10-05,13834,Sumare 4-Nova Aparecida,CPFL-PAULISTA,33050196000188,DEC,2025,9,0.37000000
2026-10-05,13829,Santa Barbara 2-Barbarense,CPFL-PAULISTA,33050196000188,DEC,2025,3,0.31000000
2026-10-05,16461,Santa Barbara Doeste 1,CPFL-PAULISTA,33050196000188,NumCon,2025,6,34458.00000000
2026-10-05,13832,Sumare 6-Orquidea,CPFL-PAULISTA,33050196000188,DEC,2025,2,0.88000000
2026-10-05,16434,Amparo 1,CPFL-PAULISTA,33050196000188,NumCon,2025,8,36525.00000000
2026-10-05,13811,Campinas 4-Boa Vista,CPFL-PAULISTA,33050196000188,NumCon,2025,8,30148.00000000
2026-10-05,13832,Sumare 6-Orquidea,CPFL-PAULISTA,33050196000188,DEC,2025,1,0.54000000
2026-10-05,13820,Cosmopolis 1,CPFL-PAULISTA,33050196000188,DEC,2025,6,0.27000000
2026-10-05,13808,Campinas 1-Centro,CPFL-PAULISTA,33050196000188,DEC,2025,12,0.17000000
2026-10-05,13826,Americana 4-Jardim,CPFL-PAULISTA,33050196000188,NumCon,2025,12,40172.00000000
2026-10-05,13814,Campinas 15-Dic,CPFL-PAULISTA,33050196000188,FEC,2025,11,0.18000000
2026-10-05,13840,Capivari 1,CPFL-PAULISTA,33050196000188,NumCon,2025,9,27818.00000000
2026-10-05,13800,Campinas 9-Paineiras,CPFL-PAULISTA,33050196000188,NumCon,2025,9,22894.00000000
2026-10-05,13824,Nova Odessa 2-Fazenda Velha,CPFL-PAULISTA,33050196000188,DEC,2025,12,0.32000000
2026-10-05,13826,Americana 4-Jardim,CPFL-PAULISTA,33050196000188,DEC,2025,7,0.31000000
2026-10-05,13826,Americana 4-Jardim,CPFL-PAULISTA,33050196000188,NumCon,2025,3,39191.00000000
2026-10-05,13812,Campinas 14-Bandeirantes,CPFL-PAULISTA,33050196000188,NumCon,2025,10,33762.00000000
2026-10-05,13814,Campinas 15-Dic,CPFL-PAULISTA,33050196000188,DEC,2025,9,0.23000000
2026-10-05,13833,Sumare 2-Tres M,CPFL-PAULISTA,33050196000188,NumCon,2025,5,17236.00000000
2026-10-05,13540,MOGI MIRIM UM,ELEKTRO,02328280000197,NumCon,2025,7,29820.00000000
2026-10-05,13840,Capivari 1,CPFL-PAULISTA,33050196000188,NumCon,2025,4,27554.00000000
2026-10-05,13811,Campinas 4-Boa Vista,CPFL-PAULISTA,33050196000188,NumCon,2025,9,30108.00000000
2026-10-05,13810,Campinas 12-Cidade Jardim,CPFL-PAULISTA,33050196000188,DEC,2025,3,0.49000000
2026-10-05,13810,Campinas 12-Cidade Jardim,CPFL-PAULISTA,33050196000188,FEC,2025,5,0.07000000
2026-10-05,13831,Sumare 5-Nova Veneza,CPFL-PAULISTA,33050196000188,FEC,2025,8,0.11000000
2026-10-05,13833,Sumare 2-Tres M,CPFL-PAULISTA,33050196000188,NumCon,2025,9,17352.00000000
2026-10-05,13837,Hortolandia 2-Morro Azul,CPFL-PAULISTA,33050196000188,NumCon,2025,5,44056.00000000
2026-10-05,13814,Campinas 15-Dic,CPFL-PAULISTA,33050196000188,FEC,2025,1,0.13000000
2026-10-05,13810,Campinas 12-Cidade Jardim,CPFL-PAULISTA,33050196000188,DEC,2025,9,0.71000000
2026-10-05,13829,Santa Barbara 2-Barbarense,CPFL-PAULISTA,33050196000188,DEC,2025,5,0.18000000
2026-10-05,13812,Campinas 14-Bandeirantes,CPFL-PAULISTA,33050196000188,NumCon,2025,9,33649.00000000
2026-10-05,2922,JAGUARIUNA,CPFL JAGUARI,53859112000169,NumCon,2025,6,28658.00000000
2026-10-05,13833,Sumare 2-Tres M,CPFL-PAULISTA,33050196000188,NumCon,2025,4,17114.00000000
2026-10-05,13837,Hortolandia 2-Morro Azul,CPFL-PAULISTA,33050196000188,NumCon,2025,9,44596.00000000
2026-10-05,13814,Campinas 15-Dic,CPFL-PAULISTA,33050196000188,DEC,2025,12,0.59000000
2026-10-05,13820,Cosmopolis 1,CPFL-PAULISTA,33050196000188,DEC,2025,3,0.36000000
2026-10-05,13810,Campinas 12-Cidade Jardim,CPFL-PAULISTA,33050196000188,FEC,2025,3,0.27000000
2026-10-05,13796,Itatiba 2-Cruzeiro,CPFL-PAULISTA,33050196000188,NumCon,2025,6,19529.00000000
2026-10-05,13834,Sumare 4-Nova Aparecida,CPFL-PAULISTA,33050196000188,DEC,2025,4,0.22000000
2026-10-05,13802,Valinhos 1,CPFL-PAULISTA,33050196000188,FEC,2025,8,0.27000000
2026-10-05,13811,Campinas 4-Boa Vista,CPFL-PAULISTA,33050196000188,DEC,2025,9,0.18000000
2026-10-05,13805,Campinas 3-Trevo,CPFL-PAULISTA,33050196000188,NumCon,2025,10,40939.00000000
2026-10-05,13834,Sumare 4-Nova Aparecida,CPFL-PAULISTA,33050196000188,DEC,2025,8,0.53000000
2026-10-05,13808,Campinas 1-Centro,CPFL-PAULISTA,33050196000188,NumCon,2025,10,72943.00000000
2026-10-05,16433,Americana 1,CPFL-PAULISTA,33050196000188,DEC,2025,9,0.25000000
2026-10-05,13840,Capivari 1,CPFL-PAULISTA,33050196000188,FEC,2025,4,0.38000000
2026-10-05,13834,Sumare 4-Nova Aparecida,CPFL-PAULISTA,33050196000188,DEC,2025,6,0.41000000
2026-10-05,16464,Valinhos 2-Figueira,CPFL-PAULISTA,33050196000188,FEC,2025,7,0.27000000
2026-10-05,13814,Campinas 15-Dic,CPFL-PAULISTA,33050196000188,DEC,2025,5,0.24000000
2026-10-05,16461,Santa Barbara Doeste 1,CPFL-PAULISTA,33050196000188,NumCon,2025,8,34503.00000000
2026-10-05,13826,Americana 4-Jardim,CPFL-PAULISTA,33050196000188,FEC,2025,1,0.09000000
2026-10-05,13810,Campinas 12-Cidade Jardim,CPFL-PAULISTA,33050196000188,DEC,2025,12,0.32000000
2026-10-05,13810,Campinas 12-Cidade Jardim,CPFL-PAULISTA,33050196000188,FEC,2025,4,0.21000000
2026-10-05,16464,Valinhos 2-Figueira,CPFL-PAULISTA,33050196000188,FEC,2025,1,0.51000000
2026-10-05,13840,Capivari 1,CPFL-PAULISTA,33050196000188,FEC,2025,12,0.14000000
2026-10-05,13831,Sumare 5-Nova Veneza,CPFL-PAULISTA,33050196000188,FEC,2025,7,0.18000000
2026-10-05,16464,Valinhos 2-Figueira,CPFL-PAULISTA,33050196000188,FEC,2025,6,0.26000000
2026-10-05,13812,Campinas 14-Bandeirantes,CPFL-PAULISTA,33050196000188,DEC,2025,10,0.72000000
2026-10-05,13831,Sumare 5-Nova Veneza,CPFL-PAULISTA,33050196000188,DEC,2025,2,0.19000000
2026-10-05,16441,Campinas 7-Tanquinho,CPFL-PAULISTA,33050196000188,FEC,2025,1,0.28000000
2026-10-05,16452,Monte Mor 1,CPFL-PAULISTA,33050196000188,NumCon,2025,4,35778.00000000
2026-10-05,13814,Campinas 15-Dic,CPFL-PAULISTA,33050196000188,FEC,2025,2,0.42000000
2026-10-05,13840,Capivari 1,CPFL-PAULISTA,33050196000188,NumCon,2025,7,27719.00000000
2026-10-05,13802,Valinhos 1,CPFL-PAULISTA,33050196000188,FEC,2025,12,0.22000000
2026-10-05,13821,Americana 5-Ipe,CPFL-PAULISTA,33050196000188,NumCon,2025,12,28935.00000000
2026-10-05,13807,Campinas 6-Taquaral,CPFL-PAULISTA,33050196000188,DEC,2025,3,0.27000000
2026-10-05,13808,Campinas 1-Centro,CPFL-PAULISTA,33050196000188,DEC,2025,9,0.14000000
2026-10-05,13811,Campinas 4-Boa Vista,CPFL-PAULISTA,33050196000188,DEC,2025,4,0.16000000
2026-10-05,16433,Americana 1,CPFL-PAULISTA,33050196000188,DEC,2025,5,0.22000000
2026-10-05,13834,Sumare 4-Nova Aparecida,CPFL-PAULISTA,33050196000188,DEC,2025,2,0.37000000
2026-10-05,13811,Campinas 4-Boa Vista,CPFL-PAULISTA,33050196000188,DEC,2025,6,0.46000000
2026-10-05,16433,Americana 1,CPFL-PAULISTA,33050196000188,DEC,2025,12,0.64000000
2026-10-05,13800,Campinas 9-Paineiras,CPFL-PAULISTA,33050196000188,NumCon,2025,4,22707.00000000
2026-10-05,13837,Hortolandia 2-Morro Azul,CPFL-PAULISTA,33050196000188,NumCon,2025,6,44085.00000000
2026-10-05,13793,Nova Odessa 1,CPFL-PAULISTA,33050196000188,NumCon,2025,8,20621.00000000
2026-10-05,13820,Cosmopolis 1,CPFL-PAULISTA,33050196000188,DEC,2025,10,0.57000000
2026-10-05,13805,Campinas 3-Trevo,CPFL-PAULISTA,33050196000188,NumCon,2025,7,40822.00000000
2026-10-05,13808,Campinas 1-Centro,CPFL-PAULISTA,33050196000188,DEC,2025,5,0.05000000
2026-10-05,13831,Sumare 5-Nova Veneza,CPFL-PAULISTA,33050196000188,FEC,2025,6,0.50000000
2026-10-05,13814,Campinas 15-Dic,CPFL-PAULISTA,33050196000188,DEC,2025,10,0.71000000
2026-10-05,13831,Sumare 5-Nova Veneza,CPFL-PAULISTA,33050196000188,FEC,2025,2,0.14000000
2026-10-05,13812,Campinas 14-Bandeirantes,CPFL-PAULISTA,33050196000188,NumCon,2025,4,33046.00000000
2026-10-05,13840,Capivari 1,CPFL-PAULISTA,33050196000188,NumCon,2025,11,27754.00000000
2026-10-05,13799,Campinas 2-Souzas,CPFL-PAULISTA,33050196000188,FEC,2025,11,0.18000000
2026-10-05,16441,Campinas 7-Tanquinho,CPFL-PAULISTA,33050196000188,FEC,2025,8,0.23000000
2026-10-05,13840,Capivari 1,CPFL-PAULISTA,33050196000188,FEC,2025,3,0.28000000
2026-10-05,13831,Sumare 5-Nova Veneza,CPFL-PAULISTA,33050196000188,DEC,2025,11,0.07000000
2026-10-05,13800,Campinas 9-Paineiras,CPFL-PAULISTA,33050196000188,NumCon,2025,8,22904.00000000
2026-10-05,13821,Americana 5-Ipe,CPFL-PAULISTA,33050196000188,NumCon,2025,3,28617.00000000
2026-10-05,13833,Sumare 2-Tres M,CPFL-PAULISTA,33050196000188,NumCon,2025,11,17381.00000000
2026-10-05,13807,Campinas 6-Taquaral,CPFL-PAULISTA,33050196000188,DEC,2025,12,0.11000000
2026-10-05,13837,Hortolandia 2-Morro Azul,CPFL-PAULISTA,33050196000188,NumCon,2025,10,45082.00000000
2026-10-05,13826,Americana 4-Jardim,CPFL-PAULISTA,33050196000188,FEC,2025,11,0.14000000
2026-10-05,16441,Campinas 7-Tanquinho,CPFL-PAULISTA,33050196000188,DEC,2025,5,0.50000000
2026-10-05,13802,Valinhos 1,CPFL-PAULISTA,33050196000188,FEC,2025,2,0.19000000
2026-10-05,13810,Campinas 12-Cidade Jardim,CPFL-PAULISTA,33050196000188,FEC,2025,12,0.22000000
2026-10-05,16464,Valinhos 2-Figueira,CPFL-PAULISTA,33050196000188,DEC,2025,8,0.18000000
2026-10-05,13811,Campinas 4-Boa Vista,CPFL-PAULISTA,33050196000188,DEC,2025,1,0.67000000
2026-10-05,13835,Sumare 3-Quilombo,CPFL-PAULISTA,33050196000188,FEC,2025,7,0.27000000
2026-10-05,16441,Campinas 7-Tanquinho,CPFL-PAULISTA,33050196000188,DEC,2025,1,0.53000000
2026-10-05,13833,Sumare 2-Tres M,CPFL-PAULISTA,33050196000188,NumCon,2025,7,17299.00000000
2026-10-05,13812,Campinas 14-Bandeirantes,CPFL-PAULISTA,33050196000188,DEC,2025,3,0.45000000
2026-10-05,13802,Valinhos 1,CPFL-PAULISTA,33050196000188,FEC,2025,1,0.22000000
2026-10-05,13810,Campinas 12-Cidade Jardim,CPFL-PAULISTA,33050196000188,DEC,2025,1,0.31000000
2026-10-05,13822,Americana 2-Campo Verde,CPFL-PAULISTA,33050196000188,DEC,2025,7,0.20000000
2026-10-05,13812,Campinas 14-Bandeirantes,CPFL-PAULISTA,33050196000188,DEC,2025,12,0.53000000
2026-10-05,13818,Paulinia 2-Morumbi,CPFL-PAULISTA,33050196000188,NumCon,2025,8,17477.00000000
2026-10-05,16461,Santa Barbara Doeste 1,CPFL-PAULISTA,33050196000188,NumCon,2025,1,34310.00000000
2026-10-05,13829,Santa Barbara 2-Barbarense,CPFL-PAULISTA,33050196000188,FEC,2025,12,0.31000000
2026-10-05,16464,Valinhos 2-Figueira,CPFL-PAULISTA,33050196000188,DEC,2025,10,0.48000000
2026-10-05,13833,Sumare 2-Tres M,CPFL-PAULISTA,33050196000188,NumCon,2025,6,17274.00000000
2026-10-05,13818,Paulinia 2-Morumbi,CPFL-PAULISTA,33050196000188,NumCon,2025,6,17224.00000000
2026-10-05,13829,Santa Barbara 2-Barbarense,CPFL-PAULISTA,33050196000188,FEC,2025,4,0.07000000
2026-10-05,13812,Campinas 14-Bandeirantes,CPFL-PAULISTA,33050196000188,DEC,2025,5,0.27000000
2026-10-05,13836,Hortolandia 1,CPFL-PAULISTA,33050196000188,DEC,2025,6,0.32000000
2026-10-05,13812,Campinas 14-Bandeirantes,CPFL-PAULISTA,33050196000188,DEC,2025,9,0.39000000
2026-10-05,13813,Campinas 16-Jardim Marajo,CPFL-PAULISTA,33050196000188,DEC,2025,9,0.40000000
2026-10-05,13818,Paulinia 2-Morumbi,CPFL-PAULISTA,33050196000188,NumCon,2025,1,17039.00000000
2026-10-05,13833,Sumare 2-Tres M,CPFL-PAULISTA,33050196000188,NumCon,2025,2,17100.00000000
2026-10-05,13833,Sumare 2-Tres M,CPFL-PAULISTA,33050196000188,NumCon,2025,1,17041.00000000
2026-10-05,13807,Campinas 6-Taquaral,CPFL-PAULISTA,33050196000188,DEC,2025,9,0.20000000
2026-10-05,13807,Campinas 6-Taquaral,CPFL-PAULISTA,33050196000188,FEC,2025,1,0.24000000
2026-10-05,13833,Sumare 2-Tres M,CPFL-PAULISTA,33050196000188,NumCon,2025,8,17298.00000000
2026-10-05,13829,Santa Barbara 2-Barbarense,CPFL-PAULISTA,33050196000188,FEC,2025,1,0.19000000
2026-10-05,13811,Campinas 4-Boa Vista,CPFL-PAULISTA,33050196000188,DEC,2025,12,0.17000000
2026-10-05,13800,Campinas 9-Paineiras,CPFL-PAULISTA,33050196000188,NumCon,2025,7,22920.00000000
2026-10-05,13833,Sumare 2-Tres M,CPFL-PAULISTA,33050196000188,FEC,2025,5,0.06000000
2026-10-05,13457,ARTUR NOGUEIRA,ELEKTRO,02328280000197,FEC,2025,10,0.18000000
2026-10-05,13833,Sumare 2-Tres M,CPFL-PAULISTA,33050196000188,FEC,2025,7,0.05000000
2026-10-05,13822,Americana 2-Campo Verde,CPFL-PAULISTA,33050196000188,DEC,2025,11,0.18000000
2026-10-05,16440,Campinas 5-Andorinha,CPFL-PAULISTA,33050196000188,FEC,2025,6,0.13000000
2026-10-05,13807,Campinas 6-Taquaral,CPFL-PAULISTA,33050196000188,FEC,2025,9,0.10000000
2026-10-05,13457,ARTUR NOGUEIRA,ELEKTRO,02328280000197,FEC,2025,1,0.33000000
2026-10-05,16441,Campinas 7-Tanquinho,CPFL-PAULISTA,33050196000188,DEC,2025,11,0.42000000
2026-10-05,13820,Cosmopolis 1,CPFL-PAULISTA,33050196000188,DEC,2025,5,0.13000000
2026-10-05,13829,Santa Barbara 2-Barbarense,CPFL-PAULISTA,33050196000188,FEC,2025,5,0.07000000
2026-10-05,13807,Campinas 6-Taquaral,CPFL-PAULISTA,33050196000188,FEC,2025,6,0.14000000
2026-10-05,13800,Campinas 9-Paineiras,CPFL-PAULISTA,33050196000188,NumCon,2025,10,22958.00000000
2026-10-05,13796,Itatiba 2-Cruzeiro,CPFL-PAULISTA,33050196000188,NumCon,2025,2,19459.00000000
2026-10-05,13829,Santa Barbara 2-Barbarense,CPFL-PAULISTA,33050196000188,FEC,2025,3,0.12000000
2026-10-05,16464,Valinhos 2-Figueira,CPFL-PAULISTA,33050196000188,DEC,2025,3,0.37000000
2026-10-05,16441,Campinas 7-Tanquinho,CPFL-PAULISTA,33050196000188,DEC,2025,7,0.44000000
2026-10-05,13833,Sumare 2-Tres M,CPFL-PAULISTA,33050196000188,FEC,2025,2,0.12000000
2026-10-05,13457,ARTUR NOGUEIRA,ELEKTRO,02328280000197,FEC,2025,9,0.32000000
2026-10-05,13814,Campinas 15-Dic,CPFL-PAULISTA,33050196000188,DEC,2025,3,0.33000000
2026-10-05,13808,Campinas 1-Centro,CPFL-PAULISTA,33050196000188,NumCon,2025,7,72548.00000000
2026-10-05,13812,Campinas 14-Bandeirantes,CPFL-PAULISTA,33050196000188,FEC,2025,4,0.13000000
2026-10-05,13833,Sumare 2-Tres M,CPFL-PAULISTA,33050196000188,FEC,2025,11,0.03000000
2026-10-05,13831,Sumare 5-Nova Veneza,CPFL-PAULISTA,33050196000188,DEC,2025,1,0.32000000
2026-10-05,13833,Sumare 2-Tres M,CPFL-PAULISTA,33050196000188,NumCon,2025,10,17383.00000000
2026-10-05,16464,Valinhos 2-Figueira,CPFL-PAULISTA,33050196000188,DEC,2025,12,0.32000000
2026-10-05,13802,Valinhos 1,CPFL-PAULISTA,33050196000188,FEC,2025,7,0.14000000
2026-10-05,16464,Valinhos 2-Figueira,CPFL-PAULISTA,33050196000188,DEC,2025,9,0.30000000
2026-10-05,13818,Paulinia 2-Morumbi,CPFL-PAULISTA,33050196000188,FEC,2025,3,0.21000000
2026-10-05,13820,Cosmopolis 1,CPFL-PAULISTA,33050196000188,DEC,2025,12,0.56000000
2026-10-05,13840,Capivari 1,CPFL-PAULISTA,33050196000188,NumCon,2025,1,27559.00000000
2026-10-05,13811,Campinas 4-Boa Vista,CPFL-PAULISTA,33050196000188,DEC,2025,5,0.23000000
2026-10-05,16433,Americana 1,CPFL-PAULISTA,33050196000188,DEC,2025,8,0.35000000
2026-10-05,13457,ARTUR NOGUEIRA,ELEKTRO,02328280000197,FEC,2025,4,0.16000000
2026-10-05,13807,Campinas 6-Taquaral,CPFL-PAULISTA,33050196000188,FEC,2025,2,0.04000000
2026-10-05,13840,Capivari 1,CPFL-PAULISTA,33050196000188,NumCon,2025,12,27942.00000000
2026-10-05,13805,Campinas 3-Trevo,CPFL-PAULISTA,33050196000188,NumCon,2025,9,40861.00000000
2026-10-05,13820,Cosmopolis 1,CPFL-PAULISTA,33050196000188,NumCon,2025,2,24809.00000000
2026-10-05,16461,Santa Barbara Doeste 1,CPFL-PAULISTA,33050196000188,NumCon,2025,4,34216.00000000
2026-10-05,13805,Campinas 3-Trevo,CPFL-PAULISTA,33050196000188,DEC,2025,2,0.61000000
2026-10-05,16464,Valinhos 2-Figueira,CPFL-PAULISTA,33050196000188,FEC,2025,11,0.16000000
2026-10-05,13805,Campinas 3-Trevo,CPFL-PAULISTA,33050196000188,NumCon,2025,11,41261.00000000
2026-10-05,16464,Valinhos 2-Figueira,CPFL-PAULISTA,33050196000188,DEC,2025,5,0.42000000
2026-10-05,13540,MOGI MIRIM UM,ELEKTRO,02328280000197,NumCon,2025,5,29845.00000000
2026-10-05,13813,Campinas 16-Jardim Marajo,CPFL-PAULISTA,33050196000188,DEC,2025,2,0.67000000
2026-10-05,13837,Hortolandia 2-Morro Azul,CPFL-PAULISTA,33050196000188,NumCon,2025,8,44402.00000000
2026-10-05,13840,Capivari 1,CPFL-PAULISTA,33050196000188,NumCon,2025,2,27513.00000000
2026-10-05,13833,Sumare 2-Tres M,CPFL-PAULISTA,33050196000188,FEC,2025,8,0.10000000
2026-10-05,13810,Campinas 12-Cidade Jardim,CPFL-PAULISTA,33050196000188,NumCon,2025,9,38658.00000000
2026-10-05,13840,Capivari 1,CPFL-PAULISTA,33050196000188,NumCon,2025,3,27528.00000000
2026-10-05,13836,Hortolandia 1,CPFL-PAULISTA,33050196000188,NumCon,2025,8,50685.00000000
2026-10-05,13802,Valinhos 1,CPFL-PAULISTA,33050196000188,FEC,2025,3,0.27000000
2026-10-05,13833,Sumare 2-Tres M,CPFL-PAULISTA,33050196000188,FEC,2025,4,0.05000000
2026-10-05,13805,Campinas 3-Trevo,CPFL-PAULISTA,33050196000188,DEC,2025,7,0.30000000
2026-10-05,13809,Campinas 10-Chapadão,CPFL-PAULISTA,33050196000188,DEC,2025,8,0.07000000
2026-10-05,13818,Paulinia 2-Morumbi,CPFL-PAULISTA,33050196000188,NumCon,2025,3,17009.00000000
2026-10-05,13810,Campinas 12-Cidade Jardim,CPFL-PAULISTA,33050196000188,NumCon,2025,5,38073.00000000
2026-10-05,13829,Santa Barbara 2-Barbarense,CPFL-PAULISTA,33050196000188,FEC,2025,8,0.27000000
2026-10-05,13837,Hortolandia 2-Morro Azul,CPFL-PAULISTA,33050196000188,DEC,2025,2,0.31000000
2026-10-05,13800,Campinas 9-Paineiras,CPFL-PAULISTA,33050196000188,NumCon,2025,11,22967.00000000
2026-10-05,16452,Monte Mor 1,CPFL-PAULISTA,33050196000188,NumCon,2025,9,36119.00000000
2026-10-05,13799,Campinas 2-Souzas,CPFL-PAULISTA,33050196000188,FEC,2025,5,0.08000000
2026-10-05,13811,Campinas 4-Boa Vista,CPFL-PAULISTA,33050196000188,DEC,2025,8,0.20000000
2026-10-05,13796,Itatiba 2-Cruzeiro,CPFL-PAULISTA,33050196000188,NumCon,2025,12,19799.00000000
2026-10-05,13836,Hortolandia 1,CPFL-PAULISTA,33050196000188,NumCon,2025,10,50944.00000000
2026-10-05,13799,Campinas 2-Souzas,CPFL-PAULISTA,33050196000188,FEC,2025,4,0.34000000
2026-10-05,13833,Sumare 2-Tres M,CPFL-PAULISTA,33050196000188,FEC,2025,1,0.19000000
2026-10-05,13833,Sumare 2-Tres M,CPFL-PAULISTA,33050196000188,FEC,2025,6,0.04000000
2026-10-05,16452,Monte Mor 1,CPFL-PAULISTA,33050196000188,NumCon,2025,5,35908.00000000
2026-10-05,13813,Campinas 16-Jardim Marajo,CPFL-PAULISTA,33050196000188,FEC,2025,3,0.11000000
2026-10-05,16464,Valinhos 2-Figueira,CPFL-PAULISTA,33050196000188,FEC,2025,9,0.13000000
2026-10-05,13540,MOGI MIRIM UM,ELEKTRO,02328280000197,NumCon,2025,10,29849.00000000
2026-10-05,13811,Campinas 4-Boa Vista,CPFL-PAULISTA,33050196000188,DEC,2025,7,0.28000000
2026-10-05,16464,Valinhos 2-Figueira,CPFL-PAULISTA,33050196000188,FEC,2025,2,0.24000000
2026-10-05,13799,Campinas 2-Souzas,CPFL-PAULISTA,33050196000188,FEC,2025,3,0.74000000
2026-10-05,13805,Campinas 3-Trevo,CPFL-PAULISTA,33050196000188,NumCon,2025,6,40812.00000000
2026-10-05,13811,Campinas 4-Boa Vista,CPFL-PAULISTA,33050196000188,DEC,2025,11,0.66000000
2026-10-05,13829,Santa Barbara 2-Barbarense,CPFL-PAULISTA,33050196000188,FEC,2025,6,0.14000000
2026-10-05,13811,Campinas 4-Boa Vista,CPFL-PAULISTA,33050196000188,DEC,2025,2,0.57000000
2026-10-05,13829,Santa Barbara 2-Barbarense,CPFL-PAULISTA,33050196000188,FEC,2025,9,0.36000000
2026-10-05,13836,Hortolandia 1,CPFL-PAULISTA,33050196000188,DEC,2025,11,0.37000000
2026-10-05,13824,Nova Odessa 2-Fazenda Velha,CPFL-PAULISTA,33050196000188,DEC,2025,8,0.17000000
2026-10-05,16441,Campinas 7-Tanquinho,CPFL-PAULISTA,33050196000188,DEC,2025,12,0.68000000
2026-10-05,13809,Campinas 10-Chapadão,CPFL-PAULISTA,33050196000188,DEC,2025,1,0.57000000
2026-10-05,13818,Paulinia 2-Morumbi,CPFL-PAULISTA,33050196000188,NumCon,2025,11,17693.00000000
2026-10-05,13818,Paulinia 2-Morumbi,CPFL-PAULISTA,33050196000188,NumCon,2025,4,16973.00000000
2026-10-05,13836,Hortolandia 1,CPFL-PAULISTA,33050196000188,DEC,2025,7,0.47000000
2026-10-05,13805,Campinas 3-Trevo,CPFL-PAULISTA,33050196000188,NumCon,2025,5,40747.00000000
2026-10-05,13837,Hortolandia 2-Morro Azul,CPFL-PAULISTA,33050196000188,DEC,2025,10,0.31000000
2026-10-05,13821,Americana 5-Ipe,CPFL-PAULISTA,33050196000188,NumCon,2025,4,28778.00000000
2026-10-05,16452,Monte Mor 1,CPFL-PAULISTA,33050196000188,NumCon,2025,11,36287.00000000
2026-10-05,13843,Piracicaba 4-Unileste,CPFL-PAULISTA,33050196000188,DEC,2025,3,0.35000000
2026-10-05,16461,Santa Barbara Doeste 1,CPFL-PAULISTA,33050196000188,NumCon,2025,5,34459.00000000
2026-10-05,16441,Campinas 7-Tanquinho,CPFL-PAULISTA,33050196000188,FEC,2025,4,0.15000000
2026-10-05,13822,Americana 2-Campo Verde,CPFL-PAULISTA,33050196000188,NumCon,2025,8,30507.00000000
2026-10-05,13814,Campinas 15-Dic,CPFL-PAULISTA,33050196000188,DEC,2025,1,0.36000000
2026-10-05,13813,Campinas 16-Jardim Marajo,CPFL-PAULISTA,33050196000188,DEC,2025,8,0.36000000
2026-10-05,13540,MOGI MIRIM UM,ELEKTRO,02328280000197,NumCon,2025,9,29831.00000000
2026-10-05,16441,Campinas 7-Tanquinho,CPFL-PAULISTA,33050196000188,DEC,2025,9,0.47000000
2026-10-05,13813,Campinas 16-Jardim Marajo,CPFL-PAULISTA,33050196000188,FEC,2025,12,0.16000000
2026-10-05,13840,Capivari 1,CPFL-PAULISTA,33050196000188,FEC,2025,7,0.16000000
2026-10-05,13540,MOGI MIRIM UM,ELEKTRO,02328280000197,NumCon,2025,2,29872.00000000
2026-10-05,16464,Valinhos 2-Figueira,CPFL-PAULISTA,33050196000188,FEC,2025,8,0.07000000
2026-10-05,16461,Santa Barbara Doeste 1,CPFL-PAULISTA,33050196000188,NumCon,2025,9,34531.00000000
2026-10-05,13829,Santa Barbara 2-Barbarense,CPFL-PAULISTA,33050196000188,FEC,2025,2,0.35000000
2026-10-05,13822,Americana 2-Campo Verde,CPFL-PAULISTA,33050196000188,DEC,2025,10,0.30000000
2026-10-05,13813,Campinas 16-Jardim Marajo,CPFL-PAULISTA,33050196000188,FEC,2025,4,0.08000000
2026-10-05,16434,Amparo 1,CPFL-PAULISTA,33050196000188,DEC,2025,3,0.50000000
2026-10-05,13810,Campinas 12-Cidade Jardim,CPFL-PAULISTA,33050196000188,FEC,2025,8,0.18000000
2026-10-05,16440,Campinas 5-Andorinha,CPFL-PAULISTA,33050196000188,FEC,2025,12,0.24000000
2026-10-05,16464,Valinhos 2-Figueira,CPFL-PAULISTA,33050196000188,FEC,2025,4,0.13000000
2026-10-05,13822,Americana 2-Campo Verde,CPFL-PAULISTA,33050196000188,DEC,2025,9,0.45000000
2026-10-05,13808,Campinas 1-Centro,CPFL-PAULISTA,33050196000188,FEC,2025,2,0.09000000
2026-10-05,13822,Americana 2-Campo Verde,CPFL-PAULISTA,33050196000188,DEC,2025,5,0.18000000
2026-10-05,13829,Santa Barbara 2-Barbarense,CPFL-PAULISTA,33050196000188,DEC,2025,2,0.46000000
2026-10-05,13797,Itatiba 3-Colonial,CPFL-PAULISTA,33050196000188,NumCon,2025,6,37426.00000000
2026-10-05,13810,Campinas 12-Cidade Jardim,CPFL-PAULISTA,33050196000188,NumCon,2025,12,38874.00000000
2026-10-05,13814,Campinas 15-Dic,CPFL-PAULISTA,33050196000188,DEC,2025,4,0.85000000
2026-10-05,13802,Valinhos 1,CPFL-PAULISTA,33050196000188,FEC,2025,4,0.18000000
2026-10-05,13799,Campinas 2-Souzas,CPFL-PAULISTA,33050196000188,FEC,2025,8,0.23000000
2026-10-05,13837,Hortolandia 2-Morro Azul,CPFL-PAULISTA,33050196000188,DEC,2025,7,0.16000000
2026-10-05,13836,Hortolandia 1,CPFL-PAULISTA,33050196000188,DEC,2025,1,0.40000000
2026-10-05,13805,Campinas 3-Trevo,CPFL-PAULISTA,33050196000188,DEC,2025,12,0.41000000
2026-10-05,13799,Campinas 2-Souzas,CPFL-PAULISTA,33050196000188,FEC,2025,6,0.17000000
2026-10-05,13814,Campinas 15-Dic,CPFL-PAULISTA,33050196000188,DEC,2025,6,0.21000000
2026-10-05,13840,Capivari 1,CPFL-PAULISTA,33050196000188,FEC,2025,6,0.27000000
2026-10-05,13818,Paulinia 2-Morumbi,CPFL-PAULISTA,33050196000188,NumCon,2025,5,17198.00000000
2026-10-05,13814,Campinas 15-Dic,CPFL-PAULISTA,33050196000188,FEC,2025,12,0.29000000
2026-10-05,13457,ARTUR NOGUEIRA,ELEKTRO,02328280000197,DEC,2025,10,0.35000000
2026-10-05,13829,Santa Barbara 2-Barbarense,CPFL-PAULISTA,33050196000188,DEC,2025,8,0.35000000
2026-10-05,13802,Valinhos 1,CPFL-PAULISTA,33050196000188,FEC,2025,5,0.11000000
2026-10-05,13799,Campinas 2-Souzas,CPFL-PAULISTA,33050196000188,FEC,2025,10,0.30000000
2026-10-05,13805,Campinas 3-Trevo,CPFL-PAULISTA,33050196000188,DEC,2025,11,0.13000000
2026-10-05,13808,Campinas 1-Centro,CPFL-PAULISTA,33050196000188,DEC,2025,1,0.12000000
2026-10-05,13822,Americana 2-Campo Verde,CPFL-PAULISTA,33050196000188,NumCon,2025,6,30491.00000000
2026-10-05,13810,Campinas 12-Cidade Jardim,CPFL-PAULISTA,33050196000188,NumCon,2025,1,37659.00000000
2026-10-05,13830,Sumare 1,CPFL-PAULISTA,33050196000188,NumCon,2025,12,34110.00000000
2026-10-05,16440,Campinas 5-Andorinha,CPFL-PAULISTA,33050196000188,FEC,2025,11,0.13000000
2026-10-05,13836,Hortolandia 1,CPFL-PAULISTA,33050196000188,DEC,2025,12,0.45000000
2026-10-05,13840,Capivari 1,CPFL-PAULISTA,33050196000188,FEC,2025,1,0.25000000
2026-10-05,13812,Campinas 14-Bandeirantes,CPFL-PAULISTA,33050196000188,FEC,2025,3,0.20000000
2026-10-05,13813,Campinas 16-Jardim Marajo,CPFL-PAULISTA,33050196000188,FEC,2025,8,0.30000000
2026-10-05,13818,Paulinia 2-Morumbi,CPFL-PAULISTA,33050196000188,NumCon,2025,9,17586.00000000
2026-10-05,13808,Campinas 1-Centro,CPFL-PAULISTA,33050196000188,DEC,2025,8,0.11000000
2026-10-05,13797,Itatiba 3-Colonial,CPFL-PAULISTA,33050196000188,NumCon,2025,4,37364.00000000
2026-10-05,13840,Capivari 1,CPFL-PAULISTA,33050196000188,FEC,2025,9,0.10000000
2026-10-05,13586,SANTO ANTONIO DA POSSE,ELEKTRO,02328280000197,FEC,2025,2,0.25000000
2026-10-05,13802,Valinhos 1,CPFL-PAULISTA,33050196000188,FEC,2025,9,0.07000000
2026-10-05,13826,Americana 4-Jardim,CPFL-PAULISTA,33050196000188,FEC,2025,8,0.05000000
2026-10-05,13810,Campinas 12-Cidade Jardim,CPFL-PAULISTA,33050196000188,NumCon,2025,11,38815.00000000
2026-10-05,13843,Piracicaba 4-Unileste,CPFL-PAULISTA,33050196000188,DEC,2025,1,0.66000000
2026-10-05,13807,Campinas 6-Taquaral,CPFL-PAULISTA,33050196000188,DEC,2025,1,0.34000000
2026-10-05,13810,Campinas 12-Cidade Jardim,CPFL-PAULISTA,33050196000188,FEC,2025,2,0.10000000
2026-10-05,13808,Campinas 1-Centro,CPFL-PAULISTA,33050196000188,DEC,2025,6,0.13000000
2026-10-05,13802,Valinhos 1,CPFL-PAULISTA,33050196000188,FEC,2025,10,0.20000000
2026-10-05,13814,Campinas 15-Dic,CPFL-PAULISTA,33050196000188,FEC,2025,4,0.68000000
2026-10-05,16440,Campinas 5-Andorinha,CPFL-PAULISTA,33050196000188,FEC,2025,9,0.12000000
2026-10-05,13814,Campinas 15-Dic,CPFL-PAULISTA,33050196000188,DEC,2025,8,0.24000000
2026-10-05,13810,Campinas 12-Cidade Jardim,CPFL-PAULISTA,33050196000188,DEC,2025,4,0.26000000
2026-10-05,13810,Campinas 12-Cidade Jardim,CPFL-PAULISTA,33050196000188,FEC,2025,10,0.24000000
2026-10-05,16434,Amparo 1,CPFL-PAULISTA,33050196000188,DEC,2025,10,0.44000000
2026-10-05,13818,Paulinia 2-Morumbi,CPFL-PAULISTA,33050196000188,NumCon,2025,10,17665.00000000
2026-10-05,13808,Campinas 1-Centro,CPFL-PAULISTA,33050196000188,DEC,2025,4,0.07000000
2026-10-05,13843,Piracicaba 4-Unileste,CPFL-PAULISTA,33050196000188,DEC,2025,10,0.69000000
2026-10-05,13822,Americana 2-Campo Verde,CPFL-PAULISTA,33050196000188,DEC,2025,1,0.30000000
2026-10-05,13843,Piracicaba 4-Unileste,CPFL-PAULISTA,33050196000188,DEC,2025,5,0.25000000
2026-10-05,13540,MOGI MIRIM UM,ELEKTRO,02328280000197,DEC,2025,1,0.44000000
2026-10-05,16440,Campinas 5-Andorinha,CPFL-PAULISTA,33050196000188,FEC,2025,5,0.17000000
2026-10-05,13826,Americana 4-Jardim,CPFL-PAULISTA,33050196000188,FEC,2025,6,0.07000000
2026-10-05,13797,Itatiba 3-Colonial,CPFL-PAULISTA,33050196000188,NumCon,2025,11,37713.00000000
2026-10-05,13808,Campinas 1-Centro,CPFL-PAULISTA,33050196000188,FEC,2025,11,0.06000000
2026-10-05,13805,Campinas 3-Trevo,CPFL-PAULISTA,33050196000188,NumCon,2025,4,40604.00000000
2026-10-05,13810,Campinas 12-Cidade Jardim,CPFL-PAULISTA,33050196000188,FEC,2025,11,0.15000000
2026-10-05,13810,Campinas 12-Cidade Jardim,CPFL-PAULISTA,33050196000188,DEC,2025,6,0.19000000
2026-10-05,13843,Piracicaba 4-Unileste,CPFL-PAULISTA,33050196000188,DEC,2025,9,0.34000000
2026-10-05,13818,Paulinia 2-Morumbi,CPFL-PAULISTA,33050196000188,NumCon,2025,7,17392.00000000
2026-10-05,13540,MOGI MIRIM UM,ELEKTRO,02328280000197,DEC,2025,11,0.39000000
2026-10-05,13797,Itatiba 3-Colonial,CPFL-PAULISTA,33050196000188,NumCon,2025,9,37626.00000000
2026-10-05,13843,Piracicaba 4-Unileste,CPFL-PAULISTA,33050196000188,DEC,2025,12,0.14000000
2026-10-05,13802,Valinhos 1,CPFL-PAULISTA,33050196000188,FEC,2025,6,0.09000000
2026-10-05,16434,Amparo 1,CPFL-PAULISTA,33050196000188,DEC,2025,9,0.65000000
2026-10-05,13812,Campinas 14-Bandeirantes,CPFL-PAULISTA,33050196000188,FEC,2025,5,0.07000000
2026-10-05,13797,Itatiba 3-Colonial,CPFL-PAULISTA,33050196000188,NumCon,2025,5,37389.00000000
2026-10-05,13807,Campinas 6-Taquaral,CPFL-PAULISTA,33050196000188,FEC,2025,7,0.06000000
2026-10-05,13809,Campinas 10-Chapadão,CPFL-PAULISTA,33050196000188,DEC,2025,6,0.37000000
2026-10-05,16440,Campinas 5-Andorinha,CPFL-PAULISTA,33050196000188,NumCon,2025,4,69393.00000000
2026-10-05,13814,Campinas 15-Dic,CPFL-PAULISTA,33050196000188,DEC,2025,2,0.82000000
2026-10-05,16461,Santa Barbara Doeste 1,CPFL-PAULISTA,33050196000188,NumCon,2025,3,34293.00000000
2026-10-05,13807,Campinas 6-Taquaral,CPFL-PAULISTA,33050196000188,DEC,2025,6,0.18000000
2026-10-05,13809,Campinas 10-Chapadão,CPFL-PAULISTA,33050196000188,FEC,2025,11,0.06000000
2026-10-05,16441,Campinas 7-Tanquinho,CPFL-PAULISTA,33050196000188,FEC,2025,12,0.36000000
2026-10-05,13586,SANTO ANTONIO DA POSSE,ELEKTRO,02328280000197,DEC,2025,2,0.58000000
2026-10-05,16441,Campinas 7-Tanquinho,CPFL-PAULISTA,33050196000188,DEC,2025,4,0.46000000
2026-10-05,16440,Campinas 5-Andorinha,CPFL-PAULISTA,33050196000188,NumCon,2025,12,70259.00000000
2026-10-05,16440,Campinas 5-Andorinha,CPFL-PAULISTA,33050196000188,NumCon,2025,2,69692.00000000
2026-10-05,13837,Hortolandia 2-Morro Azul,CPFL-PAULISTA,33050196000188,DEC,2025,11,0.25000000
2026-10-05,13807,Campinas 6-Taquaral,CPFL-PAULISTA,33050196000188,NumCon,2025,3,33233.00000000
2026-10-05,16461,Santa Barbara Doeste 1,CPFL-PAULISTA,33050196000188,NumCon,2025,2,34340.00000000
2026-10-05,13457,ARTUR NOGUEIRA,ELEKTRO,02328280000197,DEC,2025,2,0.25000000
2026-10-05,13822,Americana 2-Campo Verde,CPFL-PAULISTA,33050196000188,NumCon,2025,1,30446.00000000
2026-10-05,13809,Campinas 10-Chapadão,CPFL-PAULISTA,33050196000188,FEC,2025,10,0.43000000
2026-10-05,16440,Campinas 5-Andorinha,CPFL-PAULISTA,33050196000188,FEC,2025,10,0.14000000
2026-10-05,13797,Itatiba 3-Colonial,CPFL-PAULISTA,33050196000188,NumCon,2025,7,37496.00000000
2026-10-05,13837,Hortolandia 2-Morro Azul,CPFL-PAULISTA,33050196000188,DEC,2025,6,0.14000000
2026-10-05,13797,Itatiba 3-Colonial,CPFL-PAULISTA,33050196000188,NumCon,2025,8,37531.00000000
2026-10-05,13830,Sumare 1,CPFL-PAULISTA,33050196000188,NumCon,2025,3,33145.00000000
2026-10-05,13819,Paulinia 1,CPFL-PAULISTA,33050196000188,FEC,2025,12,0.40000000
2026-10-05,13809,Campinas 10-Chapadão,CPFL-PAULISTA,33050196000188,DEC,2025,4,0.11000000
2026-10-05,13836,Hortolandia 1,CPFL-PAULISTA,33050196000188,NumCon,2025,7,50429.00000000
2026-10-05,13805,Campinas 3-Trevo,CPFL-PAULISTA,33050196000188,NumCon,2025,2,40533.00000000
2026-10-05,13586,SANTO ANTONIO DA POSSE,ELEKTRO,02328280000197,FEC,2025,12,0.27000000
2026-10-05,13586,SANTO ANTONIO DA POSSE,ELEKTRO,02328280000197,DEC,2025,6,0.24000000
2026-10-05,13835,Sumare 3-Quilombo,CPFL-PAULISTA,33050196000188,DEC,2025,12,0.41000000
2026-10-05,13807,Campinas 6-Taquaral,CPFL-PAULISTA,33050196000188,DEC,2025,4,0.10000000
2026-10-05,13809,Campinas 10-Chapadão,CPFL-PAULISTA,33050196000188,FEC,2025,8,0.03000000
2026-10-05,13840,Capivari 1,CPFL-PAULISTA,33050196000188,FEC,2025,8,0.53000000
2026-10-05,13818,Paulinia 2-Morumbi,CPFL-PAULISTA,33050196000188,NumCon,2025,12,17782.00000000
2026-10-05,13818,Paulinia 2-Morumbi,CPFL-PAULISTA,33050196000188,FEC,2025,12,0.21000000
2026-10-05,13835,Sumare 3-Quilombo,CPFL-PAULISTA,33050196000188,DEC,2025,5,0.23000000
2026-10-05,13840,Capivari 1,CPFL-PAULISTA,33050196000188,FEC,2025,10,0.09000000
2026-10-05,13835,Sumare 3-Quilombo,CPFL-PAULISTA,33050196000188,DEC,2025,10,0.35000000
2026-10-05,13540,MOGI MIRIM UM,ELEKTRO,02328280000197,FEC,2025,7,0.11000000
2026-10-05,16440,Campinas 5-Andorinha,CPFL-PAULISTA,33050196000188,FEC,2025,3,0.24000000
2026-10-05,13812,Campinas 14-Bandeirantes,CPFL-PAULISTA,33050196000188,DEC,2025,7,0.50000000
2026-10-05,13805,Campinas 3-Trevo,CPFL-PAULISTA,33050196000188,DEC,2025,5,0.29000000
2026-10-05,16434,Amparo 1,CPFL-PAULISTA,33050196000188,DEC,2025,12,0.59000000
2026-10-05,13799,Campinas 2-Souzas,CPFL-PAULISTA,33050196000188,FEC,2025,12,0.27000000
2026-10-05,13812,Campinas 14-Bandeirantes,CPFL-PAULISTA,33050196000188,DEC,2025,11,0.27000000
2026-10-05,13840,Capivari 1,CPFL-PAULISTA,33050196000188,FEC,2025,11,0.32000000
2026-10-05,13805,Campinas 3-Trevo,CPFL-PAULISTA,33050196000188,DEC,2025,9,0.17000000
2026-10-05,13837,Hortolandia 2-Morro Azul,CPFL-PAULISTA,33050196000188,DEC,2025,1,0.40000000
2026-10-05,16434,Amparo 1,CPFL-PAULISTA,33050196000188,DEC,2025,4,0.39000000
2026-10-05,13835,Sumare 3-Quilombo,CPFL-PAULISTA,33050196000188,DEC,2025,6,0.67000000
2026-10-05,13812,Campinas 14-Bandeirantes,CPFL-PAULISTA,33050196000188,DEC,2025,2,0.30000000
2026-10-05,16440,Campinas 5-Andorinha,CPFL-PAULISTA,33050196000188,NumCon,2025,1,69595.00000000
2026-10-05,13540,MOGI MIRIM UM,ELEKTRO,02328280000197,DEC,2025,3,0.32000000
2026-10-05,16461,Santa Barbara Doeste 1,CPFL-PAULISTA,33050196000188,NumCon,2025,12,34693.00000000
2026-10-05,13829,Santa Barbara 2-Barbarense,CPFL-PAULISTA,33050196000188,DEC,2025,11,0.26000000
2026-10-05,16434,Amparo 1,CPFL-PAULISTA,33050196000188,DEC,2025,5,0.32000000
2026-10-05,13540,MOGI MIRIM UM,ELEKTRO,02328280000197,DEC,2025,7,0.17000000
2026-10-05,16441,Campinas 7-Tanquinho,CPFL-PAULISTA,33050196000188,DEC,2025,8,0.25000000
2026-10-05,13840,Capivari 1,CPFL-PAULISTA,33050196000188,FEC,2025,5,0.23000000
2026-10-05,16441,Campinas 7-Tanquinho,CPFL-PAULISTA,33050196000188,FEC,2025,3,0.37000000
2026-10-05,13807,Campinas 6-Taquaral,CPFL-PAULISTA,33050196000188,NumCon,2025,12,33493.00000000
2026-10-05,13812,Campinas 14-Bandeirantes,CPFL-PAULISTA,33050196000188,FEC,2025,12,0.31000000
2026-10-05,13805,Campinas 3-Trevo,CPFL-PAULISTA,33050196000188,NumCon,2025,12,41342.00000000
2026-10-05,13819,Paulinia 1,CPFL-PAULISTA,33050196000188,FEC,2025,3,0.07000000
2026-10-05,16441,Campinas 7-Tanquinho,CPFL-PAULISTA,33050196000188,DEC,2025,3,1.08000000
2026-10-05,13809,Campinas 10-Chapadão,CPFL-PAULISTA,33050196000188,FEC,2025,2,0.08000000
2026-10-05,13811,Campinas 4-Boa Vista,CPFL-PAULISTA,33050196000188,FEC,2025,12,0.14000000
2026-10-05,16433,Americana 1,CPFL-PAULISTA,33050196000188,DEC,2025,11,0.12000000
2026-10-05,16441,Campinas 7-Tanquinho,CPFL-PAULISTA,33050196000188,FEC,2025,5,0.17000000
2026-10-05,13818,Paulinia 2-Morumbi,CPFL-PAULISTA,33050196000188,FEC,2025,5,0.27000000
2026-10-05,13805,Campinas 3-Trevo,CPFL-PAULISTA,33050196000188,NumCon,2025,3,40629.00000000
2026-10-05,13805,Campinas 3-Trevo,CPFL-PAULISTA,33050196000188,DEC,2025,8,0.21000000
2026-10-05,13817,Campinas 11-Barao Geraldo,CPFL-PAULISTA,33050196000188,FEC,2025,4,0.02000000
2026-10-05,13833,Sumare 2-Tres M,CPFL-PAULISTA,33050196000188,NumCon,2025,12,17398.00000000
2026-10-05,13540,MOGI MIRIM UM,ELEKTRO,02328280000197,FEC,2025,11,0.36000000
2026-10-05,13829,Santa Barbara 2-Barbarense,CPFL-PAULISTA,33050196000188,DEC,2025,1,0.48000000
2026-10-05,13807,Campinas 6-Taquaral,CPFL-PAULISTA,33050196000188,NumCon,2025,1,33262.00000000
2026-10-05,13822,Americana 2-Campo Verde,CPFL-PAULISTA,33050196000188,DEC,2025,12,0.28000000
2026-10-05,13829,Santa Barbara 2-Barbarense,CPFL-PAULISTA,33050196000188,DEC,2025,7,0.48000000
2026-10-05,13800,Campinas 9-Paineiras,CPFL-PAULISTA,33050196000188,NumCon,2025,12,22979.00000000
2026-10-05,13814,Campinas 15-Dic,CPFL-PAULISTA,33050196000188,DEC,2025,11,0.40000000
2026-10-05,13810,Campinas 12-Cidade Jardim,CPFL-PAULISTA,33050196000188,NumCon,2025,6,38261.00000000
2026-10-05,13805,Campinas 3-Trevo,CPFL-PAULISTA,33050196000188,DEC,2025,1,0.48000000
2026-10-05,13805,Campinas 3-Trevo,CPFL-PAULISTA,33050196000188,NumCon,2025,1,40310.00000000
2026-10-05,13818,Paulinia 2-Morumbi,CPFL-PAULISTA,33050196000188,FEC,2025,4,0.10000000
2026-10-05,13829,Santa Barbara 2-Barbarense,CPFL-PAULISTA,33050196000188,FEC,2025,10,0.21000000
2026-10-05,13796,Itatiba 2-Cruzeiro,CPFL-PAULISTA,33050196000188,DEC,2025,3,0.50000000
2026-10-05,13807,Campinas 6-Taquaral,CPFL-PAULISTA,33050196000188,NumCon,2025,4,33203.00000000
2026-10-05,13841,Rio das Pedras 1,CPFL-PAULISTA,33050196000188,FEC,2025,3,0.12000000
2026-10-05,16440,Campinas 5-Andorinha,CPFL-PAULISTA,33050196000188,NumCon,2025,3,69550.00000000
2026-10-05,16452,Monte Mor 1,CPFL-PAULISTA,33050196000188,FEC,2025,4,0.21000000
2026-10-05,13817,Campinas 11-Barao Geraldo,CPFL-PAULISTA,33050196000188,FEC,2025,12,0.49000000
2026-10-05,13809,Campinas 10-Chapadão,CPFL-PAULISTA,33050196000188,FEC,2025,5,0.09000000
2026-10-05,16440,Campinas 5-Andorinha,CPFL-PAULISTA,33050196000188,FEC,2025,4,0.16000000
2026-10-05,13822,Americana 2-Campo Verde,CPFL-PAULISTA,33050196000188,DEC,2025,3,0.26000000
2026-10-05,13796,Itatiba 2-Cruzeiro,CPFL-PAULISTA,33050196000188,DEC,2025,9,0.27000000
2026-10-05,13800,Campinas 9-Paineiras,CPFL-PAULISTA,33050196000188,NumCon,2025,2,22736.00000000
2026-10-05,13805,Campinas 3-Trevo,CPFL-PAULISTA,33050196000188,DEC,2025,4,0.23000000
2026-10-05,13806,Campinas 8-Viracopos,CPFL-PAULISTA,33050196000188,FEC,2025,9,0.29000000
2026-10-05,13806,Campinas 8-Viracopos,CPFL-PAULISTA,33050196000188,FEC,2025,6,0.33000000
2026-10-05,964,PEDREIRA,CPFL JAGUARI,53859112000169,FEC,2025,3,1.39000000
2026-10-05,13835,Sumare 3-Quilombo,CPFL-PAULISTA,33050196000188,DEC,2025,3,0.40000000
2026-10-05,13805,Campinas 3-Trevo,CPFL-PAULISTA,33050196000188,DEC,2025,6,0.20000000
2026-10-05,13806,Campinas 8-Viracopos,CPFL-PAULISTA,33050196000188,FEC,2025,1,0.19000000
2026-10-05,2922,JAGUARIUNA,CPFL JAGUARI,53859112000169,DEC,2025,1,0.39000000
2026-10-05,16452,Monte Mor 1,CPFL-PAULISTA,33050196000188,FEC,2025,5,0.23000000
2026-10-05,13835,Sumare 3-Quilombo,CPFL-PAULISTA,33050196000188,DEC,2025,11,0.22000000
2026-10-05,16434,Amparo 1,CPFL-PAULISTA,33050196000188,FEC,2025,10,0.17000000
2026-10-05,16434,Amparo 1,CPFL-PAULISTA,33050196000188,FEC,2025,3,0.24000000
2026-10-05,13797,Itatiba 3-Colonial,CPFL-PAULISTA,33050196000188,NumCon,2025,10,37689.00000000
2026-10-05,16452,Monte Mor 1,CPFL-PAULISTA,33050196000188,FEC,2025,3,0.19000000
2026-10-05,13817,Campinas 11-Barao Geraldo,CPFL-PAULISTA,33050196000188,FEC,2025,5,0.08000000
2026-10-05,16441,Campinas 7-Tanquinho,CPFL-PAULISTA,33050196000188,DEC,2025,2,0.47000000
2026-10-05,13822,Americana 2-Campo Verde,CPFL-PAULISTA,33050196000188,DEC,2025,2,0.30000000
2026-10-05,13806,Campinas 8-Viracopos,CPFL-PAULISTA,33050196000188,FEC,2025,2,0.18000000
2026-10-05,13836,Hortolandia 1,CPFL-PAULISTA,33050196000188,DEC,2025,8,0.40000000
2026-10-05,13835,Sumare 3-Quilombo,CPFL-PAULISTA,33050196000188,DEC,2025,2,0.55000000
2026-10-05,13830,Sumare 1,CPFL-PAULISTA,33050196000188,FEC,2025,11,0.11000000
2026-10-05,13805,Campinas 3-Trevo,CPFL-PAULISTA,33050196000188,DEC,2025,10,0.45000000
2026-10-05,2922,JAGUARIUNA,CPFL JAGUARI,53859112000169,DEC,2025,7,0.31000000
2026-10-05,16441,Campinas 7-Tanquinho,CPFL-PAULISTA,33050196000188,FEC,2025,10,0.48000000
2026-10-05,13843,Piracicaba 4-Unileste,CPFL-PAULISTA,33050196000188,FEC,2025,10,0.48000000
2026-10-05,13841,Rio das Pedras 1,CPFL-PAULISTA,33050196000188,FEC,2025,5,0.16000000
2026-10-05,13837,Hortolandia 2-Morro Azul,CPFL-PAULISTA,33050196000188,DEC,2025,8,0.28000000
2026-10-05,13817,Campinas 11-Barao Geraldo,CPFL-PAULISTA,33050196000188,FEC,2025,3,0.04000000
2026-10-05,16461,Santa Barbara Doeste 1,CPFL-PAULISTA,33050196000188,DEC,2025,1,0.15000000
2026-10-05,13813,Campinas 16-Jardim Marajo,CPFL-PAULISTA,33050196000188,FEC,2025,7,0.26000000
2026-10-05,13799,Campinas 2-Souzas,CPFL-PAULISTA,33050196000188,NumCon,2025,4,17058.00000000
2026-10-05,16452,Monte Mor 1,CPFL-PAULISTA,33050196000188,FEC,2025,11,0.18000000
2026-10-05,13835,Sumare 3-Quilombo,CPFL-PAULISTA,33050196000188,DEC,2025,1,0.36000000
2026-10-05,13799,Campinas 2-Souzas,CPFL-PAULISTA,33050196000188,NumCon,2025,6,17176.00000000
2026-10-05,16452,Monte Mor 1,CPFL-PAULISTA,33050196000188,FEC,2025,9,0.18000000
2026-10-05,13799,Campinas 2-Souzas,CPFL-PAULISTA,33050196000188,NumCon,2025,5,17281.00000000
2026-10-05,16461,Santa Barbara Doeste 1,CPFL-PAULISTA,33050196000188,DEC,2025,8,0.27000000
2026-10-05,13799,Campinas 2-Souzas,CPFL-PAULISTA,33050196000188,NumCon,2025,9,17360.00000000
2026-10-05,13835,Sumare 3-Quilombo,CPFL-PAULISTA,33050196000188,DEC,2025,7,0.38000000
2026-10-05,13831,Sumare 5-Nova Veneza,CPFL-PAULISTA,33050196000188,NumCon,2025,10,26130.00000000
2026-10-05,13813,Campinas 16-Jardim Marajo,CPFL-PAULISTA,33050196000188,FEC,2025,2,0.22000000
2026-10-05,13833,Sumare 2-Tres M,CPFL-PAULISTA,33050196000188,DEC,2025,12,0.03000000
2026-10-05,13799,Campinas 2-Souzas,CPFL-PAULISTA,33050196000188,NumCon,2025,11,17443.00000000
2026-10-05,13843,Piracicaba 4-Unileste,CPFL-PAULISTA,33050196000188,FEC,2025,12,0.06000000
2026-10-05,13811,Campinas 4-Boa Vista,CPFL-PAULISTA,33050196000188,FEC,2025,2,0.39000000
2026-10-05,13831,Sumare 5-Nova Veneza,CPFL-PAULISTA,33050196000188,NumCon,2025,1,25667.00000000
2026-10-05,13831,Sumare 5-Nova Veneza,CPFL-PAULISTA,33050196000188,NumCon,2025,6,25733.00000000
2026-10-05,13813,Campinas 16-Jardim Marajo,CPFL-PAULISTA,33050196000188,FEC,2025,10,1.15000000
2026-10-05,13799,Campinas 2-Souzas,CPFL-PAULISTA,33050196000188,NumCon,2025,2,17146.00000000
2026-10-05,13796,Itatiba 2-Cruzeiro,CPFL-PAULISTA,33050196000188,DEC,2025,4,0.22000000
2026-10-05,13840,Capivari 1,CPFL-PAULISTA,33050196000188,DEC,2025,11,0.35000000
2026-10-05,13831,Sumare 5-Nova Veneza,CPFL-PAULISTA,33050196000188,NumCon,2025,8,26002.00000000
2026-10-05,13843,Piracicaba 4-Unileste,CPFL-PAULISTA,33050196000188,FEC,2025,4,0.12000000
2026-10-05,13799,Campinas 2-Souzas,CPFL-PAULISTA,33050196000188,NumCon,2025,12,17457.00000000
2026-10-05,13799,Campinas 2-Souzas,CPFL-PAULISTA,33050196000188,NumCon,2025,1,17124.00000000
2026-10-05,13799,Campinas 2-Souzas,CPFL-PAULISTA,33050196000188,NumCon,2025,3,17067.00000000
2026-10-05,964,PEDREIRA,CPFL JAGUARI,53859112000169,FEC,2025,10,0.32000000
2026-10-05,13813,Campinas 16-Jardim Marajo,CPFL-PAULISTA,33050196000188,FEC,2025,11,0.20000000
2026-10-05,13811,Campinas 4-Boa Vista,CPFL-PAULISTA,33050196000188,FEC,2025,10,0.18000000
2026-10-05,13843,Piracicaba 4-Unileste,CPFL-PAULISTA,33050196000188,FEC,2025,9,0.09000000
2026-10-05,16440,Campinas 5-Andorinha,CPFL-PAULISTA,33050196000188,NumCon,2025,7,69954.00000000
2026-10-05,16461,Santa Barbara Doeste 1,CPFL-PAULISTA,33050196000188,DEC,2025,4,0.11000000
2026-10-05,13843,Piracicaba 4-Unileste,CPFL-PAULISTA,33050196000188,FEC,2025,6,0.15000000
2026-10-05,13813,Campinas 16-Jardim Marajo,CPFL-PAULISTA,33050196000188,DEC,2025,7,0.48000000
2026-10-05,16461,Santa Barbara Doeste 1,CPFL-PAULISTA,33050196000188,DEC,2025,6,0.14000000
2026-10-05,13813,Campinas 16-Jardim Marajo,CPFL-PAULISTA,33050196000188,FEC,2025,6,0.14000000
2026-10-05,16440,Campinas 5-Andorinha,CPFL-PAULISTA,33050196000188,NumCon,2025,10,70197.00000000
2026-10-05,16434,Amparo 1,CPFL-PAULISTA,33050196000188,FEC,2025,12,0.27000000
2026-10-05,13813,Campinas 16-Jardim Marajo,CPFL-PAULISTA,33050196000188,FEC,2025,9,0.25000000
2026-10-05,13843,Piracicaba 4-Unileste,CPFL-PAULISTA,33050196000188,FEC,2025,1,0.20000000
2026-10-05,13843,Piracicaba 4-Unileste,CPFL-PAULISTA,33050196000188,FEC,2025,8,0.17000000
2026-10-05,13811,Campinas 4-Boa Vista,CPFL-PAULISTA,33050196000188,FEC,2025,8,0.16000000
2026-10-05,13813,Campinas 16-Jardim Marajo,CPFL-PAULISTA,33050196000188,FEC,2025,5,0.11000000
2026-10-05,13799,Campinas 2-Souzas,CPFL-PAULISTA,33050196000188,NumCon,2025,7,17208.00000000
2026-10-05,13806,Campinas 8-Viracopos,CPFL-PAULISTA,33050196000188,FEC,2025,3,0.33000000
2026-10-05,13843,Piracicaba 4-Unileste,CPFL-PAULISTA,33050196000188,FEC,2025,7,0.87000000
2026-10-05,13813,Campinas 16-Jardim Marajo,CPFL-PAULISTA,33050196000188,FEC,2025,1,0.29000000
2026-10-05,16452,Monte Mor 1,CPFL-PAULISTA,33050196000188,FEC,2025,12,0.42000000
2026-10-05,13840,Capivari 1,CPFL-PAULISTA,33050196000188,DEC,2025,3,0.36000000
2026-10-05,13813,Campinas 16-Jardim Marajo,CPFL-PAULISTA,33050196000188,DEC,2025,12,0.30000000
2026-10-05,16434,Amparo 1,CPFL-PAULISTA,33050196000188,FEC,2025,9,0.32000000
2026-10-05,13805,Campinas 3-Trevo,CPFL-PAULISTA,33050196000188,FEC,2025,3,0.16000000
2026-10-05,13799,Campinas 2-Souzas,CPFL-PAULISTA,33050196000188,NumCon,2025,10,17437.00000000
2026-10-05,16433,Americana 1,CPFL-PAULISTA,33050196000188,NumCon,2025,12,34850.00000000
2026-10-05,13796,Itatiba 2-Cruzeiro,CPFL-PAULISTA,33050196000188,DEC,2025,10,0.44000000
2026-10-05,13813,Campinas 16-Jardim Marajo,CPFL-PAULISTA,33050196000188,DEC,2025,11,0.41000000
2026-10-05,13836,Hortolandia 1,CPFL-PAULISTA,33050196000188,DEC,2025,4,0.23000000
2026-10-05,13841,Rio das Pedras 1,CPFL-PAULISTA,33050196000188,FEC,2025,1,0.27000000
2026-10-05,13840,Capivari 1,CPFL-PAULISTA,33050196000188,DEC,2025,12,0.39000000
2026-10-05,13806,Campinas 8-Viracopos,CPFL-PAULISTA,33050196000188,FEC,2025,7,0.24000000
2026-10-05,13811,Campinas 4-Boa Vista,CPFL-PAULISTA,33050196000188,FEC,2025,11,0.49000000
2026-10-05,13843,Piracicaba 4-Unileste,CPFL-PAULISTA,33050196000188,FEC,2025,11,0.23000000
2026-10-05,13805,Campinas 3-Trevo,CPFL-PAULISTA,33050196000188,FEC,2025,4,0.17000000
2026-10-05,13840,Capivari 1,CPFL-PAULISTA,33050196000188,DEC,2025,5,0.53000000
2026-10-05,16440,Campinas 5-Andorinha,CPFL-PAULISTA,33050196000188,NumCon,2025,9,69988.00000000
2026-10-05,13843,Piracicaba 4-Unileste,CPFL-PAULISTA,33050196000188,FEC,2025,2,0.32000000
2026-10-05,16440,Campinas 5-Andorinha,CPFL-PAULISTA,33050196000188,NumCon,2025,11,70183.00000000
2026-10-05,16434,Amparo 1,CPFL-PAULISTA,33050196000188,FEC,2025,11,0.39000000
2026-10-05,13805,Campinas 3-Trevo,CPFL-PAULISTA,33050196000188,FEC,2025,12,0.32000000
2026-10-05,13840,Capivari 1,CPFL-PAULISTA,33050196000188,DEC,2025,10,0.21000000
2026-10-05,16440,Campinas 5-Andorinha,CPFL-PAULISTA,33050196000188,NumCon,2025,5,69718.00000000
2026-10-05,13836,Hortolandia 1,CPFL-PAULISTA,33050196000188,DEC,2025,2,0.35000000
2026-10-05,16464,Valinhos 2-Figueira,CPFL-PAULISTA,33050196000188,NumCon,2025,4,24374.00000000
2026-10-05,16434,Amparo 1,CPFL-PAULISTA,33050196000188,FEC,2025,5,0.15000000
2026-10-05,13818,Paulinia 2-Morumbi,CPFL-PAULISTA,33050196000188,FEC,2025,10,0.05000000
2026-10-05,13840,Capivari 1,CPFL-PAULISTA,33050196000188,DEC,2025,9,0.39000000
2026-10-05,16440,Campinas 5-Andorinha,CPFL-PAULISTA,33050196000188,NumCon,2025,6,69663.00000000
2026-10-05,16464,Valinhos 2-Figueira,CPFL-PAULISTA,33050196000188,NumCon,2025,9,24516.00000000
2026-10-05,13811,Campinas 4-Boa Vista,CPFL-PAULISTA,33050196000188,FEC,2025,1,0.28000000
2026-10-05,16452,Monte Mor 1,CPFL-PAULISTA,33050196000188,FEC,2025,10,0.17000000
2026-10-05,16464,Valinhos 2-Figueira,CPFL-PAULISTA,33050196000188,NumCon,2025,11,24536.00000000
2026-10-05,13841,Rio das Pedras 1,CPFL-PAULISTA,33050196000188,FEC,2025,8,0.23000000
2026-10-05,13811,Campinas 4-Boa Vista,CPFL-PAULISTA,33050196000188,FEC,2025,6,0.33000000
2026-10-05,16464,Valinhos 2-Figueira,CPFL-PAULISTA,33050196000188,NumCon,2025,5,24439.00000000
2026-10-05,13829,Santa Barbara 2-Barbarense,CPFL-PAULISTA,33050196000188,FEC,2025,11,0.21000000
2026-10-05,964,PEDREIRA,CPFL JAGUARI,53859112000169,FEC,2025,12,0.28000000
2026-10-05,13829,Santa Barbara 2-Barbarense,CPFL-PAULISTA,33050196000188,FEC,2025,7,0.26000000
2026-10-05,16434,Amparo 1,CPFL-PAULISTA,33050196000188,FEC,2025,4,0.20000000
2026-10-05,13811,Campinas 4-Boa Vista,CPFL-PAULISTA,33050196000188,FEC,2025,3,0.95000000
2026-10-05,13841,Rio das Pedras 1,CPFL-PAULISTA,33050196000188,FEC,2025,4,0.28000000
2026-10-05,13811,Campinas 4-Boa Vista,CPFL-PAULISTA,33050196000188,FEC,2025,9,0.10000000
2026-10-05,2922,JAGUARIUNA,CPFL JAGUARI,53859112000169,DEC,2025,12,0.28000000
2026-10-05,13831,Sumare 5-Nova Veneza,CPFL-PAULISTA,33050196000188,DEC,2025,7,0.24000000
2026-10-05,964,PEDREIRA,CPFL JAGUARI,53859112000169,NumCon,2025,2,20321.00000000
2026-10-05,13840,Capivari 1,CPFL-PAULISTA,33050196000188,DEC,2025,7,0.32000000
2026-10-05,13822,Americana 2-Campo Verde,CPFL-PAULISTA,33050196000188,DEC,2025,8,0.14000000
2026-10-05,13800,Campinas 9-Paineiras,CPFL-PAULISTA,33050196000188,FEC,2025,12,0.20000000
2026-10-05,13822,Americana 2-Campo Verde,CPFL-PAULISTA,33050196000188,DEC,2025,4,0.22000000
2026-10-05,13799,Campinas 2-Souzas,CPFL-PAULISTA,33050196000188,DEC,2025,11,0.41000000
2026-10-05,16433,Americana 1,CPFL-PAULISTA,33050196000188,FEC,2025,1,0.18000000
2026-10-05,16464,Valinhos 2-Figueira,CPFL-PAULISTA,33050196000188,NumCon,2025,1,24317.00000000
2026-10-05,13822,Americana 2-Campo Verde,CPFL-PAULISTA,33050196000188,DEC,2025,6,0.16000000
2026-10-05,13843,Piracicaba 4-Unileste,CPFL-PAULISTA,33050196000188,FEC,2025,3,0.11000000
2026-10-05,13800,Campinas 9-Paineiras,CPFL-PAULISTA,33050196000188,FEC,2025,4,0.03000000
2026-10-05,13843,Piracicaba 4-Unileste,CPFL-PAULISTA,33050196000188,FEC,2025,5,0.17000000
2026-10-05,13796,Itatiba 2-Cruzeiro,CPFL-PAULISTA,33050196000188,DEC,2025,2,0.46000000
2026-10-05,2922,JAGUARIUNA,CPFL JAGUARI,53859112000169,DEC,2025,4,0.35000000
2026-10-05,13841,Rio das Pedras 1,CPFL-PAULISTA,33050196000188,FEC,2025,10,0.15000000
2026-10-05,13840,Capivari 1,CPFL-PAULISTA,33050196000188,DEC,2025,2,0.34000000
2026-10-05,13799,Campinas 2-Souzas,CPFL-PAULISTA,33050196000188,DEC,2025,7,0.36000000
2026-10-05,16433,Americana 1,CPFL-PAULISTA,33050196000188,FEC,2025,9,0.11000000
2026-10-05,964,PEDREIRA,CPFL JAGUARI,53859112000169,FEC,2025,2,0.25000000
2026-10-05,13811,Campinas 4-Boa Vista,CPFL-PAULISTA,33050196000188,FEC,2025,5,0.34000000
2026-10-05,13836,Hortolandia 1,CPFL-PAULISTA,33050196000188,DEC,2025,10,0.41000000
2026-10-05,13824,Nova Odessa 2-Fazenda Velha,CPFL-PAULISTA,33050196000188,NumCon,2025,3,20625.00000000
2026-10-05,16433,Americana 1,CPFL-PAULISTA,33050196000188,FEC,2025,3,0.15000000
2026-10-05,2922,JAGUARIUNA,CPFL JAGUARI,53859112000169,DEC,2025,11,0.40000000
2026-10-05,13811,Campinas 4-Boa Vista,CPFL-PAULISTA,33050196000188,FEC,2025,4,0.08000000
2026-10-05,13841,Rio das Pedras 1,CPFL-PAULISTA,33050196000188,FEC,2025,11,0.25000000
2026-10-05,13824,Nova Odessa 2-Fazenda Velha,CPFL-PAULISTA,33050196000188,NumCon,2025,4,20621.00000000
2026-10-05,2922,JAGUARIUNA,CPFL JAGUARI,53859112000169,DEC,2025,2,0.41000000
2026-10-05,13818,Paulinia 2-Morumbi,CPFL-PAULISTA,33050196000188,FEC,2025,1,0.12000000
2026-10-05,13824,Nova Odessa 2-Fazenda Velha,CPFL-PAULISTA,33050196000188,NumCon,2025,1,20622.00000000
2026-10-05,13824,Nova Odessa 2-Fazenda Velha,CPFL-PAULISTA,33050196000188,NumCon,2025,12,20972.00000000
2026-10-05,16452,Monte Mor 1,CPFL-PAULISTA,33050196000188,FEC,2025,7,0.36000000
2026-10-05,13796,Itatiba 2-Cruzeiro,CPFL-PAULISTA,33050196000188,DEC,2025,6,0.35000000
2026-10-05,13806,Campinas 8-Viracopos,CPFL-PAULISTA,33050196000188,NumCon,2025,3,32880.00000000
2026-10-05,16433,Americana 1,CPFL-PAULISTA,33050196000188,FEC,2025,11,0.04000000
2026-10-05,13806,Campinas 8-Viracopos,CPFL-PAULISTA,33050196000188,NumCon,2025,1,32851.00000000
2026-10-05,13806,Campinas 8-Viracopos,CPFL-PAULISTA,33050196000188,NumCon,2025,12,33170.00000000
2026-10-05,16433,Americana 1,CPFL-PAULISTA,33050196000188,FEC,2025,10,0.35000000
2026-10-05,13812,Campinas 14-Bandeirantes,CPFL-PAULISTA,33050196000188,FEC,2025,11,0.14000000
2026-10-05,2922,JAGUARIUNA,CPFL JAGUARI,53859112000169,DEC,2025,9,0.63000000
2026-10-05,16464,Valinhos 2-Figueira,CPFL-PAULISTA,33050196000188,NumCon,2025,3,24367.00000000
2026-10-05,2922,JAGUARIUNA,CPFL JAGUARI,53859112000169,DEC,2025,5,0.29000000
2026-10-05,13806,Campinas 8-Viracopos,CPFL-PAULISTA,33050196000188,NumCon,2025,2,32888.00000000
2026-10-05,13799,Campinas 2-Souzas,CPFL-PAULISTA,33050196000188,NumCon,2025,8,17365.00000000
2026-10-05,13824,Nova Odessa 2-Fazenda Velha,CPFL-PAULISTA,33050196000188,NumCon,2025,2,20622.00000000
2026-10-05,2922,JAGUARIUNA,CPFL JAGUARI,53859112000169,DEC,2025,6,0.41000000
2026-10-05,13833,Sumare 2-Tres M,CPFL-PAULISTA,33050196000188,DEC,2025,2,0.18000000
2026-10-05,13796,Itatiba 2-Cruzeiro,CPFL-PAULISTA,33050196000188,DEC,2025,11,0.40000000
2026-10-05,13824,Nova Odessa 2-Fazenda Velha,CPFL-PAULISTA,33050196000188,NumCon,2025,5,20728.00000000
2026-10-05,13824,Nova Odessa 2-Fazenda Velha,CPFL-PAULISTA,33050196000188,NumCon,2025,9,20827.00000000
2026-10-05,13812,Campinas 14-Bandeirantes,CPFL-PAULISTA,33050196000188,FEC,2025,10,0.48000000
2026-10-05,13841,Rio das Pedras 1,CPFL-PAULISTA,33050196000188,FEC,2025,2,0.04000000
2026-10-05,13824,Nova Odessa 2-Fazenda Velha,CPFL-PAULISTA,33050196000188,NumCon,2025,7,20778.00000000
2026-10-05,13793,Nova Odessa 1,CPFL-PAULISTA,33050196000188,FEC,2025,9,0.13000000
2026-10-05,13824,Nova Odessa 2-Fazenda Velha,CPFL-PAULISTA,33050196000188,NumCon,2025,10,20915.00000000
2026-10-05,16433,Americana 1,CPFL-PAULISTA,33050196000188,FEC,2025,4,0.07000000
2026-10-05,13833,Sumare 2-Tres M,CPFL-PAULISTA,33050196000188,DEC,2025,10,0.17000000
2026-10-05,13818,Paulinia 2-Morumbi,CPFL-PAULISTA,33050196000188,FEC,2025,8,0.16000000
2026-10-05,13796,Itatiba 2-Cruzeiro,CPFL-PAULISTA,33050196000188,DEC,2025,7,0.56000000
2026-10-05,16433,Americana 1,CPFL-PAULISTA,33050196000188,FEC,2025,5,0.13000000
2026-10-05,13824,Nova Odessa 2-Fazenda Velha,CPFL-PAULISTA,33050196000188,DEC,2025,9,0.22000000
2026-10-05,964,PEDREIRA,CPFL JAGUARI,53859112000169,FEC,2025,1,0.48000000
2026-10-05,16464,Valinhos 2-Figueira,CPFL-PAULISTA,33050196000188,NumCon,2025,7,24496.00000000
2026-10-05,13812,Campinas 14-Bandeirantes,CPFL-PAULISTA,33050196000188,FEC,2025,2,0.23000000
2026-10-05,16464,Valinhos 2-Figueira,CPFL-PAULISTA,33050196000188,NumCon,2025,2,24377.00000000
2026-10-05,13837,Hortolandia 2-Morro Azul,CPFL-PAULISTA,33050196000188,FEC,2025,7,0.09000000
2026-10-05,13833,Sumare 2-Tres M,CPFL-PAULISTA,33050196000188,DEC,2025,5,0.16000000
2026-10-05,13841,Rio das Pedras 1,CPFL-PAULISTA,33050196000188,FEC,2025,12,0.06000000
2026-10-05,13824,Nova Odessa 2-Fazenda Velha,CPFL-PAULISTA,33050196000188,NumCon,2025,11,20942.00000000
2026-10-05,13813,Campinas 16-Jardim Marajo,CPFL-PAULISTA,33050196000188,DEC,2025,3,0.32000000
2026-10-05,13793,Nova Odessa 1,CPFL-PAULISTA,33050196000188,FEC,2025,8,0.11000000
2026-10-05,13806,Campinas 8-Viracopos,CPFL-PAULISTA,33050196000188,NumCon,2025,4,32849.00000000
2026-10-05,13818,Paulinia 2-Morumbi,CPFL-PAULISTA,33050196000188,FEC,2025,2,0.23000000
2026-10-05,13813,Campinas 16-Jardim Marajo,CPFL-PAULISTA,33050196000188,NumCon,2025,9,60776.00000000
2026-10-05,13817,Campinas 11-Barao Geraldo,CPFL-PAULISTA,33050196000188,NumCon,2025,4,7731.00000000
2026-10-05,13813,Campinas 16-Jardim Marajo,CPFL-PAULISTA,33050196000188,NumCon,2025,11,61019.00000000
2026-10-05,13817,Campinas 11-Barao Geraldo,CPFL-PAULISTA,33050196000188,NumCon,2025,6,7774.00000000
2026-10-05,13793,Nova Odessa 1,CPFL-PAULISTA,33050196000188,FEC,2025,7,0.31000000
2026-10-05,13813,Campinas 16-Jardim Marajo,CPFL-PAULISTA,33050196000188,NumCon,2025,6,60708.00000000
2026-10-05,13817,Campinas 11-Barao Geraldo,CPFL-PAULISTA,33050196000188,NumCon,2025,5,7800.00000000
2026-10-05,16433,Americana 1,CPFL-PAULISTA,33050196000188,FEC,2025,8,0.21000000
2026-10-05,964,PEDREIRA,CPFL JAGUARI,53859112000169,FEC,2025,5,0.16000000
2026-10-05,13813,Campinas 16-Jardim Marajo,CPFL-PAULISTA,33050196000188,NumCon,2025,5,60743.00000000
2026-10-05,13813,Campinas 16-Jardim Marajo,CPFL-PAULISTA,33050196000188,NumCon,2025,4,60284.00000000
2026-10-05,13813,Campinas 16-Jardim Marajo,CPFL-PAULISTA,33050196000188,NumCon,2025,7,60765.00000000
2026-10-05,13796,Itatiba 2-Cruzeiro,CPFL-PAULISTA,33050196000188,DEC,2025,8,0.80000000
2026-10-05,13833,Sumare 2-Tres M,CPFL-PAULISTA,33050196000188,DEC,2025,1,0.34000000
2026-10-05,13813,Campinas 16-Jardim Marajo,CPFL-PAULISTA,33050196000188,NumCon,2025,8,60805.00000000
2026-10-05,964,PEDREIRA,CPFL JAGUARI,53859112000169,FEC,2025,8,0.12000000
2026-10-05,13833,Sumare 2-Tres M,CPFL-PAULISTA,33050196000188,DEC,2025,7,0.15000000
2026-10-05,13824,Nova Odessa 2-Fazenda Velha,CPFL-PAULISTA,33050196000188,DEC,2025,6,0.08000000
2026-10-05,13812,Campinas 14-Bandeirantes,CPFL-PAULISTA,33050196000188,FEC,2025,8,0.14000000
2026-10-05,16452,Monte Mor 1,CPFL-PAULISTA,33050196000188,FEC,2025,2,0.24000000
2026-10-05,13817,Campinas 11-Barao Geraldo,CPFL-PAULISTA,33050196000188,NumCon,2025,2,7683.00000000
2026-10-05,13824,Nova Odessa 2-Fazenda Velha,CPFL-PAULISTA,33050196000188,DEC,2025,4,0.39000000
2026-10-05,13817,Campinas 11-Barao Geraldo,CPFL-PAULISTA,33050196000188,NumCon,2025,1,7734.00000000
2026-10-05,13833,Sumare 2-Tres M,CPFL-PAULISTA,33050196000188,DEC,2025,11,0.05000000
2026-10-05,13813,Campinas 16-Jardim Marajo,CPFL-PAULISTA,33050196000188,NumCon,2025,10,61026.00000000
2026-10-05,13817,Campinas 11-Barao Geraldo,CPFL-PAULISTA,33050196000188,NumCon,2025,3,7726.00000000
2026-10-05,13817,Campinas 11-Barao Geraldo,CPFL-PAULISTA,33050196000188,NumCon,2025,12,7810.00000000
2026-10-05,13817,Campinas 11-Barao Geraldo,CPFL-PAULISTA,33050196000188,NumCon,2025,9,7770.00000000
2026-10-05,13806,Campinas 8-Viracopos,CPFL-PAULISTA,33050196000188,NumCon,2025,10,33079.00000000
2026-10-05,13806,Campinas 8-Viracopos,CPFL-PAULISTA,33050196000188,NumCon,2025,7,32986.00000000
2026-10-05,16461,Santa Barbara Doeste 1,CPFL-PAULISTA,33050196000188,DEC,2025,2,0.33000000
2026-10-05,13817,Campinas 11-Barao Geraldo,CPFL-PAULISTA,33050196000188,NumCon,2025,10,7795.00000000
2026-10-05,13806,Campinas 8-Viracopos,CPFL-PAULISTA,33050196000188,NumCon,2025,11,33142.00000000
2026-10-05,13796,Itatiba 2-Cruzeiro,CPFL-PAULISTA,33050196000188,DEC,2025,5,0.32000000
2026-10-05,13586,SANTO ANTONIO DA POSSE,ELEKTRO,02328280000197,NumCon,2025,9,9997.00000000
2026-10-05,13806,Campinas 8-Viracopos,CPFL-PAULISTA,33050196000188,NumCon,2025,9,32900.00000000
2026-10-05,13806,Campinas 8-Viracopos,CPFL-PAULISTA,33050196000188,NumCon,2025,5,32963.00000000
2026-10-05,13806,Campinas 8-Viracopos,CPFL-PAULISTA,33050196000188,NumCon,2025,6,32978.00000000
2026-10-05,13799,Campinas 2-Souzas,CPFL-PAULISTA,33050196000188,DEC,2025,2,0.81000000
2026-10-05,16433,Americana 1,CPFL-PAULISTA,33050196000188,FEC,2025,6,0.06000000
2026-10-05,13817,Campinas 11-Barao Geraldo,CPFL-PAULISTA,33050196000188,NumCon,2025,7,7784.00000000
2026-10-05,13821,Americana 5-Ipe,CPFL-PAULISTA,33050196000188,DEC,2025,3,0.31000000
2026-10-05,13817,Campinas 11-Barao Geraldo,CPFL-PAULISTA,33050196000188,NumCon,2025,11,7807.00000000
2026-10-05,13813,Campinas 16-Jardim Marajo,CPFL-PAULISTA,33050196000188,NumCon,2025,3,60281.00000000
2026-10-05,13813,Campinas 16-Jardim Marajo,CPFL-PAULISTA,33050196000188,NumCon,2025,1,60425.00000000
2026-10-05,16433,Americana 1,CPFL-PAULISTA,33050196000188,FEC,2025,7,0.15000000
2026-10-05,13813,Campinas 16-Jardim Marajo,CPFL-PAULISTA,33050196000188,NumCon,2025,12,61110.00000000
2026-10-05,13813,Campinas 16-Jardim Marajo,CPFL-PAULISTA,33050196000188,NumCon,2025,2,60575.00000000
2026-10-05,16464,Valinhos 2-Figueira,CPFL-PAULISTA,33050196000188,NumCon,2025,10,24542.00000000
2026-10-05,964,PEDREIRA,CPFL JAGUARI,53859112000169,FEC,2025,9,0.30000000
2026-10-05,13796,Itatiba 2-Cruzeiro,CPFL-PAULISTA,33050196000188,DEC,2025,1,0.53000000
2026-10-05,13806,Campinas 8-Viracopos,CPFL-PAULISTA,33050196000188,NumCon,2025,8,32971.00000000
2026-10-05,13817,Campinas 11-Barao Geraldo,CPFL-PAULISTA,33050196000188,NumCon,2025,8,7785.00000000
2026-10-05,13799,Campinas 2-Souzas,CPFL-PAULISTA,33050196000188,DEC,2025,10,0.69000000
2026-10-05,13824,Nova Odessa 2-Fazenda Velha,CPFL-PAULISTA,33050196000188,NumCon,2025,8,20836.00000000
2026-10-05,13586,SANTO ANTONIO DA POSSE,ELEKTRO,02328280000197,NumCon,2025,8,9986.00000000
2026-10-05,13586,SANTO ANTONIO DA POSSE,ELEKTRO,02328280000197,NumCon,2025,3,9942.00000000
2026-10-05,16452,Monte Mor 1,CPFL-PAULISTA,33050196000188,FEC,2025,1,0.26000000
2026-10-05,13837,Hortolandia 2-Morro Azul,CPFL-PAULISTA,33050196000188,FEC,2025,1,0.18000000
2026-10-05,16452,Monte Mor 1,CPFL-PAULISTA,33050196000188,FEC,2025,8,0.47000000
2026-10-05,13812,Campinas 14-Bandeirantes,CPFL-PAULISTA,33050196000188,FEC,2025,1,0.19000000
2026-10-05,16433,Americana 1,CPFL-PAULISTA,33050196000188,NumCon,2025,3,34625.00000000
2026-10-05,13586,SANTO ANTONIO DA POSSE,ELEKTRO,02328280000197,NumCon,2025,10,10011.00000000
2026-10-05,16433,Americana 1,CPFL-PAULISTA,33050196000188,FEC,2025,2,0.08000000
2026-10-05,13800,Campinas 9-Paineiras,CPFL-PAULISTA,33050196000188,DEC,2025,5,0.15000000
2026-10-05,13818,Paulinia 2-Morumbi,CPFL-PAULISTA,33050196000188,FEC,2025,7,0.10000000
2026-10-05,13805,Campinas 3-Trevo,CPFL-PAULISTA,33050196000188,FEC,2025,1,0.32000000
2026-10-05,13800,Campinas 9-Paineiras,CPFL-PAULISTA,33050196000188,DEC,2025,3,0.36000000
2026-10-05,16452,Monte Mor 1,CPFL-PAULISTA,33050196000188,FEC,2025,6,0.26000000
2026-10-05,13821,Americana 5-Ipe,CPFL-PAULISTA,33050196000188,DEC,2025,12,0.16000000
2026-10-05,13813,Campinas 16-Jardim Marajo,CPFL-PAULISTA,33050196000188,DEC,2025,4,0.24000000
2026-10-05,13818,Paulinia 2-Morumbi,CPFL-PAULISTA,33050196000188,FEC,2025,9,0.13000000
2026-10-05,13796,Itatiba 2-Cruzeiro,CPFL-PAULISTA,33050196000188,DEC,2025,12,0.57000000
2026-10-05,13833,Sumare 2-Tres M,CPFL-PAULISTA,33050196000188,DEC,2025,8,0.13000000
2026-10-05,13818,Paulinia 2-Morumbi,CPFL-PAULISTA,33050196000188,FEC,2025,6,0.33000000
2026-10-05,964,PEDREIRA,CPFL JAGUARI,53859112000169,NumCon,2025,8,20396.00000000
2026-10-05,13837,Hortolandia 2-Morro Azul,CPFL-PAULISTA,33050196000188,FEC,2025,9,0.07000000
2026-10-05,13831,Sumare 5-Nova Veneza,CPFL-PAULISTA,33050196000188,DEC,2025,4,0.14000000
2026-10-05,16441,Campinas 7-Tanquinho,CPFL-PAULISTA,33050196000188,FEC,2025,9,0.21000000
2026-10-05,13821,Americana 5-Ipe,CPFL-PAULISTA,33050196000188,DEC,2025,5,0.17000000
2026-10-05,964,PEDREIRA,CPFL JAGUARI,53859112000169,NumCon,2025,4,20333.00000000
2026-10-05,16461,Santa Barbara Doeste 1,CPFL-PAULISTA,33050196000188,FEC,2025,7,0.19000000
2026-10-05,13824,Nova Odessa 2-Fazenda Velha,CPFL-PAULISTA,33050196000188,FEC,2025,7,0.14000000
2026-10-05,13813,Campinas 16-Jardim Marajo,CPFL-PAULISTA,33050196000188,DEC,2025,1,0.59000000
2026-10-05,13799,Campinas 2-Souzas,CPFL-PAULISTA,33050196000188,DEC,2025,3,1.23000000
2026-10-05,13821,Americana 5-Ipe,CPFL-PAULISTA,33050196000188,DEC,2025,4,0.27000000
2026-10-05,13799,Campinas 2-Souzas,CPFL-PAULISTA,33050196000188,DEC,2025,5,0.31000000
2026-10-05,13805,Campinas 3-Trevo,CPFL-PAULISTA,33050196000188,FEC,2025,6,0.12000000
2026-10-05,13824,Nova Odessa 2-Fazenda Velha,CPFL-PAULISTA,33050196000188,FEC,2025,10,0.06000000
2026-10-05,13837,Hortolandia 2-Morro Azul,CPFL-PAULISTA,33050196000188,FEC,2025,6,0.11000000
2026-10-05,13833,Sumare 2-Tres M,CPFL-PAULISTA,33050196000188,DEC,2025,9,0.10000000
2026-10-05,13586,SANTO ANTONIO DA POSSE,ELEKTRO,02328280000197,NumCon,2025,12,10040.00000000
2026-10-05,13831,Sumare 5-Nova Veneza,CPFL-PAULISTA,33050196000188,DEC,2025,10,0.19000000
2026-10-05,13805,Campinas 3-Trevo,CPFL-PAULISTA,33050196000188,FEC,2025,9,0.03000000
2026-10-05,13818,Paulinia 2-Morumbi,CPFL-PAULISTA,33050196000188,FEC,2025,11,0.27000000
2026-10-05,16461,Santa Barbara Doeste 1,CPFL-PAULISTA,33050196000188,FEC,2025,3,0.39000000
2026-10-05,13831,Sumare 5-Nova Veneza,CPFL-PAULISTA,33050196000188,NumCon,2025,12,26187.00000000
2026-10-05,13809,Campinas 10-Chapadão,CPFL-PAULISTA,33050196000188,DEC,2025,5,0.23000000
2026-10-05,16461,Santa Barbara Doeste 1,CPFL-PAULISTA,33050196000188,FEC,2025,6,0.09000000
2026-10-05,13800,Campinas 9-Paineiras,CPFL-PAULISTA,33050196000188,FEC,2025,11,0.04000000
2026-10-05,13831,Sumare 5-Nova Veneza,CPFL-PAULISTA,33050196000188,NumCon,2025,3,25688.00000000
2026-10-05,13833,Sumare 2-Tres M,CPFL-PAULISTA,33050196000188,DEC,2025,3,0.46000000
2026-10-05,2922,JAGUARIUNA,CPFL JAGUARI,53859112000169,DEC,2025,8,0.55000000
2026-10-05,13833,Sumare 2-Tres M,CPFL-PAULISTA,33050196000188,DEC,2025,4,0.12000000
2026-10-05,13800,Campinas 9-Paineiras,CPFL-PAULISTA,33050196000188,FEC,2025,2,0.04000000
2026-10-05,13586,SANTO ANTONIO DA POSSE,ELEKTRO,02328280000197,NumCon,2025,1,9953.00000000
2026-10-05,16434,Amparo 1,CPFL-PAULISTA,33050196000188,NumCon,2025,3,36031.00000000
2026-10-05,13831,Sumare 5-Nova Veneza,CPFL-PAULISTA,33050196000188,DEC,2025,12,0.26000000
2026-10-05,13833,Sumare 2-Tres M,CPFL-PAULISTA,33050196000188,DEC,2025,6,0.09000000
2026-10-05,13824,Nova Odessa 2-Fazenda Velha,CPFL-PAULISTA,33050196000188,NumCon,2025,6,20766.00000000
2026-10-05,13824,Nova Odessa 2-Fazenda Velha,CPFL-PAULISTA,33050196000188,FEC,2025,9,0.20000000
2026-10-05,13809,Campinas 10-Chapadão,CPFL-PAULISTA,33050196000188,DEC,2025,12,0.51000000
2026-10-05,16433,Americana 1,CPFL-PAULISTA,33050196000188,NumCon,2025,9,34701.00000000
2026-10-05,13836,Hortolandia 1,CPFL-PAULISTA,33050196000188,DEC,2025,5,0.31000000
2026-10-05,13841,Rio das Pedras 1,CPFL-PAULISTA,33050196000188,FEC,2025,7,0.16000000
2026-10-05,13824,Nova Odessa 2-Fazenda Velha,CPFL-PAULISTA,33050196000188,FEC,2025,6,0.04000000
2026-10-05,13806,Campinas 8-Viracopos,CPFL-PAULISTA,33050196000188,FEC,2025,5,0.15000000
2026-10-05,13811,Campinas 4-Boa Vista,CPFL-PAULISTA,33050196000188,FEC,2025,7,0.09000000
2026-10-05,13831,Sumare 5-Nova Veneza,CPFL-PAULISTA,33050196000188,DEC,2025,5,0.13000000
2026-10-05,16433,Americana 1,CPFL-PAULISTA,33050196000188,NumCon,2025,11,34786.00000000
2026-10-05,13586,SANTO ANTONIO DA POSSE,ELEKTRO,02328280000197,NumCon,2025,11,10025.00000000
2026-10-05,13817,Campinas 11-Barao Geraldo,CPFL-PAULISTA,33050196000188,FEC,2025,7,0.12000000
2026-10-05,13586,SANTO ANTONIO DA POSSE,ELEKTRO,02328280000197,NumCon,2025,6,9975.00000000
2026-10-05,13831,Sumare 5-Nova Veneza,CPFL-PAULISTA,33050196000188,DEC,2025,9,0.26000000
2026-10-05,16461,Santa Barbara Doeste 1,CPFL-PAULISTA,33050196000188,FEC,2025,12,0.20000000
2026-10-05,16433,Americana 1,CPFL-PAULISTA,33050196000188,NumCon,2025,10,34795.00000000
2026-10-05,13817,Campinas 11-Barao Geraldo,CPFL-PAULISTA,33050196000188,FEC,2025,6,0.05000000
2026-10-05,13586,SANTO ANTONIO DA POSSE,ELEKTRO,02328280000197,NumCon,2025,7,9982.00000000
2026-10-05,13831,Sumare 5-Nova Veneza,CPFL-PAULISTA,33050196000188,NumCon,2025,7,25808.00000000
2026-10-05,13831,Sumare 5-Nova Veneza,CPFL-PAULISTA,33050196000188,FEC,2025,9,0.37000000
2026-10-05,13831,Sumare 5-Nova Veneza,CPFL-PAULISTA,33050196000188,NumCon,2025,2,25719.00000000
2026-10-05,13800,Campinas 9-Paineiras,CPFL-PAULISTA,33050196000188,FEC,2025,8,0.19000000
2026-10-05,13813,Campinas 16-Jardim Marajo,CPFL-PAULISTA,33050196000188,DEC,2025,5,0.28000000
2026-10-05,2922,JAGUARIUNA,CPFL JAGUARI,53859112000169,DEC,2025,10,0.30000000
2026-10-05,16461,Santa Barbara Doeste 1,CPFL-PAULISTA,33050196000188,FEC,2025,1,0.04000000
2026-10-05,13799,Campinas 2-Souzas,CPFL-PAULISTA,33050196000188,DEC,2025,12,0.57000000
2026-10-05,13831,Sumare 5-Nova Veneza,CPFL-PAULISTA,33050196000188,NumCon,2025,4,26013.00000000
2026-10-05,13817,Campinas 11-Barao Geraldo,CPFL-PAULISTA,33050196000188,FEC,2025,1,0.06000000
2026-10-05,13831,Sumare 5-Nova Veneza,CPFL-PAULISTA,33050196000188,NumCon,2025,5,25750.00000000
2026-10-05,13831,Sumare 5-Nova Veneza,CPFL-PAULISTA,33050196000188,NumCon,2025,9,25947.00000000
2026-10-05,13800,Campinas 9-Paineiras,CPFL-PAULISTA,33050196000188,FEC,2025,10,0.05000000
2026-10-05,13831,Sumare 5-Nova Veneza,CPFL-PAULISTA,33050196000188,NumCon,2025,11,26126.00000000
2026-10-05,16433,Americana 1,CPFL-PAULISTA,33050196000188,NumCon,2025,5,34681.00000000
2026-10-05,16434,Amparo 1,CPFL-PAULISTA,33050196000188,FEC,2025,7,0.24000000
2026-10-05,13797,Itatiba 3-Colonial,CPFL-PAULISTA,33050196000188,DEC,2025,7,0.33000000
2026-10-05,2922,JAGUARIUNA,CPFL JAGUARI,53859112000169,DEC,2025,3,0.35000000
2026-10-05,13818,Paulinia 2-Morumbi,CPFL-PAULISTA,33050196000188,DEC,2025,1,0.26000000
2026-10-05,13817,Campinas 11-Barao Geraldo,CPFL-PAULISTA,33050196000188,FEC,2025,9,0.05000000
2026-10-05,13831,Sumare 5-Nova Veneza,CPFL-PAULISTA,33050196000188,FEC,2025,10,0.07000000
2026-10-05,964,PEDREIRA,CPFL JAGUARI,53859112000169,FEC,2025,4,0.15000000
2026-10-05,13818,Paulinia 2-Morumbi,CPFL-PAULISTA,33050196000188,DEC,2025,4,0.16000000
2026-10-05,16434,Amparo 1,CPFL-PAULISTA,33050196000188,NumCon,2025,2,36095.00000000
2026-10-05,13813,Campinas 16-Jardim Marajo,CPFL-PAULISTA,33050196000188,DEC,2025,6,0.36000000
2026-10-05,13799,Campinas 2-Souzas,CPFL-PAULISTA,33050196000188,DEC,2025,9,0.52000000
2026-10-05,13800,Campinas 9-Paineiras,CPFL-PAULISTA,33050196000188,FEC,2025,9,0.05000000
2026-10-05,13807,Campinas 6-Taquaral,CPFL-PAULISTA,33050196000188,FEC,2025,4,0.05000000
2026-10-05,13800,Campinas 9-Paineiras,CPFL-PAULISTA,33050196000188,FEC,2025,7,0.19000000
2026-10-05,13807,Campinas 6-Taquaral,CPFL-PAULISTA,33050196000188,FEC,2025,12,0.05000000
2026-10-05,13586,SANTO ANTONIO DA POSSE,ELEKTRO,02328280000197,NumCon,2025,4,9957.00000000
2026-10-05,13797,Itatiba 3-Colonial,CPFL-PAULISTA,33050196000188,DEC,2025,3,0.57000000
2026-10-05,13831,Sumare 5-Nova Veneza,CPFL-PAULISTA,33050196000188,DEC,2025,3,0.18000000
2026-10-05,13800,Campinas 9-Paineiras,CPFL-PAULISTA,33050196000188,FEC,2025,6,0.04000000
2026-10-05,13824,Nova Odessa 2-Fazenda Velha,CPFL-PAULISTA,33050196000188,FEC,2025,12,0.19000000
2026-10-05,16461,Santa Barbara Doeste 1,CPFL-PAULISTA,33050196000188,FEC,2025,11,0.10000000
2026-10-05,16441,Campinas 7-Tanquinho,CPFL-PAULISTA,33050196000188,FEC,2025,2,0.15000000
2026-10-05,16461,Santa Barbara Doeste 1,CPFL-PAULISTA,33050196000188,FEC,2025,9,0.06000000
2026-10-05,16434,Amparo 1,CPFL-PAULISTA,33050196000188,NumCon,2025,12,36634.00000000
2026-10-05,13824,Nova Odessa 2-Fazenda Velha,CPFL-PAULISTA,33050196000188,FEC,2025,1,0.19000000
2026-10-05,13824,Nova Odessa 2-Fazenda Velha,CPFL-PAULISTA,33050196000188,FEC,2025,11,0.20000000
2026-10-05,13818,Paulinia 2-Morumbi,CPFL-PAULISTA,33050196000188,DEC,2025,6,0.40000000
2026-10-05,16461,Santa Barbara Doeste 1,CPFL-PAULISTA,33050196000188,FEC,2025,2,0.18000000
2026-10-05,13824,Nova Odessa 2-Fazenda Velha,CPFL-PAULISTA,33050196000188,FEC,2025,2,0.22000000
2026-10-05,13835,Sumare 3-Quilombo,CPFL-PAULISTA,33050196000188,DEC,2025,4,0.21000000
2026-10-05,13824,Nova Odessa 2-Fazenda Velha,CPFL-PAULISTA,33050196000188,FEC,2025,8,0.13000000
2026-10-05,13800,Campinas 9-Paineiras,CPFL-PAULISTA,33050196000188,FEC,2025,1,0.40000000
2026-10-05,13805,Campinas 3-Trevo,CPFL-PAULISTA,33050196000188,FEC,2025,7,0.15000000
2026-10-05,16434,Amparo 1,CPFL-PAULISTA,33050196000188,NumCon,2025,1,36020.00000000
2026-10-05,13814,Campinas 15-Dic,CPFL-PAULISTA,33050196000188,FEC,2025,7,0.09000000
2026-10-05,16461,Santa Barbara Doeste 1,CPFL-PAULISTA,33050196000188,DEC,2025,9,0.11000000
2026-10-05,13809,Campinas 10-Chapadão,CPFL-PAULISTA,33050196000188,DEC,2025,11,0.14000000
2026-10-05,16461,Santa Barbara Doeste 1,CPFL-PAULISTA,33050196000188,FEC,2025,5,0.08000000
2026-10-05,13809,Campinas 10-Chapadão,CPFL-PAULISTA,33050196000188,DEC,2025,7,0.38000000
2026-10-05,13807,Campinas 6-Taquaral,CPFL-PAULISTA,33050196000188,FEC,2025,10,0.11000000
2026-10-05,16461,Santa Barbara Doeste 1,CPFL-PAULISTA,33050196000188,FEC,2025,4,0.05000000
2026-10-05,13818,Paulinia 2-Morumbi,CPFL-PAULISTA,33050196000188,DEC,2025,11,0.31000000
2026-10-05,16461,Santa Barbara Doeste 1,CPFL-PAULISTA,33050196000188,DEC,2025,5,0.14000000
2026-10-05,13797,Itatiba 3-Colonial,CPFL-PAULISTA,33050196000188,DEC,2025,11,0.27000000
2026-10-05,964,PEDREIRA,CPFL JAGUARI,53859112000169,FEC,2025,11,0.12000000
2026-10-05,13829,Santa Barbara 2-Barbarense,CPFL-PAULISTA,33050196000188,DEC,2025,6,0.20000000
2026-10-05,13797,Itatiba 3-Colonial,CPFL-PAULISTA,33050196000188,DEC,2025,12,0.63000000
2026-10-05,13811,Campinas 4-Boa Vista,CPFL-PAULISTA,33050196000188,DEC,2025,3,1.19000000
2026-10-05,16461,Santa Barbara Doeste 1,CPFL-PAULISTA,33050196000188,FEC,2025,10,0.07000000
2026-10-05,13818,Paulinia 2-Morumbi,CPFL-PAULISTA,33050196000188,DEC,2025,8,0.19000000
2026-10-05,13835,Sumare 3-Quilombo,CPFL-PAULISTA,33050196000188,DEC,2025,9,0.19000000
2026-10-05,16461,Santa Barbara Doeste 1,CPFL-PAULISTA,33050196000188,DEC,2025,3,0.38000000
2026-10-05,13824,Nova Odessa 2-Fazenda Velha,CPFL-PAULISTA,33050196000188,FEC,2025,4,0.11000000
2026-10-05,13797,Itatiba 3-Colonial,CPFL-PAULISTA,33050196000188,DEC,2025,5,0.38000000
2026-10-05,13824,Nova Odessa 2-Fazenda Velha,CPFL-PAULISTA,33050196000188,FEC,2025,5,0.38000000
2026-10-05,13806,Campinas 8-Viracopos,CPFL-PAULISTA,33050196000188,FEC,2025,12,0.17000000
2026-10-05,16434,Amparo 1,CPFL-PAULISTA,33050196000188,NumCon,2025,4,36179.00000000
2026-10-05,16461,Santa Barbara Doeste 1,CPFL-PAULISTA,33050196000188,FEC,2025,8,0.36000000
2026-10-05,964,PEDREIRA,CPFL JAGUARI,53859112000169,NumCon,2025,11,20499.00000000
2026-10-05,13824,Nova Odessa 2-Fazenda Velha,CPFL-PAULISTA,33050196000188,FEC,2025,3,0.22000000
2026-10-05,13806,Campinas 8-Viracopos,CPFL-PAULISTA,33050196000188,FEC,2025,4,0.33000000
2026-10-05,13800,Campinas 9-Paineiras,CPFL-PAULISTA,33050196000188,FEC,2025,5,0.05000000
2026-10-05,13805,Campinas 3-Trevo,CPFL-PAULISTA,33050196000188,FEC,2025,8,0.14000000
2026-10-05,13835,Sumare 3-Quilombo,CPFL-PAULISTA,33050196000188,DEC,2025,8,0.12000000
2026-10-05,16461,Santa Barbara Doeste 1,CPFL-PAULISTA,33050196000188,DEC,2025,12,0.11000000
2026-10-05,16440,Campinas 5-Andorinha,CPFL-PAULISTA,33050196000188,NumCon,2025,8,69913.00000000
2026-10-05,16433,Americana 1,CPFL-PAULISTA,33050196000188,NumCon,2025,8,34645.00000000
2026-10-05,13817,Campinas 11-Barao Geraldo,CPFL-PAULISTA,33050196000188,FEC,2025,11,0.06000000
2026-10-05,16464,Valinhos 2-Figueira,CPFL-PAULISTA,33050196000188,NumCon,2025,12,24582.00000000
2026-10-05,13840,Capivari 1,CPFL-PAULISTA,33050196000188,DEC,2025,6,0.70000000
2026-10-05,13799,Campinas 2-Souzas,CPFL-PAULISTA,33050196000188,FEC,2025,1,0.75000000
2026-10-05,16464,Valinhos 2-Figueira,CPFL-PAULISTA,33050196000188,NumCon,2025,6,24470.00000000
2026-10-05,13817,Campinas 11-Barao Geraldo,CPFL-PAULISTA,33050196000188,FEC,2025,10,0.08000000
2026-10-05,13800,Campinas 9-Paineiras,CPFL-PAULISTA,33050196000188,FEC,2025,3,0.15000000
2026-10-05,16433,Americana 1,CPFL-PAULISTA,33050196000188,NumCon,2025,1,34593.00000000
2026-10-05,13840,Capivari 1,CPFL-PAULISTA,33050196000188,DEC,2025,4,0.48000000
2026-10-05,13797,Itatiba 3-Colonial,CPFL-PAULISTA,33050196000188,DEC,2025,4,0.74000000
2026-10-05,16433,Americana 1,CPFL-PAULISTA,33050196000188,NumCon,2025,2,34619.00000000
2026-10-05,13806,Campinas 8-Viracopos,CPFL-PAULISTA,33050196000188,FEC,2025,8,0.23000000
2026-10-05,13818,Paulinia 2-Morumbi,CPFL-PAULISTA,33050196000188,DEC,2025,5,0.67000000
2026-10-05,13817,Campinas 11-Barao Geraldo,CPFL-PAULISTA,33050196000188,FEC,2025,2,0.07000000
2026-10-05,13841,Rio das Pedras 1,CPFL-PAULISTA,33050196000188,FEC,2025,6,0.23000000
2026-10-05,13806,Campinas 8-Viracopos,CPFL-PAULISTA,33050196000188,FEC,2025,10,0.14000000
2026-10-05,13797,Itatiba 3-Colonial,CPFL-PAULISTA,33050196000188,DEC,2025,1,0.52000000
2026-10-05,13799,Campinas 2-Souzas,CPFL-PAULISTA,33050196000188,FEC,2025,9,0.19000000
2026-10-05,13805,Campinas 3-Trevo,CPFL-PAULISTA,33050196000188,FEC,2025,5,0.17000000
2026-10-05,13805,Campinas 3-Trevo,CPFL-PAULISTA,33050196000188,FEC,2025,10,0.15000000
2026-10-05,13841,Rio das Pedras 1,CPFL-PAULISTA,33050196000188,FEC,2025,9,0.14000000
2026-10-05,13586,SANTO ANTONIO DA POSSE,ELEKTRO,02328280000197,NumCon,2025,5,9982.00000000
2026-10-05,13831,Sumare 5-Nova Veneza,CPFL-PAULISTA,33050196000188,FEC,2025,5,0.03000000
2026-10-05,16433,Americana 1,CPFL-PAULISTA,33050196000188,NumCon,2025,4,34587.00000000
2026-10-05,16433,Americana 1,CPFL-PAULISTA,33050196000188,NumCon,2025,6,34679.00000000
2026-10-05,13840,Capivari 1,CPFL-PAULISTA,33050196000188,DEC,2025,1,0.45000000
2026-10-05,13831,Sumare 5-Nova Veneza,CPFL-PAULISTA,33050196000188,FEC,2025,4,0.05000000
2026-10-05,13809,Campinas 10-Chapadão,CPFL-PAULISTA,33050196000188,DEC,2025,3,0.29000000
2026-10-05,13840,Capivari 1,CPFL-PAULISTA,33050196000188,NumCon,2025,10,27868.00000000
2026-10-05,13800,Campinas 9-Paineiras,CPFL-PAULISTA,33050196000188,NumCon,2025,3,22720.00000000
2026-10-05,13817,Campinas 11-Barao Geraldo,CPFL-PAULISTA,33050196000188,FEC,2025,8,0.02000000
2026-10-05,13797,Itatiba 3-Colonial,CPFL-PAULISTA,33050196000188,DEC,2025,9,0.30000000
2026-10-05,13831,Sumare 5-Nova Veneza,CPFL-PAULISTA,33050196000188,FEC,2025,3,0.13000000
2026-10-05,13840,Capivari 1,CPFL-PAULISTA,33050196000188,DEC,2025,8,0.50000000
2026-10-05,13800,Campinas 9-Paineiras,CPFL-PAULISTA,33050196000188,NumCon,2025,1,22692.00000000
2026-10-05,13797,Itatiba 3-Colonial,CPFL-PAULISTA,33050196000188,DEC,2025,6,0.42000000
2026-10-05,16433,Americana 1,CPFL-PAULISTA,33050196000188,DEC,2025,7,0.24000000
2026-10-05,13805,Campinas 3-Trevo,CPFL-PAULISTA,33050196000188,FEC,2025,2,0.54000000
2026-10-05,16433,Americana 1,CPFL-PAULISTA,33050196000188,NumCon,2025,7,34689.00000000
2026-10-05,13586,SANTO ANTONIO DA POSSE,ELEKTRO,02328280000197,NumCon,2025,2,9950.00000000
2026-10-05,13806,Campinas 8-Viracopos,CPFL-PAULISTA,33050196000188,FEC,2025,11,0.35000000
2026-10-05,13833,Sumare 2-Tres M,CPFL-PAULISTA,33050196000188,NumCon,2025,3,17158.00000000
2026-10-05,964,PEDREIRA,CPFL JAGUARI,53859112000169,FEC,2025,6,0.11000000
2026-10-05,13809,Campinas 10-Chapadão,CPFL-PAULISTA,33050196000188,DEC,2025,10,0.94000000
2026-10-05,13821,Americana 5-Ipe,CPFL-PAULISTA,33050196000188,NumCon,2025,2,28937.00000000
2026-10-05,16433,Americana 1,CPFL-PAULISTA,33050196000188,DEC,2025,4,0.22000000
2026-10-05,13831,Sumare 5-Nova Veneza,CPFL-PAULISTA,33050196000188,FEC,2025,12,0.59000000
2026-10-05,16433,Americana 1,CPFL-PAULISTA,33050196000188,DEC,2025,6,0.17000000
2026-10-05,16441,Campinas 7-Tanquinho,CPFL-PAULISTA,33050196000188,FEC,2025,11,0.19000000
2026-10-05,13814,Campinas 15-Dic,CPFL-PAULISTA,33050196000188,DEC,2025,7,0.27000000
2026-10-05,13797,Itatiba 3-Colonial,CPFL-PAULISTA,33050196000188,DEC,2025,8,0.41000000
2026-10-05,13819,Paulinia 1,CPFL-PAULISTA,33050196000188,FEC,2025,2,0.26000000
2026-10-05,13799,Campinas 2-Souzas,CPFL-PAULISTA,33050196000188,FEC,2025,7,0.20000000
2026-10-05,13807,Campinas 6-Taquaral,CPFL-PAULISTA,33050196000188,DEC,2025,11,0.38000000
2026-10-05,13805,Campinas 3-Trevo,CPFL-PAULISTA,33050196000188,FEC,2025,11,0.28000000
2026-10-05,13809,Campinas 10-Chapadão,CPFL-PAULISTA,33050196000188,FEC,2025,3,0.10000000
2026-10-05,13843,Piracicaba 4-Unileste,CPFL-PAULISTA,33050196000188,DEC,2025,7,0.73000000
2026-10-05,13840,Capivari 1,CPFL-PAULISTA,33050196000188,NumCon,2025,8,27776.00000000
2026-10-05,13807,Campinas 6-Taquaral,CPFL-PAULISTA,33050196000188,NumCon,2025,6,33428.00000000
2026-10-05,16434,Amparo 1,CPFL-PAULISTA,33050196000188,FEC,2025,2,0.16000000
2026-10-05,16433,Americana 1,CPFL-PAULISTA,33050196000188,DEC,2025,1,0.44000000
2026-10-05,13819,Paulinia 1,CPFL-PAULISTA,33050196000188,FEC,2025,11,0.14000000
2026-10-05,13819,Paulinia 1,CPFL-PAULISTA,33050196000188,NumCon,2025,7,33460.00000000
2026-10-05,964,PEDREIRA,CPFL JAGUARI,53859112000169,FEC,2025,7,0.19000000
2026-10-05,16433,Americana 1,CPFL-PAULISTA,33050196000188,DEC,2025,2,0.17000000
2026-10-05,13540,MOGI MIRIM UM,ELEKTRO,02328280000197,FEC,2025,1,0.26000000
2026-10-05,13797,Itatiba 3-Colonial,CPFL-PAULISTA,33050196000188,DEC,2025,10,0.21000000
2026-10-05,16434,Amparo 1,CPFL-PAULISTA,33050196000188,FEC,2025,8,0.19000000
2026-10-05,13797,Itatiba 3-Colonial,CPFL-PAULISTA,33050196000188,DEC,2025,2,0.46000000
2026-10-05,16434,Amparo 1,CPFL-PAULISTA,33050196000188,FEC,2025,6,0.15000000
2026-10-05,13540,MOGI MIRIM UM,ELEKTRO,02328280000197,FEC,2025,12,0.16000000
2026-10-05,13818,Paulinia 2-Morumbi,CPFL-PAULISTA,33050196000188,DEC,2025,9,0.33000000
2026-10-05,16433,Americana 1,CPFL-PAULISTA,33050196000188,DEC,2025,10,0.51000000
2026-10-05,13793,Nova Odessa 1,CPFL-PAULISTA,33050196000188,DEC,2025,7,0.40000000
2026-10-05,16464,Valinhos 2-Figueira,CPFL-PAULISTA,33050196000188,DEC,2025,2,0.39000000
2026-10-05,13793,Nova Odessa 1,CPFL-PAULISTA,33050196000188,DEC,2025,11,0.36000000
2026-10-05,16464,Valinhos 2-Figueira,CPFL-PAULISTA,33050196000188,DEC,2025,1,1.18000000
2026-10-05,16434,Amparo 1,CPFL-PAULISTA,33050196000188,FEC,2025,1,0.14000000
2026-10-05,13840,Capivari 1,CPFL-PAULISTA,33050196000188,FEC,2025,2,0.16000000
2026-10-05,13793,Nova Odessa 1,CPFL-PAULISTA,33050196000188,DEC,2025,2,0.29000000
2026-10-05,13793,Nova Odessa 1,CPFL-PAULISTA,33050196000188,DEC,2025,8,0.35000000
2026-10-05,13811,Campinas 4-Boa Vista,CPFL-PAULISTA,33050196000188,DEC,2025,10,0.30000000
2026-10-05,13821,Americana 5-Ipe,CPFL-PAULISTA,33050196000188,NumCon,2025,10,28928.00000000
2026-10-05,16464,Valinhos 2-Figueira,CPFL-PAULISTA,33050196000188,DEC,2025,11,0.31000000
2026-10-05,13822,Americana 2-Campo Verde,CPFL-PAULISTA,33050196000188,FEC,2025,10,0.19000000
2026-10-05,13802,Valinhos 1,CPFL-PAULISTA,33050196000188,NumCon,2025,6,36816.00000000
2026-10-05,13819,Paulinia 1,CPFL-PAULISTA,33050196000188,FEC,2025,10,0.53000000
2026-10-05,13802,Valinhos 1,CPFL-PAULISTA,33050196000188,NumCon,2025,1,36701.00000000
2026-10-05,13793,Nova Odessa 1,CPFL-PAULISTA,33050196000188,DEC,2025,1,0.43000000
2026-10-05,13793,Nova Odessa 1,CPFL-PAULISTA,33050196000188,DEC,2025,4,0.48000000
2026-10-05,16464,Valinhos 2-Figueira,CPFL-PAULISTA,33050196000188,DEC,2025,7,0.37000000
2026-10-05,16464,Valinhos 2-Figueira,CPFL-PAULISTA,33050196000188,DEC,2025,4,0.28000000
2026-10-05,13793,Nova Odessa 1,CPFL-PAULISTA,33050196000188,DEC,2025,6,0.16000000
2026-10-05,13793,Nova Odessa 1,CPFL-PAULISTA,33050196000188,DEC,2025,9,0.28000000
2026-10-05,13805,Campinas 3-Trevo,CPFL-PAULISTA,33050196000188,NumCon,2025,8,40810.00000000
2026-10-05,13802,Valinhos 1,CPFL-PAULISTA,33050196000188,FEC,2025,11,0.08000000
2026-10-05,13802,Valinhos 1,CPFL-PAULISTA,33050196000188,NumCon,2025,8,36657.00000000
2026-10-05,13540,MOGI MIRIM UM,ELEKTRO,02328280000197,FEC,2025,3,0.20000000
2026-10-05,16464,Valinhos 2-Figueira,CPFL-PAULISTA,33050196000188,DEC,2025,6,0.57000000
2026-10-05,13793,Nova Odessa 1,CPFL-PAULISTA,33050196000188,DEC,2025,3,0.43000000
2026-10-05,13834,Sumare 4-Nova Aparecida,CPFL-PAULISTA,33050196000188,NumCon,2025,3,29806.00000000
2026-10-05,13832,Sumare 6-Orquidea,CPFL-PAULISTA,33050196000188,NumCon,2025,12,16734.00000000
2026-10-05,13809,Campinas 10-Chapadão,CPFL-PAULISTA,33050196000188,FEC,2025,6,0.15000000
2026-10-05,16440,Campinas 5-Andorinha,CPFL-PAULISTA,33050196000188,DEC,2025,1,0.53000000
2026-10-05,13793,Nova Odessa 1,CPFL-PAULISTA,33050196000188,DEC,2025,10,0.53000000
2026-10-05,13822,Americana 2-Campo Verde,CPFL-PAULISTA,33050196000188,FEC,2025,12,0.17000000
2026-10-05,2922,JAGUARIUNA,CPFL JAGUARI,53859112000169,NumCon,2025,1,28396.00000000
2026-10-05,13802,Valinhos 1,CPFL-PAULISTA,33050196000188,NumCon,2025,2,36742.00000000
2026-10-05,13834,Sumare 4-Nova Aparecida,CPFL-PAULISTA,33050196000188,NumCon,2025,5,29828.00000000
2026-10-05,2922,JAGUARIUNA,CPFL JAGUARI,53859112000169,NumCon,2025,11,29064.00000000
2026-10-05,13807,Campinas 6-Taquaral,CPFL-PAULISTA,33050196000188,NumCon,2025,2,33273.00000000
2026-10-05,13822,Americana 2-Campo Verde,CPFL-PAULISTA,33050196000188,FEC,2025,5,0.04000000
2026-10-05,13822,Americana 2-Campo Verde,CPFL-PAULISTA,33050196000188,FEC,2025,3,0.25000000
2026-10-05,16440,Campinas 5-Andorinha,CPFL-PAULISTA,33050196000188,DEC,2025,8,0.28000000
2026-10-05,964,PEDREIRA,CPFL JAGUARI,53859112000169,NumCon,2025,5,20340.00000000
2026-10-05,964,PEDREIRA,CPFL JAGUARI,53859112000169,NumCon,2025,10,20484.00000000
2026-10-05,13793,Nova Odessa 1,CPFL-PAULISTA,33050196000188,DEC,2025,5,0.17000000
2026-10-05,964,PEDREIRA,CPFL JAGUARI,53859112000169,NumCon,2025,7,20366.00000000
2026-10-05,13793,Nova Odessa 1,CPFL-PAULISTA,33050196000188,DEC,2025,12,0.63000000
2026-10-05,13834,Sumare 4-Nova Aparecida,CPFL-PAULISTA,33050196000188,NumCon,2025,9,29918.00000000
2026-10-05,13809,Campinas 10-Chapadão,CPFL-PAULISTA,33050196000188,FEC,2025,9,0.04000000
2026-10-05,13802,Valinhos 1,CPFL-PAULISTA,33050196000188,NumCon,2025,7,36954.00000000
2026-10-05,13819,Paulinia 1,CPFL-PAULISTA,33050196000188,NumCon,2025,10,33749.00000000
2026-10-05,13809,Campinas 10-Chapadão,CPFL-PAULISTA,33050196000188,FEC,2025,1,0.33000000
2026-10-05,13802,Valinhos 1,CPFL-PAULISTA,33050196000188,NumCon,2025,10,36641.00000000
2026-10-05,964,PEDREIRA,CPFL JAGUARI,53859112000169,NumCon,2025,12,20541.00000000
2026-10-05,13821,Americana 5-Ipe,CPFL-PAULISTA,33050196000188,NumCon,2025,7,28925.00000000
2026-10-05,964,PEDREIRA,CPFL JAGUARI,53859112000169,NumCon,2025,3,20309.00000000
2026-10-05,13808,Campinas 1-Centro,CPFL-PAULISTA,33050196000188,FEC,2025,7,0.06000000
2026-10-05,964,PEDREIRA,CPFL JAGUARI,53859112000169,NumCon,2025,6,20348.00000000
2026-10-05,16440,Campinas 5-Andorinha,CPFL-PAULISTA,33050196000188,DEC,2025,6,0.15000000
2026-10-05,13808,Campinas 1-Centro,CPFL-PAULISTA,33050196000188,FEC,2025,1,0.04000000
2026-10-05,13837,Hortolandia 2-Morro Azul,CPFL-PAULISTA,33050196000188,NumCon,2025,7,44187.00000000
2026-10-05,16452,Monte Mor 1,CPFL-PAULISTA,33050196000188,NumCon,2025,8,36006.00000000
2026-10-05,13808,Campinas 1-Centro,CPFL-PAULISTA,33050196000188,FEC,2025,9,0.06000000
2026-10-05,964,PEDREIRA,CPFL JAGUARI,53859112000169,NumCon,2025,9,20424.00000000
2026-10-05,13808,Campinas 1-Centro,CPFL-PAULISTA,33050196000188,FEC,2025,6,0.06000000
2026-10-05,13814,Campinas 15-Dic,CPFL-PAULISTA,33050196000188,NumCon,2025,7,22301.00000000
2026-10-05,16440,Campinas 5-Andorinha,CPFL-PAULISTA,33050196000188,DEC,2025,11,0.27000000
2026-10-05,13834,Sumare 4-Nova Aparecida,CPFL-PAULISTA,33050196000188,NumCon,2025,4,29755.00000000
2026-10-05,13797,Itatiba 3-Colonial,CPFL-PAULISTA,33050196000188,FEC,2025,12,0.26000000
2026-10-05,13834,Sumare 4-Nova Aparecida,CPFL-PAULISTA,33050196000188,FEC,2025,12,0.10000000
2026-10-05,2922,JAGUARIUNA,CPFL JAGUARI,53859112000169,NumCon,2025,3,28470.00000000
2026-10-05,2922,JAGUARIUNA,CPFL JAGUARI,53859112000169,NumCon,2025,9,28805.00000000
2026-10-05,13797,Itatiba 3-Colonial,CPFL-PAULISTA,33050196000188,FEC,2025,10,0.07000000
2026-10-05,13457,ARTUR NOGUEIRA,ELEKTRO,02328280000197,NumCon,2025,5,33469.00000000
2026-10-05,16452,Monte Mor 1,CPFL-PAULISTA,33050196000188,NumCon,2025,6,36004.00000000
2026-10-05,13834,Sumare 4-Nova Aparecida,CPFL-PAULISTA,33050196000188,FEC,2025,4,0.14000000
2026-10-05,13834,Sumare 4-Nova Aparecida,CPFL-PAULISTA,33050196000188,FEC,2025,5,0.07000000
2026-10-05,13833,Sumare 2-Tres M,CPFL-PAULISTA,33050196000188,FEC,2025,12,0.02000000
2026-10-05,2922,JAGUARIUNA,CPFL JAGUARI,53859112000169,NumCon,2025,7,28731.00000000
2026-10-05,2922,JAGUARIUNA,CPFL JAGUARI,53859112000169,NumCon,2025,10,28931.00000000
2026-10-05,13812,Campinas 14-Bandeirantes,CPFL-PAULISTA,33050196000188,NumCon,2025,8,33642.00000000
2026-10-05,13457,ARTUR NOGUEIRA,ELEKTRO,02328280000197,NumCon,2025,11,33715.00000000
2026-10-05,964,PEDREIRA,CPFL JAGUARI,53859112000169,NumCon,2025,1,20298.00000000
2026-10-05,964,PEDREIRA,CPFL JAGUARI,53859112000169,DEC,2025,6,0.29000000
2026-10-05,964,PEDREIRA,CPFL JAGUARI,53859112000169,DEC,2025,8,0.38000000
2026-10-05,13834,Sumare 4-Nova Aparecida,CPFL-PAULISTA,33050196000188,FEC,2025,9,0.27000000
2026-10-05,964,PEDREIRA,CPFL JAGUARI,53859112000169,DEC,2025,4,0.35000000
2026-10-05,13834,Sumare 4-Nova Aparecida,CPFL-PAULISTA,33050196000188,FEC,2025,11,0.07000000
2026-10-05,964,PEDREIRA,CPFL JAGUARI,53859112000169,DEC,2025,3,1.89000000
2026-10-05,13457,ARTUR NOGUEIRA,ELEKTRO,02328280000197,NumCon,2025,12,33771.00000000
2026-10-05,964,PEDREIRA,CPFL JAGUARI,53859112000169,DEC,2025,10,0.47000000
2026-10-05,16452,Monte Mor 1,CPFL-PAULISTA,33050196000188,NumCon,2025,7,36051.00000000
2026-10-05,964,PEDREIRA,CPFL JAGUARI,53859112000169,DEC,2025,2,0.43000000
2026-10-05,13457,ARTUR NOGUEIRA,ELEKTRO,02328280000197,NumCon,2025,7,33531.00000000
2026-10-05,13833,Sumare 2-Tres M,CPFL-PAULISTA,33050196000188,FEC,2025,10,0.19000000
2026-10-05,964,PEDREIRA,CPFL JAGUARI,53859112000169,DEC,2025,9,0.68000000
2026-10-05,964,PEDREIRA,CPFL JAGUARI,53859112000169,DEC,2025,11,0.38000000
2026-10-05,13841,Rio das Pedras 1,CPFL-PAULISTA,33050196000188,NumCon,2025,1,13062.00000000
2026-10-05,13819,Paulinia 1,CPFL-PAULISTA,33050196000188,NumCon,2025,5,33401.00000000
2026-10-05,13833,Sumare 2-Tres M,CPFL-PAULISTA,33050196000188,FEC,2025,9,0.03000000
2026-10-05,13796,Itatiba 2-Cruzeiro,CPFL-PAULISTA,33050196000188,NumCon,2025,1,19443.00000000
2026-10-05,13834,Sumare 4-Nova Aparecida,CPFL-PAULISTA,33050196000188,FEC,2025,2,0.34000000
2026-10-05,13819,Paulinia 1,CPFL-PAULISTA,33050196000188,NumCon,2025,9,33557.00000000
2026-10-05,13818,Paulinia 2-Morumbi,CPFL-PAULISTA,33050196000188,NumCon,2025,2,17081.00000000
2026-10-05,13540,MOGI MIRIM UM,ELEKTRO,02328280000197,FEC,2025,8,0.25000000
2026-10-05,13457,ARTUR NOGUEIRA,ELEKTRO,02328280000197,NumCon,2025,1,33321.00000000
2026-10-05,964,PEDREIRA,CPFL JAGUARI,53859112000169,DEC,2025,12,0.59000000
2026-10-05,13814,Campinas 15-Dic,CPFL-PAULISTA,33050196000188,NumCon,2025,10,22414.00000000
2026-10-05,13819,Paulinia 1,CPFL-PAULISTA,33050196000188,NumCon,2025,4,33065.00000000
2026-10-05,13832,Sumare 6-Orquidea,CPFL-PAULISTA,33050196000188,NumCon,2025,10,16724.00000000
2026-10-05,13796,Itatiba 2-Cruzeiro,CPFL-PAULISTA,33050196000188,NumCon,2025,3,19439.00000000
2026-10-05,13586,SANTO ANTONIO DA POSSE,ELEKTRO,02328280000197,FEC,2025,3,0.45000000
2026-10-05,13810,Campinas 12-Cidade Jardim,CPFL-PAULISTA,33050196000188,NumCon,2025,4,37772.00000000
2026-10-05,2922,JAGUARIUNA,CPFL JAGUARI,53859112000169,FEC,2025,8,0.31000000
2026-10-05,13810,Campinas 12-Cidade Jardim,CPFL-PAULISTA,33050196000188,NumCon,2025,3,37717.00000000
2026-10-05,13819,Paulinia 1,CPFL-PAULISTA,33050196000188,NumCon,2025,11,33825.00000000
2026-10-05,13540,MOGI MIRIM UM,ELEKTRO,02328280000197,FEC,2025,4,0.12000000
2026-10-05,13833,Sumare 2-Tres M,CPFL-PAULISTA,33050196000188,FEC,2025,3,0.14000000
2026-10-05,13586,SANTO ANTONIO DA POSSE,ELEKTRO,02328280000197,FEC,2025,5,0.21000000
2026-10-05,13814,Campinas 15-Dic,CPFL-PAULISTA,33050196000188,NumCon,2025,9,22349.00000000
2026-10-05,13540,MOGI MIRIM UM,ELEKTRO,02328280000197,FEC,2025,9,0.10000000
2026-10-05,13822,Americana 2-Campo Verde,CPFL-PAULISTA,33050196000188,FEC,2025,2,0.13000000
2026-10-05,13540,MOGI MIRIM UM,ELEKTRO,02328280000197,FEC,2025,10,0.27000000
2026-10-05,964,PEDREIRA,CPFL JAGUARI,53859112000169,DEC,2025,7,0.57000000
2026-10-05,13812,Campinas 14-Bandeirantes,CPFL-PAULISTA,33050196000188,DEC,2025,4,0.35000000
2026-10-05,964,PEDREIRA,CPFL JAGUARI,53859112000169,DEC,2025,1,0.91000000
2026-10-05,13812,Campinas 14-Bandeirantes,CPFL-PAULISTA,33050196000188,DEC,2025,6,0.42000000
2026-10-05,964,PEDREIRA,CPFL JAGUARI,53859112000169,DEC,2025,5,0.39000000
2026-10-05,13832,Sumare 6-Orquidea,CPFL-PAULISTA,33050196000188,NumCon,2025,2,16650.00000000
2026-10-05,13586,SANTO ANTONIO DA POSSE,ELEKTRO,02328280000197,FEC,2025,10,0.22000000
2026-10-05,13822,Americana 2-Campo Verde,CPFL-PAULISTA,33050196000188,FEC,2025,4,0.11000000
2026-10-05,13814,Campinas 15-Dic,CPFL-PAULISTA,33050196000188,NumCon,2025,5,22320.00000000
2026-10-05,13540,MOGI MIRIM UM,ELEKTRO,02328280000197,FEC,2025,2,0.49000000
2026-10-05,13812,Campinas 14-Bandeirantes,CPFL-PAULISTA,33050196000188,DEC,2025,1,0.60000000
2026-10-05,13834,Sumare 4-Nova Aparecida,CPFL-PAULISTA,33050196000188,NumCon,2025,12,29888.00000000
2026-10-05,13820,Cosmopolis 1,CPFL-PAULISTA,33050196000188,NumCon,2025,1,24779.00000000
2026-10-05,13822,Americana 2-Campo Verde,CPFL-PAULISTA,33050196000188,FEC,2025,1,0.24000000
2026-10-05,13832,Sumare 6-Orquidea,CPFL-PAULISTA,33050196000188,NumCon,2025,7,16639.00000000
2026-10-05,13814,Campinas 15-Dic,CPFL-PAULISTA,33050196000188,NumCon,2025,6,22290.00000000
2026-10-05,13820,Cosmopolis 1,CPFL-PAULISTA,33050196000188,NumCon,2025,3,24775.00000000
2026-10-05,13540,MOGI MIRIM UM,ELEKTRO,02328280000197,FEC,2025,5,0.17000000
2026-10-05,13822,Americana 2-Campo Verde,CPFL-PAULISTA,33050196000188,FEC,2025,11,0.12000000
2026-10-05,13822,Americana 2-Campo Verde,CPFL-PAULISTA,33050196000188,FEC,2025,9,0.15000000
2026-10-05,13812,Campinas 14-Bandeirantes,CPFL-PAULISTA,33050196000188,DEC,2025,8,0.27000000
2026-10-05,13835,Sumare 3-Quilombo,CPFL-PAULISTA,33050196000188,NumCon,2025,11,39385.00000000
2026-10-05,13826,Americana 4-Jardim,CPFL-PAULISTA,33050196000188,NumCon,2025,1,39089.00000000
2026-10-05,13832,Sumare 6-Orquidea,CPFL-PAULISTA,33050196000188,NumCon,2025,6,16637.00000000
2026-10-05,13822,Americana 2-Campo Verde,CPFL-PAULISTA,33050196000188,FEC,2025,8,0.10000000
2026-10-05,13810,Campinas 12-Cidade Jardim,CPFL-PAULISTA,33050196000188,NumCon,2025,10,38775.00000000
2026-10-05,13457,ARTUR NOGUEIRA,ELEKTRO,02328280000197,NumCon,2025,4,33417.00000000
2026-10-05,13826,Americana 4-Jardim,CPFL-PAULISTA,33050196000188,DEC,2025,3,0.21000000
2026-10-05,13822,Americana 2-Campo Verde,CPFL-PAULISTA,33050196000188,FEC,2025,6,0.10000000
2026-10-05,13826,Americana 4-Jardim,CPFL-PAULISTA,33050196000188,DEC,2025,10,0.25000000
2026-10-05,13834,Sumare 4-Nova Aparecida,CPFL-PAULISTA,33050196000188,FEC,2025,3,0.07000000
2026-10-05,13832,Sumare 6-Orquidea,CPFL-PAULISTA,33050196000188,NumCon,2025,1,16624.00000000
2026-10-05,13826,Americana 4-Jardim,CPFL-PAULISTA,33050196000188,DEC,2025,5,0.22000000
2026-10-05,13457,ARTUR NOGUEIRA,ELEKTRO,02328280000197,NumCon,2025,6,33515.00000000
2026-10-05,13826,Americana 4-Jardim,CPFL-PAULISTA,33050196000188,DEC,2025,12,0.18000000
2026-10-05,13826,Americana 4-Jardim,CPFL-PAULISTA,33050196000188,DEC,2025,9,0.26000000
2026-10-05,13822,Americana 2-Campo Verde,CPFL-PAULISTA,33050196000188,FEC,2025,7,0.10000000
2026-10-05,16461,Santa Barbara Doeste 1,CPFL-PAULISTA,33050196000188,NumCon,2025,7,34494.00000000
2026-10-05,13586,SANTO ANTONIO DA POSSE,ELEKTRO,02328280000197,FEC,2025,4,0.06000000
2026-10-05,13819,Paulinia 1,CPFL-PAULISTA,33050196000188,NumCon,2025,3,33096.00000000
2026-10-05,13820,Cosmopolis 1,CPFL-PAULISTA,33050196000188,NumCon,2025,12,25020.00000000
2026-10-05,13821,Americana 5-Ipe,CPFL-PAULISTA,33050196000188,NumCon,2025,8,28916.00000000
2026-10-05,13826,Americana 4-Jardim,CPFL-PAULISTA,33050196000188,NumCon,2025,8,39922.00000000
2026-10-05,16452,Monte Mor 1,CPFL-PAULISTA,33050196000188,NumCon,2025,10,36239.00000000
2026-10-05,13586,SANTO ANTONIO DA POSSE,ELEKTRO,02328280000197,DEC,2025,10,0.36000000
2026-10-05,13586,SANTO ANTONIO DA POSSE,ELEKTRO,02328280000197,DEC,2025,11,0.12000000
2026-10-05,13819,Paulinia 1,CPFL-PAULISTA,33050196000188,NumCon,2025,2,33216.00000000
2026-10-05,16461,Santa Barbara Doeste 1,CPFL-PAULISTA,33050196000188,NumCon,2025,10,34611.00000000
2026-10-05,13586,SANTO ANTONIO DA POSSE,ELEKTRO,02328280000197,DEC,2025,9,0.23000000
2026-10-05,13820,Cosmopolis 1,CPFL-PAULISTA,33050196000188,NumCon,2025,4,24821.00000000
2026-10-05,13835,Sumare 3-Quilombo,CPFL-PAULISTA,33050196000188,NumCon,2025,9,39068.00000000
2026-10-05,13814,Campinas 15-Dic,CPFL-PAULISTA,33050196000188,NumCon,2025,11,22429.00000000
2026-10-05,13819,Paulinia 1,CPFL-PAULISTA,33050196000188,NumCon,2025,12,33963.00000000
2026-10-05,13586,SANTO ANTONIO DA POSSE,ELEKTRO,02328280000197,FEC,2025,7,0.33000000
2026-10-05,13834,Sumare 4-Nova Aparecida,CPFL-PAULISTA,33050196000188,NumCon,2025,11,29933.00000000
2026-10-05,13586,SANTO ANTONIO DA POSSE,ELEKTRO,02328280000197,DEC,2025,4,0.19000000
2026-10-05,13826,Americana 4-Jardim,CPFL-PAULISTA,33050196000188,NumCon,2025,6,39484.00000000
2026-10-05,16440,Campinas 5-Andorinha,CPFL-PAULISTA,33050196000188,DEC,2025,5,0.27000000
2026-10-05,13808,Campinas 1-Centro,CPFL-PAULISTA,33050196000188,FEC,2025,5,0.02000000
2026-10-05,13807,Campinas 6-Taquaral,CPFL-PAULISTA,33050196000188,DEC,2025,2,0.16000000
2026-10-05,13834,Sumare 4-Nova Aparecida,CPFL-PAULISTA,33050196000188,FEC,2025,10,0.16000000
2026-10-05,13586,SANTO ANTONIO DA POSSE,ELEKTRO,02328280000197,DEC,2025,8,0.24000000
2026-10-05,13841,Rio das Pedras 1,CPFL-PAULISTA,33050196000188,NumCon,2025,6,13094.00000000
2026-10-05,16440,Campinas 5-Andorinha,CPFL-PAULISTA,33050196000188,DEC,2025,9,0.24000000
2026-10-05,13802,Valinhos 1,CPFL-PAULISTA,33050196000188,NumCon,2025,12,36654.00000000
2026-10-05,2922,JAGUARIUNA,CPFL JAGUARI,53859112000169,NumCon,2025,2,28454.00000000
2026-10-05,13836,Hortolandia 1,CPFL-PAULISTA,33050196000188,FEC,2025,2,0.35000000
2026-10-05,13807,Campinas 6-Taquaral,CPFL-PAULISTA,33050196000188,DEC,2025,8,0.19000000
2026-10-05,13832,Sumare 6-Orquidea,CPFL-PAULISTA,33050196000188,NumCon,2025,8,16665.00000000
2026-10-05,16440,Campinas 5-Andorinha,CPFL-PAULISTA,33050196000188,DEC,2025,3,0.45000000
2026-10-05,13841,Rio das Pedras 1,CPFL-PAULISTA,33050196000188,NumCon,2025,3,13035.00000000
2026-10-05,13836,Hortolandia 1,CPFL-PAULISTA,33050196000188,FEC,2025,9,0.46000000
2026-10-05,13457,ARTUR NOGUEIRA,ELEKTRO,02328280000197,NumCon,2025,3,33348.00000000
2026-10-05,13836,Hortolandia 1,CPFL-PAULISTA,33050196000188,FEC,2025,12,0.60000000
2026-10-05,13808,Campinas 1-Centro,CPFL-PAULISTA,33050196000188,FEC,2025,3,0.05000000
2026-10-05,16452,Monte Mor 1,CPFL-PAULISTA,33050196000188,DEC,2025,5,0.45000000
2026-10-05,13841,Rio das Pedras 1,CPFL-PAULISTA,33050196000188,NumCon,2025,12,13213.00000000
2026-10-05,16452,Monte Mor 1,CPFL-PAULISTA,33050196000188,DEC,2025,9,0.41000000
2026-10-05,13832,Sumare 6-Orquidea,CPFL-PAULISTA,33050196000188,NumCon,2025,4,16547.00000000
2026-10-05,13802,Valinhos 1,CPFL-PAULISTA,33050196000188,NumCon,2025,3,36393.00000000
2026-10-05,16452,Monte Mor 1,CPFL-PAULISTA,33050196000188,DEC,2025,10,0.29000000
2026-10-05,13841,Rio das Pedras 1,CPFL-PAULISTA,33050196000188,NumCon,2025,7,13093.00000000
2026-10-05,16452,Monte Mor 1,CPFL-PAULISTA,33050196000188,DEC,2025,12,0.60000000
2026-10-05,2922,JAGUARIUNA,CPFL JAGUARI,53859112000169,NumCon,2025,8,28805.00000000
2026-10-05,13834,Sumare 4-Nova Aparecida,CPFL-PAULISTA,33050196000188,NumCon,2025,10,29985.00000000
2026-10-05,2922,JAGUARIUNA,CPFL JAGUARI,53859112000169,NumCon,2025,4,28570.00000000
2026-10-05,13841,Rio das Pedras 1,CPFL-PAULISTA,33050196000188,NumCon,2025,2,13072.00000000
2026-10-05,13836,Hortolandia 1,CPFL-PAULISTA,33050196000188,FEC,2025,3,0.23000000
2026-10-05,13841,Rio das Pedras 1,CPFL-PAULISTA,33050196000188,NumCon,2025,5,13062.00000000
2026-10-05,13836,Hortolandia 1,CPFL-PAULISTA,33050196000188,FEC,2025,4,0.30000000
2026-10-05,13841,Rio das Pedras 1,CPFL-PAULISTA,33050196000188,NumCon,2025,4,13052.00000000
2026-10-05,13834,Sumare 4-Nova Aparecida,CPFL-PAULISTA,33050196000188,NumCon,2025,1,29800.00000000
2026-10-05,13834,Sumare 4-Nova Aparecida,CPFL-PAULISTA,33050196000188,NumCon,2025,6,29875.00000000
2026-10-05,13841,Rio das Pedras 1,CPFL-PAULISTA,33050196000188,DEC,2025,8,0.43000000
2026-10-05,13836,Hortolandia 1,CPFL-PAULISTA,33050196000188,FEC,2025,8,0.30000000
2026-10-05,13841,Rio das Pedras 1,CPFL-PAULISTA,33050196000188,NumCon,2025,11,13190.00000000
2026-10-05,13841,Rio das Pedras 1,CPFL-PAULISTA,33050196000188,NumCon,2025,9,13158.00000000
2026-10-05,13843,Piracicaba 4-Unileste,CPFL-PAULISTA,33050196000188,NumCon,2025,7,16001.00000000
2026-10-05,13836,Hortolandia 1,CPFL-PAULISTA,33050196000188,FEC,2025,11,0.21000000
2026-10-05,13843,Piracicaba 4-Unileste,CPFL-PAULISTA,33050196000188,NumCon,2025,5,15951.00000000
2026-10-05,16440,Campinas 5-Andorinha,CPFL-PAULISTA,33050196000188,DEC,2025,10,0.30000000
2026-10-05,13843,Piracicaba 4-Unileste,CPFL-PAULISTA,33050196000188,NumCon,2025,9,16062.00000000
2026-10-05,13843,Piracicaba 4-Unileste,CPFL-PAULISTA,33050196000188,NumCon,2025,11,16112.00000000
2026-10-05,13841,Rio das Pedras 1,CPFL-PAULISTA,33050196000188,DEC,2025,9,0.52000000
2026-10-05,2922,JAGUARIUNA,CPFL JAGUARI,53859112000169,FEC,2025,12,0.13000000
2026-10-05,13834,Sumare 4-Nova Aparecida,CPFL-PAULISTA,33050196000188,NumCon,2025,8,29894.00000000
2026-10-05,16440,Campinas 5-Andorinha,CPFL-PAULISTA,33050196000188,DEC,2025,4,0.28000000
2026-10-05,2922,JAGUARIUNA,CPFL JAGUARI,53859112000169,FEC,2025,3,0.13000000
2026-10-05,13834,Sumare 4-Nova Aparecida,CPFL-PAULISTA,33050196000188,FEC,2025,1,0.08000000
2026-10-05,2922,JAGUARIUNA,CPFL JAGUARI,53859112000169,FEC,2025,2,0.44000000
2026-10-05,13841,Rio das Pedras 1,CPFL-PAULISTA,33050196000188,NumCon,2025,8,13125.00000000
2026-10-05,13841,Rio das Pedras 1,CPFL-PAULISTA,33050196000188,DEC,2025,4,0.47000000
2026-10-05,13841,Rio das Pedras 1,CPFL-PAULISTA,33050196000188,DEC,2025,6,0.53000000
2026-10-05,13836,Hortolandia 1,CPFL-PAULISTA,33050196000188,FEC,2025,7,0.29000000
2026-10-05,13814,Campinas 15-Dic,CPFL-PAULISTA,33050196000188,NumCon,2025,8,22357.00000000
2026-10-05,13841,Rio das Pedras 1,CPFL-PAULISTA,33050196000188,NumCon,2025,10,13165.00000000
2026-10-05,13843,Piracicaba 4-Unileste,CPFL-PAULISTA,33050196000188,NumCon,2025,1,15863.00000000
2026-10-05,13802,Valinhos 1,CPFL-PAULISTA,33050196000188,NumCon,2025,4,36722.00000000
2026-10-05,13836,Hortolandia 1,CPFL-PAULISTA,33050196000188,FEC,2025,10,0.43000000
2026-10-05,13843,Piracicaba 4-Unileste,CPFL-PAULISTA,33050196000188,NumCon,2025,6,15978.00000000
2026-10-05,13834,Sumare 4-Nova Aparecida,CPFL-PAULISTA,33050196000188,FEC,2025,7,0.23000000
2026-10-05,16452,Monte Mor 1,CPFL-PAULISTA,33050196000188,DEC,2025,3,0.39000000
2026-10-05,13843,Piracicaba 4-Unileste,CPFL-PAULISTA,33050196000188,NumCon,2025,8,16065.00000000
2026-10-05,13834,Sumare 4-Nova Aparecida,CPFL-PAULISTA,33050196000188,FEC,2025,8,0.32000000
2026-10-05,13836,Hortolandia 1,CPFL-PAULISTA,33050196000188,FEC,2025,6,0.25000000
2026-10-05,13834,Sumare 4-Nova Aparecida,CPFL-PAULISTA,33050196000188,FEC,2025,6,0.33000000
2026-10-05,13836,Hortolandia 1,CPFL-PAULISTA,33050196000188,FEC,2025,1,0.30000000
2026-10-05,13457,ARTUR NOGUEIRA,ELEKTRO,02328280000197,NumCon,2025,8,33582.00000000
2026-10-05,13808,Campinas 1-Centro,CPFL-PAULISTA,33050196000188,FEC,2025,12,0.08000000
2026-10-05,13802,Valinhos 1,CPFL-PAULISTA,33050196000188,NumCon,2025,11,36605.00000000
2026-10-05,2922,JAGUARIUNA,CPFL JAGUARI,53859112000169,FEC,2025,10,0.19000000
2026-10-05,16440,Campinas 5-Andorinha,CPFL-PAULISTA,33050196000188,DEC,2025,2,0.35000000
2026-10-05,13808,Campinas 1-Centro,CPFL-PAULISTA,33050196000188,FEC,2025,4,0.02000000
2026-10-05,13843,Piracicaba 4-Unileste,CPFL-PAULISTA,33050196000188,NumCon,2025,10,16107.00000000
2026-10-05,16440,Campinas 5-Andorinha,CPFL-PAULISTA,33050196000188,DEC,2025,12,0.49000000
2026-10-05,13832,Sumare 6-Orquidea,CPFL-PAULISTA,33050196000188,NumCon,2025,11,16713.00000000
2026-10-05,13802,Valinhos 1,CPFL-PAULISTA,33050196000188,NumCon,2025,9,36657.00000000
2026-10-05,13821,Americana 5-Ipe,CPFL-PAULISTA,33050196000188,FEC,2025,2,0.19000000
2026-10-05,13814,Campinas 15-Dic,CPFL-PAULISTA,33050196000188,NumCon,2025,1,22227.00000000
2026-10-05,13457,ARTUR NOGUEIRA,ELEKTRO,02328280000197,NumCon,2025,9,33589.00000000
2026-10-05,13802,Valinhos 1,CPFL-PAULISTA,33050196000188,NumCon,2025,5,36489.00000000
2026-10-05,13586,SANTO ANTONIO DA POSSE,ELEKTRO,02328280000197,FEC,2025,11,0.12000000
2026-10-05,13796,Itatiba 2-Cruzeiro,CPFL-PAULISTA,33050196000188,FEC,2025,12,0.31000000
2026-10-05,13814,Campinas 15-Dic,CPFL-PAULISTA,33050196000188,NumCon,2025,2,22298.00000000
2026-10-05,13834,Sumare 4-Nova Aparecida,CPFL-PAULISTA,33050196000188,NumCon,2025,7,29874.00000000
2026-10-05,13808,Campinas 1-Centro,CPFL-PAULISTA,33050196000188,FEC,2025,8,0.03000000
2026-10-05,13834,Sumare 4-Nova Aparecida,CPFL-PAULISTA,33050196000188,NumCon,2025,2,29783.00000000
2026-10-05,13814,Campinas 15-Dic,CPFL-PAULISTA,33050196000188,NumCon,2025,12,22470.00000000
2026-10-05,13832,Sumare 6-Orquidea,CPFL-PAULISTA,33050196000188,FEC,2025,6,0.09000000
2026-10-05,13832,Sumare 6-Orquidea,CPFL-PAULISTA,33050196000188,NumCon,2025,3,16631.00000000
2026-10-05,13796,Itatiba 2-Cruzeiro,CPFL-PAULISTA,33050196000188,FEC,2025,10,0.39000000
2026-10-05,13843,Piracicaba 4-Unileste,CPFL-PAULISTA,33050196000188,NumCon,2025,2,15890.00000000
2026-10-05,13829,Santa Barbara 2-Barbarense,CPFL-PAULISTA,33050196000188,NumCon,2025,1,34771.00000000
2026-10-05,13586,SANTO ANTONIO DA POSSE,ELEKTRO,02328280000197,FEC,2025,1,0.30000000
2026-10-05,2922,JAGUARIUNA,CPFL JAGUARI,53859112000169,FEC,2025,7,0.20000000
2026-10-05,13821,Americana 5-Ipe,CPFL-PAULISTA,33050196000188,FEC,2025,1,0.16000000
2026-10-05,13832,Sumare 6-Orquidea,CPFL-PAULISTA,33050196000188,FEC,2025,7,0.05000000
2026-10-05,13829,Santa Barbara 2-Barbarense,CPFL-PAULISTA,33050196000188,NumCon,2025,6,34996.00000000
2026-10-05,13808,Campinas 1-Centro,CPFL-PAULISTA,33050196000188,FEC,2025,10,0.07000000
2026-10-05,13814,Campinas 15-Dic,CPFL-PAULISTA,33050196000188,NumCon,2025,3,22183.00000000
2026-10-05,16440,Campinas 5-Andorinha,CPFL-PAULISTA,33050196000188,DEC,2025,7,0.36000000
2026-10-05,13843,Piracicaba 4-Unileste,CPFL-PAULISTA,33050196000188,NumCon,2025,12,16161.00000000
2026-10-05,13457,ARTUR NOGUEIRA,ELEKTRO,02328280000197,NumCon,2025,2,33345.00000000
2026-10-05,13586,SANTO ANTONIO DA POSSE,ELEKTRO,02328280000197,FEC,2025,8,0.25000000
2026-10-05,13586,SANTO ANTONIO DA POSSE,ELEKTRO,02328280000197,FEC,2025,9,0.14000000
2026-10-05,2922,JAGUARIUNA,CPFL JAGUARI,53859112000169,FEC,2025,1,0.19000000
2026-10-05,13807,Campinas 6-Taquaral,CPFL-PAULISTA,33050196000188,NumCon,2025,8,33413.00000000
2026-10-05,16452,Monte Mor 1,CPFL-PAULISTA,33050196000188,DEC,2025,8,0.54000000
2026-10-05,13821,Americana 5-Ipe,CPFL-PAULISTA,33050196000188,FEC,2025,5,0.12000000
2026-10-05,2922,JAGUARIUNA,CPFL JAGUARI,53859112000169,FEC,2025,11,0.20000000
2026-10-05,13832,Sumare 6-Orquidea,CPFL-PAULISTA,33050196000188,NumCon,2025,5,16639.00000000
2026-10-05,16452,Monte Mor 1,CPFL-PAULISTA,33050196000188,DEC,2025,11,0.31000000
2026-10-05,16452,Monte Mor 1,CPFL-PAULISTA,33050196000188,DEC,2025,7,0.63000000
2026-10-05,16452,Monte Mor 1,CPFL-PAULISTA,33050196000188,DEC,2025,2,0.44000000
2026-10-05,16461,Santa Barbara Doeste 1,CPFL-PAULISTA,33050196000188,NumCon,2025,11,34609.00000000
2026-10-05,13832,Sumare 6-Orquidea,CPFL-PAULISTA,33050196000188,NumCon,2025,9,16685.00000000
2026-10-05,16452,Monte Mor 1,CPFL-PAULISTA,33050196000188,DEC,2025,6,0.56000000
2026-10-05,16452,Monte Mor 1,CPFL-PAULISTA,33050196000188,DEC,2025,1,0.63000000
2026-10-05,13796,Itatiba 2-Cruzeiro,CPFL-PAULISTA,33050196000188,FEC,2025,4,0.12000000
2026-10-05,13796,Itatiba 2-Cruzeiro,CPFL-PAULISTA,33050196000188,FEC,2025,5,0.13000000
2026-10-05,13457,ARTUR NOGUEIRA,ELEKTRO,02328280000197,NumCon,2025,10,33645.00000000
2026-10-05,13821,Americana 5-Ipe,CPFL-PAULISTA,33050196000188,FEC,2025,8,0.18000000
2026-10-05,13796,Itatiba 2-Cruzeiro,CPFL-PAULISTA,33050196000188,FEC,2025,3,0.32000000
2026-10-05,13829,Santa Barbara 2-Barbarense,CPFL-PAULISTA,33050196000188,NumCon,2025,8,35106.00000000
2026-10-05,13832,Sumare 6-Orquidea,CPFL-PAULISTA,33050196000188,FEC,2025,11,0.11000000
2026-10-05,13821,Americana 5-Ipe,CPFL-PAULISTA,33050196000188,FEC,2025,10,0.14000000
2026-10-05,16452,Monte Mor 1,CPFL-PAULISTA,33050196000188,DEC,2025,4,0.50000000
2026-10-05,13821,Americana 5-Ipe,CPFL-PAULISTA,33050196000188,FEC,2025,3,0.10000000
2026-10-05,13821,Americana 5-Ipe,CPFL-PAULISTA,33050196000188,FEC,2025,11,0.19000000
2026-10-05,13810,Campinas 12-Cidade Jardim,CPFL-PAULISTA,33050196000188,NumCon,2025,7,38392.00000000
2026-10-05,16440,Campinas 5-Andorinha,CPFL-PAULISTA,33050196000188,FEC,2025,2,0.32000000
2026-10-05,13810,Campinas 12-Cidade Jardim,CPFL-PAULISTA,33050196000188,NumCon,2025,2,37634.00000000
2026-10-05,13843,Piracicaba 4-Unileste,CPFL-PAULISTA,33050196000188,NumCon,2025,4,15813.00000000
2026-10-05,13814,Campinas 15-Dic,CPFL-PAULISTA,33050196000188,NumCon,2025,4,22133.00000000
2026-10-05,13843,Piracicaba 4-Unileste,CPFL-PAULISTA,33050196000188,NumCon,2025,3,15880.00000000
2026-10-05,13821,Americana 5-Ipe,CPFL-PAULISTA,33050196000188,FEC,2025,6,0.08000000
2026-10-05,13821,Americana 5-Ipe,CPFL-PAULISTA,33050196000188,FEC,2025,9,0.22000000
2026-10-05,13821,Americana 5-Ipe,CPFL-PAULISTA,33050196000188,FEC,2025,7,0.08000000
2026-10-05,13586,SANTO ANTONIO DA POSSE,ELEKTRO,02328280000197,DEC,2025,5,0.32000000
2026-10-05,16441,Campinas 7-Tanquinho,CPFL-PAULISTA,33050196000188,NumCon,2025,1,27177.00000000
2026-10-05,16441,Campinas 7-Tanquinho,CPFL-PAULISTA,33050196000188,NumCon,2025,3,26772.00000000
2026-10-05,13843,Piracicaba 4-Unileste,CPFL-PAULISTA,33050196000188,DEC,2025,6,0.39000000
2026-10-05,16441,Campinas 7-Tanquinho,CPFL-PAULISTA,33050196000188,NumCon,2025,5,27346.00000000
2026-10-05,16441,Campinas 7-Tanquinho,CPFL-PAULISTA,33050196000188,NumCon,2025,6,27372.00000000
2026-10-05,16441,Campinas 7-Tanquinho,CPFL-PAULISTA,33050196000188,NumCon,2025,9,27482.00000000
2026-10-05,13843,Piracicaba 4-Unileste,CPFL-PAULISTA,33050196000188,DEC,2025,4,0.29000000
2026-10-05,13586,SANTO ANTONIO DA POSSE,ELEKTRO,02328280000197,DEC,2025,1,0.47000000
2026-10-05,13796,Itatiba 2-Cruzeiro,CPFL-PAULISTA,33050196000188,NumCon,2025,7,19571.00000000
2026-10-05,13809,Campinas 10-Chapadão,CPFL-PAULISTA,33050196000188,NumCon,2025,7,10729.00000000
2026-10-05,13586,SANTO ANTONIO DA POSSE,ELEKTRO,02328280000197,DEC,2025,7,0.37000000
2026-10-05,16441,Campinas 7-Tanquinho,CPFL-PAULISTA,33050196000188,NumCon,2025,4,27060.00000000
2026-10-05,13809,Campinas 10-Chapadão,CPFL-PAULISTA,33050196000188,NumCon,2025,10,10717.00000000
2026-10-05,16441,Campinas 7-Tanquinho,CPFL-PAULISTA,33050196000188,NumCon,2025,12,27622.00000000
2026-10-05,13586,SANTO ANTONIO DA POSSE,ELEKTRO,02328280000197,DEC,2025,12,0.51000000
2026-10-05,13586,SANTO ANTONIO DA POSSE,ELEKTRO,02328280000197,DEC,2025,3,0.52000000
2026-10-05,2922,JAGUARIUNA,CPFL JAGUARI,53859112000169,FEC,2025,5,0.15000000
2026-10-05,16441,Campinas 7-Tanquinho,CPFL-PAULISTA,33050196000188,NumCon,2025,2,27126.00000000
2026-10-05,16441,Campinas 7-Tanquinho,CPFL-PAULISTA,33050196000188,NumCon,2025,10,27543.00000000
2026-10-05,16441,Campinas 7-Tanquinho,CPFL-PAULISTA,33050196000188,NumCon,2025,7,27468.00000000
2026-10-05,13843,Piracicaba 4-Unileste,CPFL-PAULISTA,33050196000188,DEC,2025,2,0.79000000
2026-10-05,13843,Piracicaba 4-Unileste,CPFL-PAULISTA,33050196000188,DEC,2025,11,0.47000000
2026-10-05,16441,Campinas 7-Tanquinho,CPFL-PAULISTA,33050196000188,NumCon,2025,8,27438.00000000
2026-10-05,13843,Piracicaba 4-Unileste,CPFL-PAULISTA,33050196000188,DEC,2025,8,0.26000000
2026-10-05,16441,Campinas 7-Tanquinho,CPFL-PAULISTA,33050196000188,NumCon,2025,11,27559.00000000
2026-10-05,2922,JAGUARIUNA,CPFL JAGUARI,53859112000169,FEC,2025,4,0.36000000
2026-10-05,2922,JAGUARIUNA,CPFL JAGUARI,53859112000169,FEC,2025,9,0.19000000
2026-10-05,13540,MOGI MIRIM UM,ELEKTRO,02328280000197,DEC,2025,6,0.17000000
2026-10-05,13457,ARTUR NOGUEIRA,ELEKTRO,02328280000197,FEC,2025,12,0.37000000
2026-10-05,13829,Santa Barbara 2-Barbarense,CPFL-PAULISTA,33050196000188,NumCon,2025,3,34879.00000000
2026-10-05,13796,Itatiba 2-Cruzeiro,CPFL-PAULISTA,33050196000188,NumCon,2025,5,19506.00000000
2026-10-05,13835,Sumare 3-Quilombo,CPFL-PAULISTA,33050196000188,NumCon,2025,2,39217.00000000
2026-10-05,2922,JAGUARIUNA,CPFL JAGUARI,53859112000169,FEC,2025,6,0.44000000
2026-10-05,13457,ARTUR NOGUEIRA,ELEKTRO,02328280000197,FEC,2025,5,0.10000000
2026-10-05,13820,Cosmopolis 1,CPFL-PAULISTA,33050196000188,NumCon,2025,6,24884.00000000
2026-10-05,13457,ARTUR NOGUEIRA,ELEKTRO,02328280000197,FEC,2025,2,0.12000000
2026-10-05,13796,Itatiba 2-Cruzeiro,CPFL-PAULISTA,33050196000188,NumCon,2025,11,19795.00000000
2026-10-05,13809,Campinas 10-Chapadão,CPFL-PAULISTA,33050196000188,NumCon,2025,8,10732.00000000
2026-10-05,13796,Itatiba 2-Cruzeiro,CPFL-PAULISTA,33050196000188,NumCon,2025,9,19703.00000000
2026-10-05,13829,Santa Barbara 2-Barbarense,CPFL-PAULISTA,33050196000188,NumCon,2025,12,35341.00000000
2026-10-05,13829,Santa Barbara 2-Barbarense,CPFL-PAULISTA,33050196000188,NumCon,2025,2,34888.00000000
2026-10-05,13826,Americana 4-Jardim,CPFL-PAULISTA,33050196000188,NumCon,2025,7,39602.00000000
2026-10-05,13826,Americana 4-Jardim,CPFL-PAULISTA,33050196000188,NumCon,2025,2,39216.00000000
2026-10-05,13809,Campinas 10-Chapadão,CPFL-PAULISTA,33050196000188,NumCon,2025,1,10717.00000000
2026-10-05,13820,Cosmopolis 1,CPFL-PAULISTA,33050196000188,NumCon,2025,8,24951.00000000
2026-10-05,13809,Campinas 10-Chapadão,CPFL-PAULISTA,33050196000188,NumCon,2025,12,10717.00000000
2026-10-05,13809,Campinas 10-Chapadão,CPFL-PAULISTA,33050196000188,NumCon,2025,3,10707.00000000
2026-10-05,13835,Sumare 3-Quilombo,CPFL-PAULISTA,33050196000188,NumCon,2025,12,39440.00000000
2026-10-05,13796,Itatiba 2-Cruzeiro,CPFL-PAULISTA,33050196000188,NumCon,2025,8,19585.00000000
2026-10-05,13835,Sumare 3-Quilombo,CPFL-PAULISTA,33050196000188,NumCon,2025,3,39081.00000000
2026-10-05,13809,Campinas 10-Chapadão,CPFL-PAULISTA,33050196000188,NumCon,2025,2,10733.00000000
2026-10-05,13835,Sumare 3-Quilombo,CPFL-PAULISTA,33050196000188,NumCon,2025,4,38981.00000000
2026-10-05,13820,Cosmopolis 1,CPFL-PAULISTA,33050196000188,NumCon,2025,11,24999.00000000
2026-10-05,13809,Campinas 10-Chapadão,CPFL-PAULISTA,33050196000188,NumCon,2025,11,10707.00000000
2026-10-05,13820,Cosmopolis 1,CPFL-PAULISTA,33050196000188,NumCon,2025,5,24851.00000000
2026-10-05,13835,Sumare 3-Quilombo,CPFL-PAULISTA,33050196000188,NumCon,2025,5,39170.00000000
2026-10-05,13809,Campinas 10-Chapadão,CPFL-PAULISTA,33050196000188,NumCon,2025,9,10708.00000000
2026-10-05,13820,Cosmopolis 1,CPFL-PAULISTA,33050196000188,NumCon,2025,9,24952.00000000
2026-10-05,13826,Americana 4-Jardim,CPFL-PAULISTA,33050196000188,NumCon,2025,10,40102.00000000
2026-10-05,13820,Cosmopolis 1,CPFL-PAULISTA,33050196000188,NumCon,2025,10,24968.00000000
2026-10-05,13796,Itatiba 2-Cruzeiro,CPFL-PAULISTA,33050196000188,NumCon,2025,10,19776.00000000
2026-10-05,13809,Campinas 10-Chapadão,CPFL-PAULISTA,33050196000188,NumCon,2025,4,10716.00000000
2026-10-05,13820,Cosmopolis 1,CPFL-PAULISTA,33050196000188,NumCon,2025,7,24931.00000000
2026-10-05,13826,Americana 4-Jardim,CPFL-PAULISTA,33050196000188,NumCon,2025,11,40112.00000000
2026-10-05,13809,Campinas 10-Chapadão,CPFL-PAULISTA,33050196000188,NumCon,2025,5,10732.00000000
2026-10-05,13835,Sumare 3-Quilombo,CPFL-PAULISTA,33050196000188,NumCon,2025,6,39104.00000000
2026-10-05,13809,Campinas 10-Chapadão,CPFL-PAULISTA,33050196000188,NumCon,2025,6,10733.00000000
2026-10-05,13835,Sumare 3-Quilombo,CPFL-PAULISTA,33050196000188,NumCon,2025,1,39169.00000000
2026-10-05,13835,Sumare 3-Quilombo,CPFL-PAULISTA,33050196000188,NumCon,2025,8,39043.00000000
2026-10-05,13829,Santa Barbara 2-Barbarense,CPFL-PAULISTA,33050196000188,NumCon,2025,11,35181.00000000
2026-10-05,13829,Santa Barbara 2-Barbarense,CPFL-PAULISTA,33050196000188,NumCon,2025,7,35119.00000000
2026-10-05,13829,Santa Barbara 2-Barbarense,CPFL-PAULISTA,33050196000188,NumCon,2025,4,34753.00000000
2026-10-05,13835,Sumare 3-Quilombo,CPFL-PAULISTA,33050196000188,NumCon,2025,10,39355.00000000
2026-10-05,13826,Americana 4-Jardim,CPFL-PAULISTA,33050196000188,NumCon,2025,9,40034.00000000
2026-10-05,13835,Sumare 3-Quilombo,CPFL-PAULISTA,33050196000188,NumCon,2025,7,39083.00000000
2026-10-05,13829,Santa Barbara 2-Barbarense,CPFL-PAULISTA,33050196000188,NumCon,2025,5,34969.00000000
2026-10-05,13829,Santa Barbara 2-Barbarense,CPFL-PAULISTA,33050196000188,NumCon,2025,9,35151.00000000
2026-10-05,13826,Americana 4-Jardim,CPFL-PAULISTA,33050196000188,NumCon,2025,4,39089.00000000
2026-10-05,13826,Americana 4-Jardim,CPFL-PAULISTA,33050196000188,NumCon,2025,5,39413.00000000
